frame_id,track_id,x,y,w,h,score,timestamp
11,30,337.3,54.2,36.7,94.1,0.83,1.0
12,30,340.0,48.6,39.4,96.6,0.95,1.1
13,30,343.1,46.0,41.3,97.6,0.91,1.2
14,30,341.1,52.4,39.8,95.2,0.87,1.3
15,30,339.6,47.8,43.3,101.3,0.91,1.4
16,30,342.7,51.2,39.4,101.1,0.86,1.5
17,30,342.3,48.9,41.0,98.3,0.91,1.6
18,30,345.1,48.9,43.8,97.7,0.91,1.7
19,30,345.4,44.1,40.1,99.0,0.97,1.8
20,30,352.7,47.5,38.5,94.3,0.86,1.9
21,1,520.2,40.0,34.6,92.3,0.93,2.0
21,30,350.5,48.7,40.2,95.2,0.98,2.0
22,1,520.7,42.2,37.9,90.6,0.86,2.1
22,30,351.3,49.4,35.5,98.6,0.9,2.1
23,1,517.3,40.6,39.2,92.0,0.88,2.2
23,30,347.2,50.4,42.0,96.8,0.93,2.2
24,1,518.3,38.3,39.9,95.1,0.87,2.3
24,30,356.0,49.2,35.1,94.3,0.82,2.3
25,1,519.3,41.5,37.5,92.1,0.95,2.4
25,30,360.0,44.4,36.6,99.4,0.88,2.4
26,1,522.0,38.1,38.9,94.4,0.99,2.5
26,30,357.1,49.5,36.0,93.8,0.83,2.5
27,1,520.6,41.1,33.1,90.9,0.84,2.6
27,30,354.8,51.1,34.6,93.8,0.9,2.6
28,1,518.8,42.3,38.5,92.0,0.85,2.7
28,30,346.3,48.2,43.3,97.8,0.98,2.7
29,1,520.1,41.1,35.5,90.9,0.84,2.8
29,30,363.6,51.8,35.3,95.5,0.84,2.8
30,1,517.1,38.6,37.5,95.1,0.99,2.9
30,30,370.3,50.6,37.8,94.8,0.94,2.9
31,1,518.9,41.1,39.4,92.5,0.84,3.0
31,10,866.4,126.1,51.6,124.9,0.89,3.0
31,30,358.4,53.2,40.5,95.1,0.85,3.0
32,1,516.5,36.5,39.8,96.7,0.91,3.1
32,10,868.3,124.7,52.5,123.0,0.88,3.1
32,30,367.2,45.9,35.2,92.2,0.98,3.1
33,1,519.5,42.6,36.5,90.6,0.84,3.2
33,10,868.3,124.2,52.2,124.2,0.95,3.2
33,30,371.5,45.3,42.5,98.5,0.83,3.2
34,1,521.9,37.0,34.4,96.2,0.9,3.3
34,10,871.2,127.3,45.2,122.0,0.89,3.3
34,30,362.6,40.2,43.3,98.7,0.83,3.3
35,1,519.3,44.6,39.1,88.4,0.93,3.4
35,10,875.2,128.1,42.4,120.7,0.87,3.4
35,30,375.6,42.6,35.2,97.1,0.93,3.4
36,1,516.5,37.8,42.8,95.8,0.82,3.5
36,10,868.2,128.2,49.9,122.7,0.84,3.5
36,11,827.6,145.5,53.7,128.5,0.94,3.5
36,30,366.5,54.4,38.2,92.2,0.95,3.5
37,1,518.1,38.8,34.8,93.7,0.82,3.6
37,10,864.5,124.8,52.4,124.8,0.9,3.6
37,11,826.9,149.0,48.8,128.0,0.94,3.6
37,30,382.0,47.5,36.0,94.1,0.83,3.6
38,1,519.1,39.1,36.6,93.0,0.88,3.7
38,10,866.1,124.6,52.1,124.1,0.94,3.7
38,11,829.1,145.0,54.4,129.4,0.89,3.7
38,30,371.3,47.7,41.7,95.6,0.84,3.7
39,1,520.7,44.7,31.8,90.0,0.88,3.8
39,10,866.1,128.3,51.4,123.6,0.97,3.8
39,11,833.2,146.3,48.8,129.1,0.91,3.8
39,30,379.2,41.0,35.7,94.4,0.9,3.8
40,1,515.2,40.9,41.4,93.2,0.88,3.9
40,10,865.3,127.3,52.2,123.6,0.87,3.9
40,11,833.1,150.6,46.9,125.4,0.85,3.9
40,30,369.3,45.9,36.0,94.6,0.91,3.9
41,1,517.4,39.5,35.6,93.1,0.88,4.0
41,10,871.6,123.9,43.9,123.1,0.98,4.0
41,11,831.1,144.6,46.5,128.9,0.86,4.0
41,12,837.8,128.8,45.7,122.9,0.83,4.0
41,20,309.3,94.2,51.1,117.4,0.93,4.0
41,21,1080.6,105.0,44.1,115.1,0.92,4.0
41,30,380.5,45.5,41.4,94.9,0.95,4.0
42,1,518.2,41.0,39.4,92.6,0.8,4.1
42,10,868.1,125.4,51.8,121.6,0.96,4.1
42,11,826.8,151.8,55.1,125.5,0.99,4.1
42,12,834.7,131.9,43.3,121.7,0.9,4.1
42,20,304.0,105.7,46.6,114.1,0.89,4.1
42,21,1081.7,95.5,49.4,116.0,0.95,4.1
42,30,381.2,48.5,39.5,93.8,0.87,4.1
43,1,519.9,39.4,37.8,94.4,0.9,4.2
43,10,868.2,126.9,52.2,121.8,0.94,4.2
43,11,826.0,147.7,55.0,128.7,0.94,4.2
43,12,836.4,128.5,48.6,123.3,0.86,4.2
43,20,308.7,103.8,43.1,111.3,0.96,4.2
43,21,1073.1,103.5,41.8,113.2,0.86,4.2
43,30,387.8,47.0,35.2,93.3,0.84,4.2
44,1,516.3,37.3,42.7,95.0,0.8,4.3
44,10,869.7,128.4,46.4,118.9,0.94,4.3
44,11,823.5,147.8,57.2,129.3,0.95,4.3
44,12,828.4,128.4,53.6,121.4,0.88,4.3
44,20,309.8,102.3,44.7,115.5,0.92,4.3
44,21,1077.6,103.9,44.3,114.0,0.92,4.3
44,30,383.1,43.7,40.4,95.8,0.91,4.3
45,1,522.0,38.9,35.1,93.7,0.91,4.4
45,10,870.3,128.5,46.0,123.0,0.82,4.4
45,11,828.8,143.8,53.6,129.2,0.89,4.4
45,12,831.0,125.5,45.2,125.4,0.84,4.4
45,20,307.2,101.9,45.3,116.2,0.92,4.4
45,21,1068.7,104.0,44.9,112.5,0.92,4.4
45,30,385.7,44.5,39.0,91.0,0.91,4.4
46,1,515.8,39.6,41.3,92.0,0.95,4.5
46,10,865.5,129.9,50.9,118.8,0.94,4.5
46,11,827.8,148.8,52.9,128.7,0.88,4.5
46,12,828.5,130.5,52.1,119.9,0.87,4.5
46,13,861.2,137.9,52.3,124.8,0.86,4.5
46,20,313.7,100.0,46.1,116.0,0.93,4.5
46,21,1066.2,101.2,47.9,114.9,0.95,4.5
46,30,390.6,47.5,38.0,90.6,0.82,4.5
47,1,516.7,39.1,39.0,94.3,0.79,4.6
47,10,872.4,128.4,43.3,122.3,0.94,4.6
47,11,824.8,142.6,53.9,130.8,0.97,4.6
47,12,835.9,126.0,43.6,121.1,0.89,4.6
47,13,861.8,139.8,44.7,126.5,0.94,4.6
47,20,316.3,102.7,45.9,115.2,0.93,4.6
47,21,1066.5,105.3,50.3,114.6,0.88,4.6
47,30,386.8,42.9,37.8,94.6,0.84,4.6
48,1,520.4,38.7,35.2,95.0,0.93,4.7
48,10,860.0,132.0,54.6,121.8,0.91,4.7
48,11,830.4,149.0,48.4,130.9,0.93,4.7
48,12,830.4,125.8,47.2,124.2,0.89,4.7
48,13,859.4,144.1,53.0,126.8,0.93,4.7
48,20,320.4,106.1,40.3,114.3,0.99,4.7
48,21,1069.1,100.4,40.9,112.8,0.96,4.7
48,30,382.0,42.2,42.5,96.2,0.83,4.7
49,1,519.9,41.5,34.8,91.5,0.94,4.8
49,10,868.1,126.5,52.2,124.6,0.89,4.8
49,11,826.8,148.8,52.8,127.9,0.88,4.8
49,12,832.8,130.7,48.1,119.4,0.91,4.8
49,13,857.2,144.8,51.9,127.3,0.86,4.8
49,20,329.7,100.9,42.6,112.7,0.89,4.8
49,21,1063.0,99.7,46.8,114.1,0.94,4.8
49,30,394.4,39.3,35.0,97.3,0.92,4.8
50,1,517.8,36.2,43.2,96.2,0.89,4.9
50,10,868.9,125.2,47.3,121.1,0.9,4.9
50,11,831.6,146.0,47.7,128.3,0.93,4.9
50,12,833.5,129.2,45.8,120.4,0.94,4.9
50,13,858.0,142.3,53.4,123.7,0.79,4.9
50,20,328.1,100.5,48.7,116.4,0.9,4.9
50,21,1057.8,103.8,46.2,116.1,0.78,4.9
50,30,394.9,42.1,39.3,95.0,0.89,4.9
51,1,521.5,37.5,35.6,94.5,0.84,5.0
51,2,339.9,175.0,53.7,137.9,0.99,5.0
51,10,868.3,127.6,52.5,121.1,0.87,5.0
51,11,832.5,148.2,45.5,126.4,0.91,5.0
51,12,831.0,128.6,45.1,121.5,0.89,5.0
51,13,859.2,139.0,57.1,130.3,0.83,5.0
51,14,855.3,117.1,42.1,115.8,0.93,5.0
51,20,325.8,104.7,46.3,113.8,0.81,5.0
51,21,1066.4,99.4,42.1,114.0,0.9,5.0
51,30,386.4,45.3,35.8,96.0,0.98,5.0
52,1,518.7,38.4,38.1,93.9,0.9,5.1
52,2,340.6,176.6,55.3,138.2,0.86,5.1
52,10,871.5,127.6,45.6,121.8,0.86,5.1
52,11,825.7,143.5,56.8,128.7,0.98,5.1
52,12,829.2,125.5,54.6,124.9,0.85,5.1
52,13,860.9,141.3,52.7,124.6,0.92,5.1
52,14,856.6,113.5,51.3,117.6,0.89,5.1
52,20,327.4,98.8,46.9,113.2,0.86,5.1
52,21,1062.2,105.2,42.9,114.9,0.88,5.1
52,30,394.8,45.8,35.3,93.9,0.9,5.1
53,1,517.6,39.6,36.7,93.8,0.97,5.2
53,2,334.6,179.4,61.6,141.7,0.98,5.2
53,10,869.1,125.2,48.9,123.1,0.93,5.2
53,11,825.4,146.5,58.7,131.0,0.86,5.2
53,12,833.9,127.4,46.5,124.5,0.85,5.2
53,13,859.6,141.6,54.6,123.7,0.88,5.2
53,14,849.1,116.9,49.4,117.0,0.95,5.2
53,20,334.0,104.3,43.1,109.9,0.92,5.2
53,21,1061.1,101.4,41.3,111.6,0.98,5.2
53,30,399.4,39.2,39.2,95.8,0.95,5.2
54,1,519.9,41.4,35.0,91.4,0.9,5.3
54,2,348.8,170.4,48.6,137.3,0.89,5.3
54,10,872.2,124.5,45.8,123.0,0.86,5.3
54,11,827.3,148.9,55.4,129.0,0.96,5.3
54,12,834.8,128.5,47.6,121.3,0.89,5.3
54,13,859.2,141.4,49.2,125.9,0.93,5.3
54,14,857.6,114.9,45.4,121.0,0.96,5.3
54,20,344.1,99.4,43.5,114.2,0.92,5.3
54,21,1048.5,92.8,50.2,116.1,0.87,5.3
54,30,393.2,43.1,38.5,96.5,0.96,5.3
55,1,518.1,38.2,41.4,95.1,0.83,5.4
55,2,338.8,175.2,60.2,139.8,0.9,5.4
55,10,873.8,133.8,49.4,120.3,0.86,5.4
55,11,827.7,144.7,57.3,130.8,0.93,5.4
55,12,831.6,131.0,43.1,122.7,0.94,5.4
55,13,857.5,139.9,52.5,129.7,0.9,5.4
55,14,855.5,116.9,49.3,116.2,0.85,5.4
55,20,338.2,102.8,40.5,113.8,0.85,5.4
55,21,1053.3,104.7,47.1,112.9,0.85,5.4
55,30,402.4,37.9,42.0,99.1,0.93,5.4
56,1,520.5,43.6,37.9,89.1,0.84,5.5
56,2,340.3,176.5,54.3,139.2,0.89,5.5
56,10,875.0,131.2,44.0,121.1,0.96,5.5
56,11,827.3,144.4,52.2,130.3,0.92,5.5
56,12,831.5,130.7,52.8,118.5,0.93,5.5
56,13,862.2,141.5,44.1,125.5,0.86,5.5
56,14,857.9,120.4,48.4,114.7,0.86,5.5
56,20,342.2,97.4,50.4,115.5,0.91,5.5
56,21,1053.5,103.0,45.1,112.9,0.86,5.5
56,30,397.7,50.7,32.2,90.0,0.93,5.5
57,1,520.0,40.3,35.3,92.4,0.87,5.6
57,2,341.1,176.7,53.0,138.2,0.99,5.6
57,10,870.6,126.0,44.7,126.1,0.99,5.6
57,11,828.5,145.2,45.8,130.0,0.86,5.6
57,12,833.9,128.8,47.2,124.4,0.93,5.6
57,13,858.9,143.0,49.4,126.5,0.91,5.6
57,14,855.5,116.1,46.8,119.0,0.99,5.6
57,20,328.5,104.4,51.3,115.9,0.85,5.6
57,21,1044.4,96.1,49.8,114.8,0.91,5.6
57,30,399.3,44.0,35.9,93.2,0.9,5.6
58,1,518.6,37.8,35.2,93.2,0.93,5.7
58,2,345.2,177.5,50.7,136.0,0.85,5.7
58,10,866.6,125.9,52.6,121.0,0.95,5.7
58,11,830.0,150.8,50.4,128.5,0.86,5.7
58,12,839.0,126.0,44.0,125.5,0.85,5.7
58,13,856.0,142.3,56.3,127.4,0.89,5.7
58,14,852.6,111.3,53.4,122.0,0.9,5.7
58,20,341.2,104.8,45.6,113.6,0.99,5.7
58,21,1041.5,96.5,51.5,115.5,0.87,5.7
58,30,399.2,42.1,40.3,94.6,0.87,5.7
59,1,517.5,37.7,38.3,93.8,0.89,5.8
59,2,327.9,183.6,62.3,140.9,0.93,5.8
59,10,874.7,132.7,44.1,119.3,0.93,5.8
59,11,830.1,148.4,52.4,125.5,0.92,5.8
59,12,834.7,124.8,49.5,123.9,0.86,5.8
59,13,863.8,141.0,48.8,125.4,0.85,5.8
59,14,860.1,114.2,44.1,120.7,0.76,5.8
59,20,347.8,106.6,41.8,112.4,0.89,5.8
59,21,1041.7,98.3,48.3,113.3,0.97,5.8
59,30,403.2,43.0,33.4,92.0,0.86,5.8
60,1,522.2,36.6,34.7,95.0,0.83,5.9
60,2,339.0,176.4,51.3,139.3,0.87,5.9
60,10,866.4,125.9,53.4,121.7,0.84,5.9
60,11,828.5,149.2,46.0,126.2,0.89,5.9
60,12,829.2,127.8,55.1,122.7,0.91,5.9
60,13,857.5,138.6,56.4,127.7,0.91,5.9
60,14,856.3,111.2,50.0,120.1,0.98,5.9
60,20,344.1,100.6,50.4,113.4,0.99,5.9
60,21,1044.5,105.3,41.1,112.4,0.9,5.9
60,30,403.3,41.3,34.9,95.9,0.81,5.9
61,1,518.3,39.4,37.4,94.9,0.97,6.0
61,2,333.3,177.3,57.1,138.5,0.82,6.0
61,10,868.6,124.8,46.3,121.6,0.9,6.0
61,11,828.4,146.1,57.2,129.2,0.83,6.0
61,12,835.5,134.3,44.2,120.1,0.85,6.0
61,13,860.8,139.7,52.4,127.2,0.92,6.0
61,14,854.8,115.7,42.8,117.3,0.88,6.0
61,20,344.6,99.0,42.6,114.1,0.85,6.0
61,21,1039.4,102.1,44.6,112.6,0.88,6.0
61,30,404.9,42.8,39.3,94.7,0.98,6.0
61,31,176.1,258.0,74.3,166.0,0.9,6.0
62,1,516.4,38.2,41.9,95.5,0.91,6.1
62,2,334.9,177.9,59.3,136.2,0.94,6.1
62,10,872.3,126.7,46.2,120.0,0.86,6.1
62,11,828.9,145.5,54.9,129.9,0.89,6.1
62,12,834.3,129.6,46.4,119.8,0.96,6.1
62,13,862.1,140.4,45.2,127.0,0.94,6.1
62,14,857.3,115.2,51.2,118.9,0.92,6.1
62,20,352.4,101.5,45.9,112.4,0.87,6.1
62,21,1039.1,104.7,46.9,114.2,0.85,6.1
62,30,406.0,39.1,36.3,95.5,0.97,6.1
62,31,183.6,260.9,63.8,160.3,0.93,6.1
63,1,516.5,39.8,40.8,92.7,0.88,6.2
63,2,341.3,177.1,56.9,139.7,0.81,6.2
63,10,867.9,125.4,52.1,122.9,0.93,6.2
63,11,833.6,145.0,46.5,127.5,0.91,6.2
63,12,831.5,132.6,44.5,122.0,0.93,6.2
63,13,857.6,140.9,48.5,126.3,0.89,6.2
63,14,858.1,115.9,46.2,117.4,0.98,6.2
63,20,349.1,101.0,45.0,115.2,0.99,6.2
63,21,1035.0,99.8,41.4,115.4,0.87,6.2
63,30,411.1,45.5,35.5,91.5,0.94,6.2
63,31,183.0,257.4,73.1,164.4,0.84,6.2
64,1,519.7,38.8,34.6,93.6,0.87,6.3
64,2,342.8,175.6,57.9,134.6,0.76,6.3
64,10,862.8,129.4,54.3,121.0,0.92,6.3
64,11,829.5,141.9,58.9,131.5,0.94,6.3
64,12,833.1,128.8,49.9,123.4,0.92,6.3
64,13,859.9,140.3,54.7,127.3,0.89,6.3
64,14,854.9,113.4,52.9,118.0,0.96,6.3
64,20,362.0,97.7,42.9,118.0,0.87,6.3
64,21,1037.8,101.2,43.9,114.4,0.92,6.3
64,30,405.7,38.7,36.3,96.8,0.96,6.3
64,31,190.0,251.2,58.7,164.8,0.94,6.3
65,1,522.1,39.2,37.5,91.4,0.85,6.4
65,2,348.0,171.5,54.0,140.4,0.94,6.4
65,10,868.0,130.5,49.0,121.1,0.86,6.4
65,11,833.9,151.4,46.2,123.8,0.8,6.4
65,12,829.3,128.6,53.5,123.2,0.86,6.4
65,13,865.8,140.0,44.3,126.5,0.96,6.4
65,14,857.1,111.9,50.8,123.0,0.82,6.4
65,20,349.1,102.6,49.3,117.3,0.92,6.4
65,21,1019.8,98.6,47.4,113.1,0.93,6.4
65,30,408.2,42.7,36.6,93.9,0.91,6.4
65,31,190.6,254.4,57.7,163.0,0.98,6.4
66,1,522.1,43.4,34.0,89.6,0.99,6.5
66,2,345.3,180.8,49.9,137.9,0.99,6.5
66,10,866.2,128.4,48.2,120.2,0.99,6.5
66,11,827.1,141.6,55.5,133.7,0.96,6.5
66,12,828.3,129.3,52.3,122.8,0.92,6.5
66,13,858.4,141.4,52.2,123.6,0.9,6.5
66,14,856.5,117.0,46.7,117.1,0.85,6.5
66,20,354.6,103.9,44.6,116.5,0.85,6.5
66,21,1028.0,100.0,47.8,112.3,0.91,6.5
66,30,423.4,37.3,37.4,90.5,0.99,6.5
66,31,189.0,257.9,62.0,159.9,0.81,6.5
67,1,520.5,35.4,35.6,95.6,0.94,6.6
67,2,340.1,179.4,59.8,133.7,0.81,6.6
67,10,865.3,122.9,44.7,123.0,0.92,6.6
67,11,830.9,145.4,49.6,131.4,0.88,6.6
67,12,828.6,125.8,50.8,124.9,0.86,6.6
67,13,860.5,142.3,48.5,129.0,0.81,6.6
67,14,851.8,119.7,49.9,114.0,0.81,6.6
67,20,359.8,104.6,47.5,111.6,0.89,6.6
67,21,1029.8,102.6,48.0,116.5,0.86,6.6
67,30,410.6,39.6,40.3,94.9,0.85,6.6
67,31,190.3,250.6,57.5,161.3,0.9,6.6
68,1,518.8,36.2,40.4,95.9,0.91,6.7
68,2,338.9,174.9,57.7,139.4,0.91,6.7
68,10,873.3,134.0,48.9,120.0,0.77,6.7
68,11,832.2,150.7,50.8,128.0,0.88,6.7
68,12,834.4,128.2,42.0,116.9,0.83,6.7
68,13,858.6,141.6,55.3,124.4,0.95,6.7
68,14,854.2,114.9,52.4,120.8,0.86,6.7
68,20,374.6,98.3,41.3,113.5,0.81,6.7
68,21,1018.3,97.8,47.6,112.7,0.97,6.7
68,30,413.8,42.7,39.0,93.2,0.94,6.7
68,31,201.0,243.2,67.8,162.1,0.91,6.7
69,1,520.5,43.5,36.9,89.2,0.85,6.8
69,2,341.5,178.2,50.6,137.0,0.83,6.8
69,10,866.3,122.8,54.6,125.6,0.92,6.8
69,11,831.5,151.2,48.8,128.2,0.86,6.8
69,12,833.2,128.7,45.7,121.0,0.9,6.8
69,13,857.4,140.8,51.6,123.2,0.91,6.8
69,14,858.5,115.4,43.6,119.5,0.94,6.8
69,20,363.9,105.5,43.5,109.5,0.87,6.8
69,21,1018.0,99.1,46.5,113.2,0.94,6.8
69,30,418.0,39.3,38.2,92.8,0.94,6.8
69,31,199.6,247.7,67.2,164.4,0.95,6.8
70,1,521.3,38.9,40.3,93.5,0.93,6.9
70,2,329.3,177.1,55.9,142.4,0.83,6.9
70,10,865.2,128.5,55.1,123.2,0.89,6.9
70,11,828.6,149.2,53.4,128.9,0.87,6.9
70,12,830.8,124.9,50.9,126.6,0.99,6.9
70,13,861.1,140.6,45.0,128.1,0.85,6.9
70,14,858.2,114.2,43.2,114.9,0.96,6.9
70,20,364.8,108.4,42.3,115.5,0.85,6.9
70,21,1023.2,97.7,45.2,112.7,0.86,6.9
70,30,417.3,40.5,36.6,89.8,0.95,6.9
70,31,198.3,261.2,66.9,158.3,0.97,6.9
71,1,517.8,37.6,37.9,95.3,0.84,7.0
71,2,340.9,172.7,51.5,141.8,0.99,7.0
71,10,866.8,124.3,50.8,126.2,0.87,7.0
71,11,827.6,147.0,57.2,127.7,0.89,7.0
71,12,835.5,127.5,50.9,124.4,0.88,7.0
71,13,862.0,142.1,45.1,123.1,0.97,7.0
71,14,856.7,115.4,47.2,118.3,0.96,7.0
71,20,368.1,101.0,48.4,111.1,0.89,7.0
71,21,1017.9,100.8,48.6,116.8,0.94,7.0
71,30,417.1,38.1,39.7,93.5,0.89,7.0
71,31,193.0,247.6,69.8,164.5,0.81,7.0
72,1,522.5,45.0,31.6,89.3,0.87,7.1
72,2,338.1,175.4,50.8,141.7,0.9,7.1
72,10,871.3,130.2,44.1,118.7,0.9,7.1
72,11,832.2,148.4,46.7,128.5,0.92,7.1
72,12,833.8,131.5,47.6,121.0,0.9,7.1
72,13,857.7,142.1,51.9,126.4,0.88,7.1
72,14,855.8,117.8,50.8,115.8,0.93,7.1
72,20,369.2,101.2,44.7,115.4,0.92,7.1
72,21,1016.9,102.4,45.7,112.3,0.89,7.1
72,30,421.2,38.3,40.8,93.9,0.95,7.1
72,31,205.2,251.9,58.2,166.0,0.91,7.1
73,1,522.3,42.9,35.3,90.2,0.88,7.2
73,2,336.0,171.8,61.3,137.6,0.92,7.2
73,10,870.2,131.5,44.0,119.1,0.84,7.2
73,11,831.1,149.6,48.0,127.1,0.91,7.2
73,12,832.6,130.5,52.4,121.8,0.92,7.2
73,13,858.2,138.6,54.5,127.3,0.97,7.2
73,14,856.8,114.3,45.7,118.4,0.94,7.2
73,20,377.1,98.7,47.5,115.0,0.97,7.2
73,21,1009.0,102.6,51.4,116.3,0.86,7.2
73,30,420.0,36.1,41.2,94.0,0.9,7.2
73,31,204.6,254.7,57.1,161.8,0.92,7.2
74,1,521.8,40.5,40.1,90.6,0.95,7.3
74,2,339.1,178.0,54.3,139.8,0.9,7.3
74,10,867.4,128.5,47.6,122.5,0.87,7.3
74,11,830.8,150.4,52.9,125.4,0.97,7.3
74,12,831.8,131.7,51.2,121.2,0.84,7.3
74,13,858.1,141.9,53.7,129.8,0.8,7.3
74,14,853.4,112.7,49.6,117.0,0.91,7.3
74,20,373.6,104.7,46.0,117.1,0.85,7.3
74,21,1006.0,100.8,51.5,115.4,0.87,7.3
74,30,421.9,37.7,38.4,93.1,0.84,7.3
74,31,195.3,250.1,64.7,161.5,0.83,7.3
75,1,521.6,37.4,33.1,94.1,0.93,7.4
75,2,342.3,172.0,49.3,140.8,0.88,7.4
75,10,870.6,126.2,43.5,124.1,0.95,7.4
75,11,819.6,151.3,56.8,128.3,0.91,7.4
75,12,829.0,132.3,43.9,123.5,0.89,7.4
75,13,865.2,143.9,46.7,126.1,0.86,7.4
75,14,856.1,113.9,48.9,118.1,0.88,7.4
75,20,377.4,102.1,48.5,114.7,0.97,7.4
75,21,1006.0,95.6,44.7,112.3,0.85,7.4
75,30,421.4,41.0,38.2,92.5,0.97,7.4
75,31,205.7,244.3,57.6,160.4,0.95,7.4
76,1,523.0,40.6,31.8,90.4,0.91,7.5
76,2,339.7,175.1,57.3,136.9,0.83,7.5
76,10,871.8,128.0,49.9,121.7,0.87,7.5
76,11,831.1,148.5,46.9,125.7,0.88,7.5
76,12,836.2,127.7,48.7,124.2,0.87,7.5
76,13,857.4,139.8,48.1,127.1,0.82,7.5
76,14,861.8,111.5,43.0,117.7,0.81,7.5
76,20,390.3,101.5,44.7,112.2,0.83,7.5
76,21,1001.5,96.6,50.4,116.3,0.99,7.5
76,30,435.0,35.2,33.5,93.6,0.83,7.5
76,31,204.2,243.6,68.5,163.3,0.95,7.5
77,1,519.7,40.2,40.6,92.1,0.86,7.6
77,2,337.0,177.2,52.3,137.1,0.89,7.6
77,10,870.4,126.7,50.5,119.8,0.89,7.6
77,11,823.0,143.2,59.1,132.1,0.89,7.6
77,12,830.4,133.1,46.0,120.9,0.93,7.6
77,13,860.7,139.6,46.7,128.7,0.92,7.6
77,14,856.9,115.7,49.4,121.6,0.91,7.6
77,20,379.3,101.0,50.1,113.6,0.99,7.6
77,21,1002.1,97.6,45.2,113.7,0.89,7.6
77,30,428.8,40.5,41.6,92.5,0.86,7.6
77,31,207.3,245.6,62.6,160.1,0.95,7.6
78,1,520.1,37.6,33.6,93.9,0.75,7.7
78,2,343.5,175.1,50.7,140.2,0.93,7.7
78,10,871.5,131.0,41.9,119.1,0.8,7.7
78,11,828.7,143.3,50.4,131.2,0.91,7.7
78,12,827.6,127.7,54.9,124.9,0.96,7.7
78,13,865.0,139.3,46.3,128.4,0.96,7.7
78,14,858.9,116.6,43.2,116.8,0.85,7.7
78,20,384.4,96.2,50.5,114.3,0.82,7.7
78,21,1006.1,102.3,40.2,113.1,0.97,7.7
78,30,426.8,42.7,39.5,92.2,0.99,7.7
78,31,195.6,254.1,65.8,161.0,0.83,7.7
79,1,519.2,37.8,39.4,95.8,0.87,7.8
79,2,330.7,182.2,59.3,140.3,0.91,7.8
79,10,871.6,124.3,52.9,121.9,0.88,7.8
79,11,830.3,145.6,46.6,131.5,0.84,7.8
79,12,829.4,128.5,48.4,127.5,0.97,7.8
79,13,861.0,139.6,45.0,126.2,0.86,7.8
79,14,859.7,113.8,44.5,120.5,0.9,7.8
79,20,390.5,106.9,40.8,109.6,0.83,7.8
79,21,999.0,97.7,42.1,114.7,0.92,7.8
79,30,428.0,40.3,40.6,91.6,0.92,7.8
79,31,216.9,243.4,57.8,156.4,0.87,7.8
80,1,523.1,40.0,35.1,96.1,0.83,7.9
80,2,339.8,179.2,51.9,138.4,0.95,7.9
80,10,869.4,128.5,48.0,124.4,0.85,7.9
80,11,835.5,151.1,49.4,126.5,0.92,7.9
80,12,827.6,129.4,51.5,122.4,0.94,7.9
80,13,861.2,138.5,51.9,130.0,0.99,7.9
80,14,856.8,114.7,46.4,116.8,0.94,7.9
80,20,390.2,101.8,43.2,114.8,0.9,7.9
80,21,995.5,102.1,39.8,112.0,0.98,7.9
80,30,434.4,42.0,33.3,88.8,0.87,7.9
80,31,208.5,246.3,60.9,166.1,0.82,7.9
81,1,521.0,40.7,38.3,90.7,0.8,8.0
81,2,339.1,175.7,51.3,139.2,0.85,8.0
81,10,867.4,127.6,48.8,122.1,0.86,8.0
81,11,831.7,144.3,52.7,130.9,0.83,8.0
81,12,827.6,132.7,48.3,119.0,0.84,8.0
81,13,859.6,142.4,52.7,124.9,0.88,8.0
81,14,860.9,113.7,43.0,116.1,0.9,8.0
81,20,398.1,100.8,40.4,111.1,0.83,8.0
81,21,1002.8,105.3,40.3,111.9,0.93,8.0
81,30,436.6,36.5,34.0,94.0,0.88,8.0
81,31,215.1,241.3,69.7,160.9,0.86,8.0
82,1,516.0,37.5,38.3,95.5,0.84,8.1
82,2,330.6,182.8,50.1,137.0,0.98,8.1
82,10,870.4,129.3,48.1,121.2,0.88,8.1
82,11,827.6,152.4,55.9,124.5,0.93,8.1
82,12,829.9,134.0,51.6,119.9,0.99,8.1
82,13,860.8,139.3,49.9,128.3,0.85,8.1
82,14,860.4,115.1,44.9,117.5,0.83,8.1
82,20,392.7,103.3,49.4,114.2,0.88,8.1
82,21,992.3,105.3,42.8,113.8,0.87,8.1
82,30,438.3,37.1,35.2,91.5,0.86,8.1
82,31,215.2,240.8,61.2,158.7,0.83,8.1
83,1,518.3,40.2,38.9,91.9,0.94,8.2
83,2,338.0,176.8,57.3,139.5,0.91,8.2
83,10,870.9,123.7,52.9,127.2,0.85,8.2
83,11,827.6,146.1,52.3,129.1,0.83,8.2
83,12,828.4,131.0,54.4,123.0,0.97,8.2
83,13,860.1,146.8,54.5,121.5,0.9,8.2
83,14,859.6,113.7,42.8,118.8,0.93,8.2
83,20,387.7,104.4,46.3,116.0,0.8,8.2
83,21,991.2,98.7,39.3,111.4,0.88,8.2
83,30,435.1,39.0,36.7,89.4,0.9,8.2
83,31,212.7,243.4,65.2,156.7,0.87,8.2
84,1,520.4,37.8,35.2,94.6,0.88,8.3
84,2,336.3,179.4,53.4,139.7,0.93,8.3
84,10,874.4,127.7,44.9,121.6,0.94,8.3
84,11,833.6,150.3,47.5,128.0,0.93,8.3
84,12,831.9,128.0,44.7,123.2,0.89,8.3
84,13,862.0,146.1,47.2,120.8,0.93,8.3
84,14,858.8,115.1,51.0,118.7,0.86,8.3
84,20,394.1,98.7,49.3,113.8,0.89,8.3
84,21,981.2,99.4,47.5,110.6,0.83,8.3
84,30,434.1,38.5,38.5,93.6,0.83,8.3
84,31,212.0,237.1,61.5,163.2,0.89,8.3
85,1,521.4,41.3,38.7,91.5,0.83,8.4
85,2,331.6,182.4,57.2,132.8,0.85,8.4
85,10,869.8,130.6,44.3,119.2,0.87,8.4
85,11,828.2,146.7,54.7,126.9,0.87,8.4
85,12,833.6,128.4,44.8,124.2,0.92,8.4
85,13,860.7,140.5,49.3,124.9,0.9,8.4
85,14,857.0,114.1,46.5,118.7,0.87,8.4
85,20,401.8,98.8,43.7,118.6,0.87,8.4
85,21,985.4,101.7,48.3,110.5,0.98,8.4
85,30,436.0,38.7,37.7,92.4,0.92,8.4
85,31,216.4,237.9,72.5,161.4,0.92,8.4
86,1,520.7,35.3,37.2,96.0,0.84,8.5
86,2,331.5,184.7,52.1,137.8,0.92,8.5
86,10,866.2,127.0,49.6,124.1,0.97,8.5
86,11,827.7,145.5,54.1,127.7,0.89,8.5
86,12,835.8,129.0,43.5,124.1,0.82,8.5
86,13,858.5,138.7,50.4,129.4,0.97,8.5
86,14,854.1,116.2,53.2,121.7,0.86,8.5
86,20,406.7,102.8,42.6,114.6,0.87,8.5
86,21,978.7,97.1,49.6,113.5,0.9,8.5
86,30,442.6,37.2,35.1,90.9,0.94,8.5
86,31,211.9,246.6,71.8,161.2,0.87,8.5
87,1,517.6,40.4,37.7,91.6,0.84,8.6
87,2,344.5,176.1,53.1,134.3,0.94,8.6
87,10,871.1,125.6,43.4,123.3,0.94,8.6
87,11,827.8,149.8,55.5,126.8,0.91,8.6
87,12,834.9,128.0,44.7,125.1,0.93,8.6
87,13,856.2,139.2,55.3,129.4,0.82,8.6
87,14,853.8,120.0,48.5,115.5,0.89,8.6
87,20,404.3,104.3,43.3,111.9,0.91,8.6
87,21,977.0,96.8,45.3,113.6,0.92,8.6
87,30,444.1,38.0,38.8,92.7,0.84,8.6
87,31,226.4,239.0,70.5,160.1,0.92,8.6
88,1,518.3,40.8,39.4,93.9,0.79,8.7
88,2,328.4,177.5,61.7,139.3,0.85,8.7
88,10,869.6,128.2,50.6,119.7,0.92,8.7
88,11,828.5,150.0,52.6,126.6,0.96,8.7
88,12,832.3,127.9,44.5,124.7,0.87,8.7
88,13,863.0,141.9,44.9,126.7,0.9,8.7
88,14,861.2,115.6,42.4,120.7,0.87,8.7
88,20,404.9,103.0,47.8,113.4,0.89,8.7
88,21,985.3,100.4,42.7,117.8,0.93,8.7
88,30,443.2,36.0,36.4,92.6,0.91,8.7
88,31,227.9,238.9,62.0,159.0,0.99,8.7
89,1,522.1,41.0,33.3,92.7,0.86,8.8
89,2,337.8,172.9,53.9,140.4,0.95,8.8
89,10,873.0,128.9,45.2,120.3,0.91,8.8
89,11,827.8,147.2,57.2,129.4,0.87,8.8
89,12,836.0,122.1,49.1,126.4,0.84,8.8
89,13,858.6,140.2,57.0,128.4,0.93,8.8
89,14,858.9,118.2,47.4,115.3,0.92,8.8
89,20,412.2,101.0,42.7,113.3,0.86,8.8
89,21,985.7,99.7,43.0,115.1,0.9,8.8
89,30,446.0,31.0,38.0,93.9,0.87,8.8
89,31,226.3,235.3,60.6,157.7,0.99,8.8
90,1,522.7,40.1,32.5,91.0,0.99,8.9
90,2,341.3,178.9,57.8,139.2,0.81,8.9
90,10,870.8,126.5,51.4,122.8,0.94,8.9
90,11,824.9,150.1,55.2,125.6,0.92,8.9
90,12,831.5,128.2,52.6,124.9,0.8,8.9
90,13,861.3,141.4,46.3,126.4,0.99,8.9
90,14,861.3,113.6,44.4,120.2,0.96,8.9
90,20,415.2,99.6,42.2,110.7,0.9,8.9
90,21,975.6,101.9,39.8,109.1,0.89,8.9
90,30,442.0,36.5,37.1,92.9,0.91,8.9
90,31,223.4,240.7,62.4,161.3,0.87,8.9
91,1,520.3,38.6,35.2,93.0,0.81,9.0
91,2,337.7,176.7,58.2,138.5,0.83,9.0
91,10,868.8,127.5,53.1,123.0,0.91,9.0
91,11,833.3,151.3,46.2,128.1,0.94,9.0
91,12,834.1,128.9,52.1,124.3,0.92,9.0
91,13,859.9,140.8,54.8,123.0,0.99,9.0
91,14,861.0,119.0,43.9,117.1,0.84,9.0
91,20,417.6,106.2,43.7,110.4,0.9,9.0
91,21,978.4,99.7,39.6,112.3,0.93,9.0
91,30,440.6,35.4,40.6,90.9,0.93,9.0
91,31,223.5,238.8,60.0,156.4,0.9,9.0
92,1,524.8,39.9,36.8,91.6,0.85,9.1
92,2,339.7,176.1,54.5,140.0,0.87,9.1
92,10,870.5,129.0,50.2,121.4,0.99,9.1
92,11,832.3,151.6,45.0,125.7,0.85,9.1
92,12,831.9,131.1,50.0,121.5,0.91,9.1
92,13,864.2,145.9,51.1,125.5,0.96,9.1
92,14,854.9,115.1,52.9,117.6,0.91,9.1
92,20,405.1,105.9,47.4,112.4,0.9,9.1
92,21,974.8,105.7,42.0,112.9,0.93,9.1
92,30,442.8,45.0,37.0,89.7,0.85,9.1
92,31,226.3,235.3,63.4,161.3,0.93,9.1
93,1,520.0,36.7,42.2,94.7,0.89,9.2
93,2,329.9,177.8,63.6,141.5,0.92,9.2
93,10,867.2,128.8,45.6,123.4,0.86,9.2
93,11,832.3,143.6,50.6,132.1,0.98,9.2
93,12,829.0,133.5,51.8,117.6,0.89,9.2
93,13,865.6,144.3,44.5,124.2,0.89,9.2
93,14,855.4,119.3,48.5,115.0,0.99,9.2
93,20,420.4,102.4,44.1,110.6,0.97,9.2
93,21,969.3,106.3,47.5,113.3,0.95,9.2
93,30,450.7,38.6,36.1,91.5,0.94,9.2
93,31,232.4,240.2,58.0,156.8,0.97,9.2
94,1,520.4,40.9,40.4,92.1,0.87,9.3
94,2,327.4,178.6,55.7,143.9,0.92,9.3
94,10,868.3,126.8,50.9,125.0,0.94,9.3
94,11,831.4,148.9,53.8,129.7,0.84,9.3
94,12,825.6,128.3,55.7,126.5,0.94,9.3
94,13,859.0,139.8,56.0,126.4,0.97,9.3
94,14,855.3,115.1,47.6,117.7,0.94,9.3
94,20,416.6,102.2,47.8,111.6,0.88,9.3
94,21,960.4,99.9,49.3,114.3,0.99,9.3
94,30,449.9,35.9,32.3,92.3,0.9,9.3
94,31,242.4,235.2,64.0,154.5,0.92,9.3
95,1,522.1,39.9,33.8,92.6,0.86,9.4
95,2,333.8,181.7,56.3,139.8,0.88,9.4
95,10,871.4,126.1,48.3,122.6,0.96,9.4
95,11,832.8,147.1,52.2,130.0,0.89,9.4
95,12,832.2,129.0,50.9,121.1,0.9,9.4
95,13,861.6,141.8,47.4,127.0,0.88,9.4
95,14,856.5,111.9,45.0,122.5,0.82,9.4
95,20,421.1,103.9,44.0,109.6,0.94,9.4
95,21,963.1,96.1,49.1,113.7,0.91,9.4
95,30,446.2,32.0,37.6,94.3,0.94,9.4
95,31,230.3,235.4,58.5,158.7,0.94,9.4
96,1,520.0,38.8,35.7,94.2,0.9,9.5
96,2,335.4,175.1,51.7,139.8,0.94,9.5
96,10,864.6,128.1,54.3,123.4,0.94,9.5
96,11,837.8,142.9,46.9,131.9,0.97,9.5
96,12,830.5,131.4,53.4,122.8,0.89,9.5
96,13,860.8,139.3,44.7,125.5,0.88,9.5
96,14,856.8,111.8,45.3,119.3,0.85,9.5
96,20,431.9,101.3,43.3,115.5,0.95,9.5
96,21,967.8,103.3,41.3,113.9,0.8,9.5
96,30,456.1,33.6,38.6,89.8,0.93,9.5
96,31,248.9,228.4,55.7,157.2,0.94,9.5
97,1,521.2,39.1,36.0,91.9,0.89,9.6
97,2,331.8,174.6,54.1,143.9,0.83,9.6
97,10,871.1,130.9,44.3,121.2,0.9,9.6
97,11,837.2,151.5,46.9,126.3,0.88,9.6
97,12,837.7,130.0,42.6,120.1,0.95,9.6
97,13,856.9,140.9,55.4,127.3,0.96,9.6
97,14,855.0,111.8,47.3,120.7,0.97,9.6
97,20,436.4,104.5,41.6,111.8,0.86,9.6
97,21,971.6,102.7,38.9,111.1,0.86,9.6
97,30,454.1,34.3,39.6,93.4,0.83,9.6
97,31,235.0,232.7,69.3,157.7,0.95,9.6
98,1,520.7,40.1,32.7,92.6,0.98,9.7
98,2,334.6,180.0,59.2,136.4,0.9,9.7
98,10,871.4,132.7,44.4,119.6,0.85,9.7
98,11,832.5,145.2,52.6,130.3,0.88,9.7
98,12,824.4,130.0,49.5,122.9,0.95,9.7
98,13,857.3,139.3,52.3,127.1,0.85,9.7
98,14,856.7,117.6,47.0,116.4,0.86,9.7
98,20,432.1,101.1,47.0,112.0,0.87,9.7
98,21,950.5,101.3,45.9,112.8,0.88,9.7
98,30,456.1,31.3,35.0,93.1,0.88,9.7
98,31,241.7,236.4,59.1,156.8,0.84,9.7
99,1,523.2,42.1,37.6,90.5,0.81,9.8
99,2,333.8,173.8,55.9,140.3,0.94,9.8
99,10,872.1,129.0,45.9,121.8,0.9,9.8
99,11,834.0,147.7,47.2,131.4,0.86,9.8
99,12,827.2,131.8,54.5,121.5,0.86,9.8
99,13,858.9,138.0,52.6,126.8,0.9,9.8
99,14,854.2,115.2,53.5,119.0,0.83,9.8
99,20,428.7,102.0,49.8,113.5,0.91,9.8
99,21,956.6,99.5,48.7,112.4,0.86,9.8
99,30,452.8,29.9,42.2,95.4,0.88,9.8
99,31,234.8,232.4,69.0,159.4,0.85,9.8
100,1,521.4,39.2,35.1,93.6,0.92,9.9
100,2,333.8,177.7,59.5,138.8,0.88,9.9
100,10,871.0,128.7,44.3,122.0,0.9,9.9
100,11,829.8,148.4,46.3,127.6,0.89,9.9
100,12,836.2,130.1,45.1,124.0,0.82,9.9
100,13,856.5,138.1,46.2,126.7,0.91,9.9
100,14,859.6,118.9,45.6,116.0,0.9,9.9
100,20,435.4,103.3,46.7,112.3,0.85,9.9
100,21,952.6,99.7,48.5,111.5,0.86,9.9
100,30,458.4,33.4,34.0,93.7,0.88,9.9
100,31,231.2,234.7,70.7,157.8,0.95,9.9
101,1,521.3,39.2,40.3,93.5,0.9,10.0
101,2,326.8,184.4,62.1,138.3,0.9,10.0
101,10,869.7,128.5,54.3,121.6,0.95,10.0
101,11,822.6,144.2,55.6,131.8,0.9,10.0
101,12,838.5,128.8,44.2,125.6,0.92,10.0
101,13,863.4,141.2,45.5,126.6,0.87,10.0
101,14,850.1,111.3,53.6,120.2,0.9,10.0
101,20,437.8,101.0,43.1,115.6,0.9,10.0
101,21,952.8,101.4,42.2,114.2,0.86,10.0
101,30,455.7,38.3,37.7,91.1,0.87,10.0
101,31,251.2,228.5,56.7,159.9,0.75,10.0
101,32,990.8,259.1,59.6,165.8,0.87,10.0
102,1,519.1,40.8,38.0,92.9,0.89,10.1
102,2,334.4,180.1,51.7,141.8,0.85,10.1
102,10,874.5,132.0,41.6,118.4,0.88,10.1
102,11,829.4,145.7,48.5,130.2,0.87,10.1
102,12,838.4,130.2,44.6,124.5,0.92,10.1
102,13,862.1,139.3,49.3,128.7,0.83,10.1
102,14,858.6,114.0,48.1,119.8,0.81,10.1
102,20,436.8,102.2,46.7,112.3,0.86,10.1
102,21,954.6,95.3,44.1,113.4,0.83,10.1
102,30,467.4,34.1,35.0,91.8,0.91,10.1
102,31,243.4,227.7,59.7,159.0,0.9,10.1
102,32,996.7,252.2,64.0,168.2,0.86,10.1
103,1,521.2,40.3,36.1,94.0,0.86,10.2
103,2,334.0,179.6,52.8,139.3,0.87,10.2
103,10,871.6,129.4,45.8,124.2,0.88,10.2
103,11,834.2,149.2,57.1,130.5,0.91,10.2
103,12,837.0,127.1,46.0,124.8,0.94,10.2
103,13,859.4,136.5,49.2,128.6,0.9,10.2
103,14,859.5,107.3,48.1,123.3,0.83,10.2
103,20,435.6,104.2,46.0,114.8,0.99,10.2
103,21,944.5,95.6,45.5,112.3,0.81,10.2
103,30,463.4,28.9,34.4,94.9,0.97,10.2
103,31,249.0,227.7,61.9,158.5,0.87,10.2
103,32,984.1,255.7,63.2,165.1,0.88,10.2
104,1,521.2,40.9,38.6,90.0,0.93,10.3
104,2,341.1,176.5,48.2,136.5,0.92,10.3
104,10,871.8,128.0,50.4,122.4,0.92,10.3
104,11,824.2,145.2,55.9,132.3,0.88,10.3
104,12,827.7,131.7,51.4,125.3,0.9,10.3
104,13,858.5,138.7,55.8,127.6,0.78,10.3
104,14,854.0,114.1,52.6,118.9,0.95,10.3
104,20,439.0,105.0,48.6,111.7,0.87,10.3
104,21,953.2,97.2,43.3,117.7,0.82,10.3
104,30,462.9,32.5,39.7,93.5,0.93,10.3
104,31,237.9,233.2,63.1,156.8,0.94,10.3
104,32,987.8,254.2,63.6,165.1,0.93,10.3
105,1,516.9,40.4,38.6,94.1,0.9,10.4
105,2,341.5,175.0,52.2,142.7,0.93,10.4
105,10,868.9,129.1,51.4,119.9,0.94,10.4
105,11,830.6,147.0,54.0,128.6,0.88,10.4
105,12,830.0,132.8,53.2,121.7,0.96,10.4
105,13,859.2,139.8,56.9,127.6,0.94,10.4
105,14,859.6,113.3,44.4,120.3,0.81,10.4
105,20,440.0,107.6,49.9,111.3,0.84,10.4
105,21,933.5,99.0,48.8,113.4,0.89,10.4
105,30,462.8,28.8,41.4,94.9,0.91,10.4
105,31,240.1,226.8,66.5,160.0,0.89,10.4
105,32,993.5,257.7,63.3,166.5,0.81,10.4
106,1,522.4,38.3,40.2,93.8,0.9,10.5
106,2,340.2,175.5,51.9,140.4,0.85,10.5
106,10,872.7,130.6,42.2,120.3,0.9,10.5
106,11,829.9,144.6,52.4,132.3,0.92,10.5
106,12,829.3,132.4,51.7,121.6,0.91,10.5
106,13,862.8,143.5,51.6,122.2,0.83,10.5
106,14,857.2,114.1,50.5,119.2,0.96,10.5
106,20,436.9,104.4,48.7,112.4,0.95,10.5
106,21,940.1,97.0,43.6,113.2,0.91,10.5
106,30,469.6,33.6,33.0,90.9,0.88,10.5
106,31,237.5,226.8,68.1,157.9,0.97,10.5
106,32,985.0,259.8,65.3,165.8,0.87,10.5
107,1,517.3,41.7,41.4,92.5,0.88,10.6
107,2,337.7,179.0,50.8,136.8,0.94,10.6
107,10,871.8,129.6,48.8,122.2,0.88,10.6
107,11,825.4,144.3,54.1,130.0,0.87,10.6
107,12,828.2,126.8,45.1,124.7,0.79,10.6
107,13,864.2,145.2,48.0,125.5,0.92,10.6
107,14,862.8,119.0,43.7,117.7,0.87,10.6
107,20,445.6,102.8,41.0,114.1,0.9,10.6
107,21,943.7,95.5,43.2,119.8,0.9,10.6
107,30,465.2,34.4,37.9,90.0,0.9,10.6
107,31,255.8,220.7,62.0,154.1,0.85,10.6
107,32,980.6,257.5,67.1,166.0,0.88,10.6
108,1,519.6,39.8,37.0,91.5,0.91,10.7
108,2,337.7,178.9,56.3,140.4,0.77,10.7
108,10,864.3,128.3,54.7,124.0,0.93,10.7
108,11,832.3,147.6,47.7,129.0,0.88,10.7
108,12,828.5,129.7,55.5,123.3,0.91,10.7
108,13,861.6,140.6,48.2,127.1,0.97,10.7
108,14,857.1,116.2,43.6,117.4,0.94,10.7
108,20,451.4,96.6,47.6,114.7,0.98,10.7
108,21,937.4,97.3,44.8,113.2,0.91,10.7
108,30,467.2,29.8,38.5,92.4,0.88,10.7
108,31,255.5,222.0,64.6,155.7,0.9,10.7
108,32,982.3,256.2,63.0,168.5,0.9,10.7
109,1,520.7,41.7,40.5,90.2,0.9,10.8
109,2,333.3,177.8,55.2,144.8,0.99,10.8
109,10,870.4,124.6,47.1,123.8,0.9,10.8
109,11,829.7,148.2,48.7,126.6,0.92,10.8
109,12,835.5,126.3,47.2,123.7,0.87,10.8
109,13,856.6,141.5,53.3,127.1,0.96,10.8
109,14,861.6,117.2,43.4,117.4,0.87,10.8
109,20,453.5,101.3,46.6,115.0,0.93,10.8
109,21,932.9,98.3,43.2,114.2,0.83,10.8
109,30,472.6,33.1,33.9,89.2,0.89,10.8
109,31,252.8,228.2,66.9,151.6,0.87,10.8
109,32,972.8,252.3,69.2,164.8,0.89,10.8
110,1,519.9,41.3,39.4,90.8,0.93,10.9
110,2,334.3,183.5,60.5,137.3,0.79,10.9
110,10,872.4,131.6,50.0,121.5,0.95,10.9
110,11,831.3,146.7,48.4,131.6,0.99,10.9
110,12,831.2,130.6,53.7,124.0,0.84,10.9
110,13,863.8,138.8,48.8,126.8,0.93,10.9
110,14,857.7,116.0,45.8,118.1,0.91,10.9
110,20,454.4,101.5,45.7,113.9,0.9,10.9
110,21,932.1,96.6,41.7,115.7,0.83,10.9
110,30,468.8,33.7,35.1,92.2,0.84,10.9
110,31,250.9,221.5,62.3,155.0,0.77,10.9
110,32,983.2,253.7,62.8,167.2,0.91,10.9
111,1,519.0,43.1,40.7,91.0,0.93,11.0
111,2,332.0,176.7,52.1,139.9,0.85,11.0
111,10,868.4,129.9,53.0,121.8,0.99,11.0
111,11,831.1,147.6,48.7,132.2,0.92,11.0
111,12,836.7,128.3,50.6,125.2,0.87,11.0
111,13,862.9,135.6,47.9,131.6,0.9,11.0
111,14,857.2,117.0,41.3,116.6,0.89,11.0
111,20,456.0,102.9,46.1,116.3,0.88,11.0
111,21,932.0,95.5,44.3,112.3,0.95,11.0
111,30,469.0,35.7,37.8,91.8,0.84,11.0
111,31,252.5,229.1,56.1,155.3,0.85,11.0
111,32,963.5,253.6,72.7,164.8,0.93,11.0
112,1,518.7,39.9,41.5,93.3,0.91,11.1
112,2,330.0,183.5,53.9,137.5,0.94,11.1
112,10,873.2,131.4,45.9,121.7,0.98,11.1
112,11,828.2,148.8,51.6,128.1,0.83,11.1
112,12,831.5,127.1,47.8,122.7,0.94,11.1
112,13,860.9,139.8,51.1,128.5,0.94,11.1
112,14,855.7,114.9,44.9,119.7,0.93,11.1
112,20,454.1,102.7,51.1,116.0,0.84,11.1
112,21,927.5,100.5,40.0,111.7,0.9,11.1
112,30,478.3,28.2,35.2,92.8,0.94,11.1
112,31,254.6,229.5,65.2,159.2,0.91,11.1
112,32,984.9,256.4,61.2,162.5,0.93,11.1
113,1,519.5,39.3,33.4,93.0,0.93,11.2
113,2,335.6,172.3,57.8,142.3,0.91,11.2
113,10,869.8,126.1,52.2,121.7,0.84,11.2
113,11,830.2,148.8,49.4,128.8,0.9,11.2
113,12,835.2,131.0,51.2,122.7,0.87,11.2
113,13,863.3,145.6,46.9,120.7,0.89,11.2
113,14,854.9,116.3,48.1,117.7,0.92,11.2
113,20,459.8,109.4,45.4,110.2,0.89,11.2
113,21,929.5,100.2,49.7,114.4,0.69,11.2
113,30,481.8,31.2,34.2,89.8,0.98,11.2
113,31,256.6,223.1,65.7,153.0,0.85,11.2
113,32,972.0,246.3,63.8,166.0,0.93,11.2
114,1,520.2,37.2,37.5,93.7,0.86,11.3
114,2,339.2,178.3,48.1,136.0,0.87,11.3
114,10,873.5,132.5,51.3,119.8,0.92,11.3
114,11,826.8,152.6,54.0,127.9,0.99,11.3
114,12,835.3,128.7,42.3,120.4,0.86,11.3
114,13,862.5,141.9,49.9,126.9,0.95,11.3
114,14,859.0,116.3,46.5,117.4,0.9,11.3
114,20,465.1,97.2,43.2,116.5,0.86,11.3
114,21,926.4,101.6,39.5,111.8,0.89,11.3
114,30,483.3,32.4,36.9,90.5,0.91,11.3
114,31,261.2,221.4,64.4,154.7,0.81,11.3
114,32,970.1,250.6,65.4,162.6,0.85,11.3
115,1,519.7,38.7,37.3,93.2,0.83,11.4
115,2,338.9,174.5,50.1,139.4,0.95,11.4
115,10,869.2,125.7,47.8,122.7,0.9,11.4
115,11,823.9,149.4,55.4,130.7,0.92,11.4
115,12,831.4,128.6,45.6,125.0,0.86,11.4
115,13,859.6,141.0,49.1,125.6,0.9,11.4
115,14,856.1,117.7,48.0,115.6,0.85,11.4
115,20,461.7,106.7,45.9,108.9,0.9,11.4
115,21,921.8,100.2,44.1,115.1,0.88,11.4
115,30,481.7,33.3,33.5,89.0,0.89,11.4
115,31,259.5,220.6,61.9,156.6,0.92,11.4
115,32,971.8,253.6,70.4,164.5,0.85,11.4
116,1,525.1,41.0,33.9,89.7,0.77,11.5
116,2,333.9,181.7,56.9,138.3,0.9,11.5
116,10,870.8,131.0,49.4,118.8,0.91,11.5
116,11,826.3,143.8,59.5,133.8,0.76,11.5
116,12,834.8,126.0,45.2,122.6,0.82,11.5
116,13,853.3,139.9,55.8,128.0,0.91,11.5
116,14,862.8,112.4,43.1,120.3,0.9,11.5
116,20,462.8,104.0,46.3,115.9,0.91,11.5
116,21,922.0,102.8,43.5,113.1,0.82,11.5
116,30,483.7,33.9,31.0,87.5,0.93,11.5
116,31,270.0,217.6,66.5,149.4,0.84,11.5
116,32,970.7,247.5,62.0,166.4,0.93,11.5
117,1,521.3,38.4,37.6,93.3,0.97,11.6
117,2,340.4,181.7,51.8,139.7,0.87,11.6
117,10,871.4,124.9,47.6,126.9,0.85,11.6
117,11,834.0,143.4,50.1,134.9,0.89,11.6
117,12,832.2,128.2,51.6,121.1,0.93,11.6
117,13,864.3,137.8,48.2,128.2,0.87,11.6
117,14,860.8,113.8,41.6,118.7,0.94,11.6
117,20,465.6,99.9,50.4,113.8,0.88,11.6
117,21,910.7,100.0,47.3,109.8,0.88,11.6
117,30,475.1,30.3,41.3,92.3,0.95,11.6
117,31,268.0,218.1,58.1,151.3,0.84,11.6
117,32,977.6,254.9,63.7,158.5,0.92,11.6
118,1,521.1,41.1,35.1,92.4,0.88,11.7
118,2,326.4,177.7,63.5,143.9,0.91,11.7
118,10,870.4,126.3,45.1,122.0,0.92,11.7
118,11,827.5,150.6,53.1,127.2,0.91,11.7
118,12,837.0,129.2,45.3,123.5,0.85,11.7
118,13,861.2,139.9,49.1,126.2,0.93,11.7
118,14,859.7,114.2,48.6,119.5,0.89,11.7
118,20,470.3,103.5,51.1,115.7,0.94,11.7
118,21,916.6,101.2,44.0,112.3,0.86,11.7
118,30,488.2,30.2,34.6,88.5,0.94,11.7
118,31,264.0,221.6,63.4,154.7,0.99,11.7
118,32,968.1,249.9,60.0,165.2,0.89,11.7
119,1,522.7,40.2,34.7,93.7,0.88,11.8
119,2,332.7,177.8,50.0,138.6,0.97,11.8
119,10,872.4,127.0,45.7,122.4,0.82,11.8
119,11,835.5,150.1,49.9,124.5,0.96,11.8
119,12,833.3,131.5,44.0,122.8,0.8,11.8
119,13,860.4,140.1,48.3,127.0,0.89,11.8
119,14,853.8,116.5,52.1,117.2,0.98,11.8
119,20,474.9,105.7,47.8,113.1,0.89,11.8
119,21,919.7,93.1,48.3,113.5,0.95,11.8
119,30,488.1,31.2,36.6,91.4,0.86,11.8
119,31,277.2,216.9,55.8,154.8,0.81,11.8
119,32,969.5,252.2,61.5,165.6,0.97,11.8
120,1,520.2,36.6,39.6,94.9,0.91,11.9
120,2,335.6,176.0,60.0,136.7,0.89,11.9
120,10,868.2,125.3,53.1,122.5,0.9,11.9
120,11,834.8,149.6,52.5,127.6,0.89,11.9
120,12,834.5,132.2,45.4,122.8,0.89,11.9
120,13,857.7,142.6,51.7,123.5,0.9,11.9
120,14,856.9,115.0,48.4,121.3,0.91,11.9
120,20,478.3,102.0,42.3,113.4,0.82,11.9
120,21,911.0,103.2,44.1,108.6,0.88,11.9
120,30,482.5,31.1,39.4,88.9,0.8,11.9
120,31,277.9,218.3,54.3,147.5,0.99,11.9
120,32,973.4,256.7,61.6,162.1,0.79,11.9
121,1,521.1,37.6,36.6,95.0,0.99,12.0
121,2,333.0,176.9,58.6,139.3,0.92,12.0
121,10,869.1,127.3,49.6,124.6,0.91,12.0
121,11,829.0,146.7,51.8,128.0,0.84,12.0
121,12,834.4,130.4,44.3,122.3,0.86,12.0
121,13,858.2,137.2,50.1,130.6,0.85,12.0
121,14,859.6,115.2,44.0,115.8,0.97,12.0
121,20,484.3,106.6,45.7,114.0,0.9,12.0
121,21,906.8,103.4,51.0,113.7,0.88,12.0
121,30,494.3,36.8,30.7,86.0,0.87,12.0
121,31,268.0,214.9,58.5,158.2,0.87,12.0
121,32,979.2,247.5,58.7,158.9,0.94,12.0
122,1,523.2,39.8,35.2,91.2,0.85,12.1
122,2,337.4,174.2,50.7,141.9,0.84,12.1
122,10,869.4,128.3,53.0,120.6,0.96,12.1
122,11,830.5,143.4,49.8,129.2,0.85,12.1
122,12,830.5,129.2,50.5,123.8,0.87,12.1
122,13,860.6,138.8,50.9,126.8,0.89,12.1
122,14,858.5,121.4,48.9,115.5,0.86,12.1
122,20,480.4,108.7,49.6,110.2,0.96,12.1
122,21,910.1,94.4,43.4,112.8,0.9,12.1
122,30,492.9,29.0,34.0,90.9,0.85,12.1
122,31,259.7,221.5,68.1,155.3,0.89,12.1
122,32,965.3,249.5,65.1,161.9,0.92,12.1
123,1,522.4,38.1,35.1,94.5,0.91,12.2
123,2,337.4,180.5,49.0,138.9,0.99,12.2
123,10,865.2,126.8,53.1,123.7,0.88,12.2
123,11,827.0,148.9,55.9,127.2,0.85,12.2
123,12,833.9,128.6,53.0,122.9,0.99,12.2
123,13,863.3,139.9,44.5,126.2,0.99,12.2
123,14,860.1,109.8,48.8,121.7,0.94,12.2
123,20,489.2,99.4,43.6,112.6,0.83,12.2
123,21,913.4,105.4,38.9,110.9,0.92,12.2
123,30,490.7,34.2,35.7,86.9,0.87,12.2
123,31,275.9,213.7,66.4,152.9,0.97,12.2
123,32,975.0,251.7,60.7,162.1,0.86,12.2
124,1,527.0,43.1,32.3,91.4,0.84,12.3
124,2,336.1,177.5,58.1,141.9,0.89,12.3
124,10,870.5,128.8,50.6,122.4,0.9,12.3
124,11,828.2,148.3,50.2,129.9,0.9,12.3
124,12,834.1,126.7,47.7,124.1,0.9,12.3
124,13,860.9,140.0,54.5,125.6,0.77,12.3
124,14,855.6,110.4,51.0,123.2,0.88,12.3
124,20,480.5,105.1,51.3,115.0,0.87,12.3
124,21,904.3,93.1,41.9,114.0,0.87,12.3
124,30,491.7,30.3,31.9,90.0,0.92,12.3
124,31,269.9,211.4,62.1,155.5,0.95,12.3
124,32,950.2,251.3,70.6,163.5,0.89,12.3
125,1,520.8,36.6,35.6,95.3,0.92,12.4
125,2,328.6,179.7,58.8,139.1,0.94,12.4
125,10,865.2,126.0,56.2,125.1,0.9,12.4
125,11,828.3,148.9,54.4,126.4,0.89,12.4
125,12,826.5,129.4,50.0,123.6,0.92,12.4
125,13,862.4,137.1,49.0,127.9,0.85,12.4
125,14,857.8,117.2,47.8,117.2,0.88,12.4
125,20,493.4,104.5,39.8,110.9,0.99,12.4
125,21,898.6,101.2,46.8,112.0,0.85,12.4
125,30,494.8,32.5,33.4,91.0,0.93,12.4
125,31,279.3,214.9,53.9,149.1,0.97,12.4
125,32,961.7,250.7,67.1,164.8,0.96,12.4
126,1,516.9,37.5,41.7,94.1,0.81,12.5
126,2,324.7,179.7,60.0,141.2,0.92,12.5
126,10,873.9,128.3,48.4,122.5,0.93,12.5
126,11,832.4,148.3,45.6,129.0,0.93,12.5
126,12,831.7,133.8,51.1,118.5,0.88,12.5
126,13,863.6,142.4,47.7,126.1,0.9,12.5
126,14,855.6,115.1,50.7,116.9,0.89,12.5
126,20,495.2,103.2,45.3,113.5,0.89,12.5
126,21,902.6,99.2,42.3,107.3,0.9,12.5
126,30,492.5,27.8,38.2,88.8,0.82,12.5
126,31,269.0,214.3,67.7,153.1,0.88,12.5
126,32,955.9,249.4,66.9,163.6,0.84,12.5
127,1,520.4,41.5,38.9,92.2,0.83,12.6
127,2,331.2,185.8,53.3,141.4,0.91,12.6
127,10,864.0,129.7,53.4,121.3,0.99,12.6
127,11,830.2,146.3,52.0,128.9,0.92,12.6
127,12,828.3,130.1,48.9,123.1,0.84,12.6
127,13,861.9,141.1,52.3,128.3,0.87,12.6
127,14,859.8,112.7,48.3,118.8,0.89,12.6
127,20,492.0,103.1,50.3,113.5,0.97,12.6
127,21,895.2,101.6,40.5,113.5,0.94,12.6
127,30,496.6,30.2,38.3,92.9,0.84,12.6
127,31,286.5,214.1,57.2,150.3,0.92,12.6
127,32,959.9,248.1,59.7,159.6,0.9,12.6
128,1,521.5,35.1,35.3,96.3,0.92,12.7
128,2,327.5,177.4,61.4,141.5,0.94,12.7
128,10,873.3,123.9,52.0,124.0,0.92,12.7
128,11,831.6,143.3,49.4,133.3,0.94,12.7
128,12,831.6,127.6,50.8,123.3,0.91,12.7
128,13,861.8,142.3,48.7,126.7,0.87,12.7
128,14,854.5,110.9,50.9,120.7,0.99,12.7
128,20,493.3,102.3,49.8,115.1,0.88,12.7
128,21,898.0,100.6,47.5,112.3,0.92,12.7
128,30,493.2,33.3,39.1,90.0,0.86,12.7
128,31,284.6,211.1,59.3,154.1,0.86,12.7
128,32,958.9,244.4,66.1,166.5,0.9,12.7
129,1,519.5,39.7,34.0,92.4,0.95,12.8
129,2,326.1,180.4,62.6,140.1,0.8,12.8
129,10,871.1,127.9,47.2,122.2,0.94,12.8
129,11,829.4,146.8,47.7,129.3,0.96,12.8
129,12,826.5,132.4,53.2,119.8,0.89,12.8
129,13,864.2,132.7,50.2,131.4,0.94,12.8
129,14,857.5,116.7,51.5,117.1,0.96,12.8
129,20,498.1,102.7,48.3,117.1,0.92,12.8
129,21,897.6,99.8,41.3,113.2,0.96,12.8
129,30,498.6,26.8,36.7,90.0,0.9,12.8
129,31,283.8,210.9,67.3,151.6,0.9,12.8
129,32,959.5,245.3,69.1,164.3,0.95,12.8
130,1,518.0,38.8,41.1,92.8,0.89,12.9
130,2,331.6,180.0,58.9,139.6,0.98,12.9
130,10,869.9,129.7,49.9,121.2,0.93,12.9
130,11,830.1,148.1,54.6,129.7,0.89,12.9
130,12,831.8,131.1,52.2,122.3,0.88,12.9
130,13,860.9,139.6,46.0,123.8,0.93,12.9
130,14,857.1,111.0,53.7,121.2,0.87,12.9
130,20,497.3,101.4,43.7,115.2,0.91,12.9
130,21,894.7,98.2,41.4,113.9,0.91,12.9
130,30,496.7,28.5,33.0,87.2,0.84,12.9
130,31,286.2,212.3,57.9,153.3,0.87,12.9
130,32,957.6,240.6,65.2,162.8,0.99,12.9
131,1,522.0,39.8,33.3,92.3,0.8,13.0
131,2,332.9,177.8,63.0,140.2,0.9,13.0
131,10,872.3,128.1,50.0,122.5,0.92,13.0
131,11,827.8,150.5,55.3,127.6,0.93,13.0
131,12,833.0,132.1,42.5,120.9,0.87,13.0
131,13,863.8,141.7,48.1,121.6,0.92,13.0
131,14,853.1,116.2,51.7,116.7,0.99,13.0
131,20,504.1,100.3,48.7,114.8,0.94,13.0
131,21,888.1,94.3,46.2,113.7,0.86,13.0
131,30,501.0,30.8,33.8,86.5,0.84,13.0
131,31,289.9,215.2,61.0,151.3,0.86,13.0
131,32,957.2,241.3,71.6,163.4,0.89,13.0
132,1,521.7,38.4,32.5,92.1,0.87,13.1
132,2,331.3,179.3,61.3,142.3,0.87,13.1
132,10,871.6,128.2,52.3,122.0,0.92,13.1
132,11,829.5,145.7,48.4,129.1,0.85,13.1
132,12,832.6,126.4,51.7,123.9,0.98,13.1
132,13,855.8,138.4,50.7,125.8,0.95,13.1
132,14,860.0,116.3,43.0,117.8,0.85,13.1
132,20,500.4,99.1,42.8,113.8,0.91,13.1
132,21,886.5,96.4,46.9,111.5,0.9,13.1
132,30,497.9,28.6,37.8,89.4,0.9,13.1
132,31,294.2,208.2,54.9,149.2,0.92,13.1
132,32,955.8,247.5,68.7,161.4,0.89,13.1
133,1,527.0,40.5,34.9,90.1,0.9,13.2
133,2,328.9,180.7,61.8,138.4,0.96,13.2
133,10,871.7,128.2,44.4,121.1,0.88,13.2
133,11,829.1,150.0,52.7,129.9,0.79,13.2
133,12,833.6,131.9,45.5,123.4,0.83,13.2
133,13,856.3,142.0,49.8,125.0,0.87,13.2
133,14,854.7,118.3,46.6,116.4,0.88,13.2
133,20,503.7,99.3,42.9,115.0,0.93,13.2
133,21,883.9,97.5,48.0,112.8,0.88,13.2
133,30,506.9,25.2,32.9,91.4,0.84,13.2
133,31,286.3,206.8,63.1,152.7,0.95,13.2
133,32,950.2,248.6,71.0,162.0,0.84,13.2
134,1,520.2,45.1,34.2,89.3,0.92,13.3
134,2,339.9,179.4,58.3,138.1,0.84,13.3
134,10,868.1,129.2,44.8,121.9,0.96,13.3
134,11,829.3,150.0,54.5,126.2,0.86,13.3
134,12,828.9,126.9,48.7,128.1,0.87,13.3
134,13,855.4,136.2,54.8,126.8,0.88,13.3
134,14,858.1,114.9,43.6,117.6,0.9,13.3
134,20,505.3,102.4,40.9,116.3,0.99,13.3
134,21,880.0,93.3,48.9,115.5,0.9,13.3
134,30,502.6,28.8,33.4,87.8,0.94,13.3
134,31,286.0,211.3,59.7,150.8,0.99,13.3
134,32,943.4,244.3,59.9,159.9,0.92,13.3
135,1,528.5,37.2,34.6,93.4,0.91,13.4
135,2,331.2,178.8,60.5,139.1,0.99,13.4
135,10,874.6,129.1,50.1,122.3,0.99,13.4
135,11,831.6,146.5,56.6,129.6,0.89,13.4
135,12,832.6,125.8,55.1,126.4,0.83,13.4
135,13,860.5,143.2,49.6,123.1,0.94,13.4
135,14,861.6,109.1,46.0,120.5,0.94,13.4
135,20,507.9,107.4,43.1,111.9,0.91,13.4
135,21,874.8,99.3,48.8,113.4,0.87,13.4
135,30,506.2,29.2,38.9,88.1,0.9,13.4
135,31,291.4,216.6,60.1,145.8,0.86,13.4
135,32,954.0,250.9,65.8,163.8,0.94,13.4
136,1,518.3,37.4,42.2,95.2,0.9,13.5
136,2,338.6,185.5,50.2,137.4,0.85,13.5
136,10,870.7,128.8,51.4,121.0,0.89,13.5
136,11,834.9,143.9,53.5,131.7,0.89,13.5
136,12,830.9,132.6,49.1,122.2,0.85,13.5
136,13,853.2,137.2,55.3,127.7,0.93,13.5
136,14,859.9,122.6,45.6,111.6,0.8,13.5
136,20,509.6,99.6,41.6,115.0,0.9,13.5
136,21,879.9,103.0,43.8,111.7,0.92,13.5
136,30,507.3,34.3,31.2,86.5,0.95,13.5
136,31,293.2,208.6,67.5,153.8,0.99,13.5
136,32,946.2,237.6,67.6,156.9,0.83,13.5
137,1,526.2,39.1,35.0,91.8,0.92,13.6
137,2,329.6,179.5,52.0,142.5,0.87,13.6
137,10,866.7,127.3,55.0,125.2,0.86,13.6
137,11,825.7,147.5,56.0,129.0,0.91,13.6
137,12,834.0,126.3,43.8,121.9,0.83,13.6
137,13,856.9,139.6,56.6,126.0,0.89,13.6
137,14,855.6,112.2,49.0,120.7,0.85,13.6
137,20,512.0,103.8,47.7,114.1,0.92,13.6
137,21,868.7,94.4,47.2,112.8,0.86,13.6
137,30,514.2,29.5,39.4,88.8,0.97,13.6
137,31,285.4,210.4,64.6,150.2,0.81,13.6
137,32,943.7,241.4,70.0,163.2,0.97,13.6
138,1,519.1,39.4,40.7,93.7,0.91,13.7
138,2,332.4,179.0,56.4,139.8,0.98,13.7
138,10,874.3,131.2,50.7,122.2,0.96,13.7
138,11,829.9,146.1,51.4,129.1,0.86,13.7
138,12,829.2,129.7,53.7,124.0,0.92,13.7
138,13,857.6,147.5,54.0,121.2,0.88,13.7
138,14,863.7,117.4,42.5,119.9,0.97,13.7
138,20,521.2,104.0,44.8,109.8,0.86,13.7
138,21,868.8,99.1,44.1,109.3,0.93,13.7
138,30,511.2,25.1,36.5,88.9,0.83,13.7
138,31,290.6,210.9,68.4,153.2,0.88,13.7
138,32,950.2,240.1,68.2,164.3,0.86,13.7
139,1,521.1,37.1,40.3,94.6,0.94,13.8
139,2,331.6,180.1,58.0,141.5,0.77,13.8
139,10,870.9,127.6,51.6,123.0,0.92,13.8
139,11,835.5,145.8,54.0,131.5,0.97,13.8
139,12,832.2,128.4,51.7,122.6,0.94,13.8
139,13,868.3,139.7,44.5,125.8,0.83,13.8
139,14,858.0,118.7,53.1,118.5,0.86,13.8
139,20,524.3,96.4,44.5,114.1,0.87,13.8
139,21,873.4,103.3,50.0,112.0,0.91,13.8
139,30,513.5,30.1,30.6,86.5,0.95,13.8
139,31,292.5,205.7,67.2,151.9,0.87,13.8
139,32,943.9,249.7,57.1,158.5,0.88,13.8
140,1,519.9,36.1,41.8,94.4,0.81,13.9
140,2,328.8,180.4,61.1,140.0,0.97,13.9
140,10,869.6,127.5,51.3,121.7,0.93,13.9
140,11,832.8,145.9,49.2,130.0,0.86,13.9
140,12,830.4,133.4,50.4,121.3,0.9,13.9
140,13,858.2,139.2,48.1,126.6,0.92,13.9
140,14,856.1,111.6,48.7,119.2,0.9,13.9
140,20,526.7,98.3,42.4,113.2,0.99,13.9
140,21,862.1,103.5,49.0,113.0,0.9,13.9
140,30,516.0,28.8,32.5,86.6,0.82,13.9
140,31,300.8,209.4,63.1,148.6,0.8,13.9
140,32,948.5,244.0,61.3,155.8,0.9,13.9
141,1,519.6,35.8,41.0,96.0,0.81,14.0
141,2,334.4,184.6,50.3,136.6,0.84,14.0
141,10,865.5,124.7,51.9,123.8,0.89,14.0
141,11,826.5,145.5,56.5,133.5,0.89,14.0
141,12,830.7,125.2,51.0,124.7,0.91,14.0
141,13,862.8,140.8,46.0,125.3,0.85,14.0
141,14,860.0,117.6,43.9,117.6,0.92,14.0
141,20,524.9,103.0,41.1,115.9,0.97,14.0
141,21,872.7,95.7,40.1,110.9,0.9,14.0
141,30,513.0,29.5,34.3,88.0,0.92,14.0
141,31,297.2,200.5,58.3,148.9,0.92,14.0
141,32,947.0,238.2,63.6,161.8,0.91,14.0
142,1,524.9,40.0,32.3,91.4,0.89,14.1
142,2,331.7,175.6,55.9,143.1,0.86,14.1
142,10,867.6,127.2,54.8,122.9,0.88,14.1
142,11,825.9,145.7,52.6,128.9,0.91,14.1
142,12,836.0,130.5,46.4,121.9,0.84,14.1
142,13,862.3,144.3,49.2,126.4,0.91,14.1
142,14,852.4,116.5,50.8,115.6,0.95,14.1
142,20,532.5,95.9,40.2,114.7,0.89,14.1
142,21,858.1,93.7,48.0,112.8,0.87,14.1
142,30,519.6,33.7,32.8,85.6,0.89,14.1
142,31,316.6,201.2,52.4,147.6,0.97,14.1
142,32,941.5,235.9,63.1,163.6,0.95,14.1
143,1,521.7,41.0,37.9,92.3,0.85,14.2
143,2,338.2,178.0,55.3,139.4,0.85,14.2
143,10,869.4,130.2,44.1,120.4,0.89,14.2
143,11,831.4,151.1,48.4,128.6,0.99,14.2
143,12,835.5,126.7,46.7,123.4,0.86,14.2
143,13,854.1,139.6,54.3,125.7,0.91,14.2
143,14,853.8,116.0,52.8,118.5,0.82,14.2
143,20,522.7,100.7,48.3,117.0,0.86,14.2
143,21,861.2,99.5,44.6,111.9,0.94,14.2
143,30,516.9,25.3,38.5,91.9,0.94,14.2
143,31,299.2,212.7,59.8,146.1,0.91,14.2
143,32,943.6,243.3,57.9,162.1,0.95,14.2
144,1,523.2,41.0,34.6,91.5,0.92,14.3
144,2,332.7,179.8,55.0,140.0,0.8,14.3
144,10,867.3,125.0,53.6,123.4,0.83,14.3
144,11,832.1,148.5,46.5,129.2,0.83,14.3
144,12,832.9,132.0,46.1,121.9,0.84,14.3
144,13,862.9,138.7,52.3,126.4,0.94,14.3
144,14,861.4,117.1,42.5,115.2,0.89,14.3
144,20,529.9,98.3,48.1,118.0,0.81,14.3
144,21,857.5,97.0,48.4,108.4,0.84,14.3
144,30,514.2,23.7,35.0,93.3,0.91,14.3
144,31,298.4,202.6,59.0,147.5,0.87,14.3
144,32,934.6,245.8,60.1,160.2,0.83,14.3
145,1,522.0,38.1,37.1,94.0,0.91,14.4
145,2,336.4,179.3,58.5,138.7,0.83,14.4
145,10,869.4,128.7,49.2,121.3,0.94,14.4
145,11,827.4,149.4,57.8,130.1,0.91,14.4
145,12,832.4,130.0,47.3,120.6,0.89,14.4
145,13,860.3,140.1,53.9,127.3,0.95,14.4
145,14,861.5,113.0,42.0,118.6,0.99,14.4
145,20,521.7,102.4,44.4,116.8,0.92,14.4
145,21,849.1,97.0,50.1,115.2,0.94,14.4
145,30,513.9,28.0,38.0,86.7,0.94,14.4
145,31,292.9,209.8,63.6,151.4,0.89,14.4
145,32,940.2,239.8,63.5,158.6,0.92,14.4
146,1,520.6,38.4,36.9,94.1,0.9,14.5
146,2,326.4,178.1,61.3,140.0,0.99,14.5
146,10,870.9,130.4,45.3,122.1,0.83,14.5
146,11,830.0,152.1,44.8,126.4,0.85,14.5
146,12,824.1,130.1,52.7,125.9,0.9,14.5
146,13,860.2,142.3,56.5,127.7,0.88,14.5
146,14,860.3,115.1,41.7,116.4,0.86,14.5
146,20,535.5,98.3,51.0,117.6,0.9,14.5
146,21,859.3,93.2,40.7,112.1,0.88,14.5
146,30,524.0,24.8,35.7,91.3,0.84,14.5
146,31,315.9,201.4,61.6,148.3,0.9,14.5
146,32,936.0,235.1,67.9,160.5,0.88,14.5
147,1,518.5,40.7,41.2,93.9,0.94,14.6
147,2,332.6,178.1,57.4,138.7,0.94,14.6
147,10,864.2,124.2,52.4,122.7,0.87,14.6
147,11,827.2,149.0,57.2,129.8,0.99,14.6
147,12,831.4,131.1,50.6,124.1,0.97,14.6
147,13,862.5,140.6,47.1,122.0,0.85,14.6
147,14,857.3,112.1,49.0,120.2,0.88,14.6
147,20,537.6,99.8,41.5,117.2,0.89,14.6
147,21,845.7,98.4,49.5,116.0,0.83,14.6
147,30,521.7,26.4,32.9,89.0,0.87,14.6
147,31,312.4,204.6,53.5,148.8,0.82,14.6
147,32,929.8,234.1,62.9,161.1,0.83,14.6
148,1,524.1,38.3,37.7,94.2,0.86,14.7
148,2,332.6,178.6,54.3,136.0,0.93,14.7
148,10,873.2,128.7,43.7,122.2,0.85,14.7
148,11,826.1,147.4,56.4,129.6,0.93,14.7
148,12,834.4,128.3,48.0,125.8,0.85,14.7
148,13,855.0,141.9,57.5,128.7,0.92,14.7
148,14,861.9,111.1,43.7,122.6,0.95,14.7
148,20,539.2,97.3,52.6,118.8,0.81,14.7
148,21,844.5,100.8,48.0,110.4,0.96,14.7
148,30,521.6,20.8,38.8,88.7,0.87,14.7
148,31,314.9,198.3,52.4,146.5,0.87,14.7
148,32,930.0,234.7,57.5,157.8,0.86,14.7
149,1,521.3,37.9,37.2,92.8,0.91,14.8
149,2,328.5,180.1,61.6,139.5,0.89,14.8
149,10,872.8,128.9,46.3,120.7,0.9,14.8
149,11,827.2,143.3,57.8,131.6,0.92,14.8
149,12,830.6,129.0,49.6,125.0,0.96,14.8
149,13,859.4,142.5,45.0,124.7,0.97,14.8
149,14,859.2,114.9,45.1,122.2,0.93,14.8
149,20,536.9,101.7,48.6,115.0,0.95,14.8
149,21,840.6,97.4,50.8,116.3,0.89,14.8
149,30,517.1,25.1,36.6,90.6,0.95,14.8
149,31,323.4,196.2,61.8,146.9,0.78,14.8
149,32,926.2,244.7,67.3,158.8,0.87,14.8
150,1,522.6,34.8,39.6,97.5,0.92,14.9
150,2,323.5,181.8,53.9,142.9,0.86,14.9
150,10,870.0,126.7,45.8,124.0,0.9,14.9
150,11,824.5,144.4,57.5,131.4,0.93,14.9
150,12,833.7,129.8,51.8,123.3,0.94,14.9
150,13,852.3,140.3,53.9,123.3,0.99,14.9
150,14,863.1,120.3,40.1,112.8,0.84,14.9
150,20,543.6,99.0,41.8,116.5,0.96,14.9
150,21,837.6,100.6,47.3,109.7,0.85,14.9
150,30,522.5,25.3,32.3,88.5,0.85,14.9
150,31,310.3,197.1,66.9,150.1,0.96,14.9
150,32,926.8,239.6,66.3,157.6,0.78,14.9
151,1,524.6,35.3,35.5,94.6,0.99,15.0
151,2,323.4,182.6,56.1,141.2,0.86,15.0
151,10,871.5,131.0,45.1,122.7,0.96,15.0
151,11,831.7,147.2,50.0,128.2,0.96,15.0
151,12,833.8,127.2,53.9,122.8,0.9,15.0
151,13,859.3,135.3,56.4,130.8,0.88,15.0
151,14,858.3,112.6,45.2,119.0,0.96,15.0
151,20,538.1,102.5,42.7,114.6,0.91,15.0
151,21,849.0,99.7,42.3,113.1,0.97,15.0
151,30,521.8,28.3,35.5,83.9,0.91,15.0
151,31,313.2,206.6,64.0,145.9,0.84,15.0
151,32,938.9,240.0,62.7,160.3,0.85,15.0
152,1,521.3,40.2,41.3,92.4,0.86,15.1
152,2,323.5,184.4,57.0,141.9,0.9,15.1
152,10,866.6,125.8,55.4,124.8,0.97,15.1
152,11,829.3,142.2,52.7,131.0,0.86,15.1
152,12,825.2,132.9,54.3,122.2,0.86,15.1
152,13,860.0,137.7,48.7,126.8,0.87,15.1
152,14,858.8,114.0,46.7,120.4,0.88,15.1
152,20,550.1,103.4,44.3,115.0,0.92,15.1
152,21,837.8,97.7,50.0,111.3,0.84,15.1
152,30,524.1,28.5,38.0,87.1,0.88,15.1
152,31,314.4,199.1,53.9,146.2,0.85,15.1
152,32,932.1,236.6,60.1,158.2,0.9,15.1
153,1,520.4,39.3,37.1,92.2,0.94,15.2
153,2,335.2,182.0,52.6,136.3,0.86,15.2
153,10,877.0,128.4,47.8,121.8,0.89,15.2
153,11,830.4,151.2,50.1,128.0,0.85,15.2
153,12,832.0,136.1,44.3,121.1,0.9,15.2
153,13,855.5,142.9,50.1,124.7,0.86,15.2
153,14,854.5,113.7,46.7,117.7,0.89,15.2
153,20,549.8,103.0,49.9,112.2,0.9,15.2
153,21,840.1,93.1,43.0,114.2,0.88,15.2
153,30,530.4,23.1,38.9,88.4,0.9,15.2
153,31,309.9,200.4,56.1,148.1,0.99,15.2
153,32,935.2,242.4,58.0,162.6,0.87,15.2
154,1,522.0,38.4,38.3,93.7,0.9,15.3
154,2,323.8,180.5,57.9,142.9,0.87,15.3
154,10,870.4,127.3,52.1,124.7,0.89,15.3
154,11,835.0,146.0,46.3,130.8,0.87,15.3
154,12,832.7,130.6,53.2,125.6,0.97,15.3
154,13,856.1,134.8,57.1,128.2,0.9,15.3
154,14,859.4,114.4,43.3,117.4,0.81,15.3
154,20,552.5,106.9,39.9,112.1,0.89,15.3
154,21,834.9,98.9,49.9,111.8,0.84,15.3
154,30,532.6,22.5,33.1,87.3,0.93,15.3
154,31,320.6,198.6,60.3,146.4,0.81,15.3
154,32,931.3,241.4,64.6,156.5,0.87,15.3
155,1,523.6,39.6,33.4,92.3,0.92,15.4
155,2,326.3,178.3,60.0,142.7,0.91,15.4
155,10,873.5,126.8,46.8,124.5,0.87,15.4
155,11,831.0,143.4,52.0,132.0,0.98,15.4
155,12,832.6,125.6,51.3,125.7,0.83,15.4
155,13,857.7,138.5,55.4,128.8,0.91,15.4
155,14,860.0,118.2,44.9,116.0,0.94,15.4
155,20,553.8,105.7,46.6,114.1,0.86,15.4
155,21,830.9,96.3,51.1,117.6,0.86,15.4
155,30,529.4,26.6,35.4,88.4,0.95,15.4
155,31,315.0,201.2,54.9,152.7,0.91,15.4
155,32,941.6,237.6,58.5,157.8,0.88,15.4
156,1,523.9,40.6,32.6,91.6,0.85,15.5
156,2,335.7,177.9,53.6,141.3,0.9,15.5
156,10,871.9,129.6,47.5,121.3,0.9,15.5
156,11,833.5,150.3,53.7,131.0,0.98,15.5
156,12,828.6,130.3,47.0,125.9,0.98,15.5
156,13,861.3,139.0,47.0,127.3,0.95,15.5
156,14,858.9,116.8,46.3,118.1,0.77,15.5
156,20,556.1,105.0,39.2,108.4,0.9,15.5
156,21,831.1,98.0,42.0,108.0,0.89,15.5
156,30,530.5,25.1,34.0,90.5,0.88,15.5
156,31,320.3,203.0,60.3,147.7,0.8,15.5
156,32,932.9,236.2,63.8,159.6,0.93,15.5
157,1,527.9,34.8,33.6,94.1,0.91,15.6
157,2,327.7,184.8,55.4,139.8,0.87,15.6
157,10,870.2,131.3,47.2,120.1,0.88,15.6
157,11,831.7,149.9,50.1,132.6,0.85,15.6
157,12,826.9,131.3,51.3,125.1,0.92,15.6
157,13,857.5,135.9,55.8,128.7,0.99,15.6
157,14,855.5,114.9,50.9,118.9,0.84,15.6
157,20,554.6,100.7,49.7,112.0,0.99,15.6
157,21,831.4,97.2,40.8,114.1,0.84,15.6
157,30,536.6,25.3,32.6,87.5,0.95,15.6
157,31,310.6,197.6,57.4,149.4,0.9,15.6
157,32,924.8,229.0,70.4,159.9,0.9,15.6
158,1,520.9,39.3,38.7,92.9,0.86,15.7
158,2,329.9,177.9,59.6,143.3,0.9,15.7
158,10,871.8,126.6,56.5,126.4,0.89,15.7
158,11,829.0,149.0,51.6,125.5,0.85,15.7
158,12,833.2,128.6,49.0,124.4,0.97,15.7
158,13,860.9,142.0,49.1,125.5,0.9,15.7
158,14,856.1,116.7,48.0,117.7,0.85,15.7
158,20,555.3,101.0,42.1,115.9,0.91,15.7
158,21,829.5,95.3,43.5,115.2,0.93,15.7
158,30,534.3,24.5,34.2,86.4,0.9,15.7
158,31,329.5,193.3,52.6,145.6,0.82,15.7
158,32,919.5,231.8,64.5,158.7,0.94,15.7
159,1,521.6,40.8,39.9,90.7,0.93,15.8
159,2,327.7,175.9,61.6,140.7,0.89,15.8
159,10,874.3,130.7,43.4,121.7,0.88,15.8
159,11,829.6,150.0,50.3,126.6,0.82,15.8
159,12,834.9,128.8,44.6,125.3,0.85,15.8
159,13,864.5,140.8,46.6,126.8,0.85,15.8
159,14,859.6,113.5,46.0,118.1,0.86,15.8
159,20,564.4,102.6,41.9,113.5,0.95,15.8
159,21,824.1,96.6,42.5,111.5,0.78,15.8
159,30,531.1,19.0,36.6,90.0,0.95,15.8
159,31,322.3,195.6,53.5,146.8,0.91,15.8
159,32,925.9,236.6,69.0,159.0,0.83,15.8
160,1,518.5,38.6,38.3,93.8,0.93,15.9
160,2,320.7,182.2,63.0,140.7,0.87,15.9
160,10,868.4,124.2,49.5,126.1,0.86,15.9
160,11,837.9,149.3,48.4,127.1,0.92,15.9
160,12,830.6,131.0,49.9,125.1,0.97,15.9
160,13,860.3,139.4,46.8,127.9,0.83,15.9
160,14,858.4,113.3,47.4,120.5,0.89,15.9
160,20,567.1,96.6,44.1,114.5,0.91,15.9
160,21,821.8,95.4,47.5,113.8,0.9,15.9
160,30,537.5,27.5,37.0,87.6,0.91,15.9
160,31,321.7,193.6,57.3,145.8,0.97,15.9
160,32,928.8,232.5,64.4,158.7,0.93,15.9
161,1,528.0,39.1,33.3,91.0,0.85,16.0
161,2,326.7,181.9,57.9,140.3,0.94,16.0
161,10,875.3,133.9,44.6,119.8,0.87,16.0
161,11,831.2,147.3,46.4,128.1,0.88,16.0
161,12,838.2,133.5,42.4,120.0,0.92,16.0
161,13,862.5,140.5,47.8,124.1,0.87,16.0
161,14,857.9,111.1,50.4,123.3,0.82,16.0
161,20,563.4,100.3,47.0,114.3,0.99,16.0
161,21,825.2,96.1,48.3,115.4,0.85,16.0
161,30,536.1,27.5,31.4,84.1,0.84,16.0
161,31,325.4,198.0,54.2,146.0,0.89,16.0
161,32,926.1,232.3,60.8,161.0,0.96,16.0
162,1,523.5,36.1,38.0,95.5,0.93,16.1
162,2,333.2,178.9,57.2,139.4,0.89,16.1
162,10,866.8,128.7,53.3,121.2,0.79,16.1
162,11,833.1,149.5,52.4,129.7,0.87,16.1
162,12,830.4,132.3,48.4,123.6,0.8,16.1
162,13,859.6,139.6,49.2,127.8,0.95,16.1
162,14,854.2,117.3,53.1,118.1,0.85,16.1
162,20,571.3,94.3,41.9,116.7,0.89,16.1
162,21,821.0,101.3,40.0,112.8,0.85,16.1
162,30,535.2,23.5,34.6,85.6,0.93,16.1
162,31,327.4,192.3,55.3,146.9,0.9,16.1
162,32,924.5,231.2,55.3,157.7,0.9,16.1
163,1,524.2,35.5,34.4,95.2,0.81,16.2
163,2,329.3,182.5,51.2,140.2,0.83,16.2
163,10,873.7,128.4,53.6,122.5,0.88,16.2
163,11,827.2,146.2,56.4,127.1,0.95,16.2
163,12,829.4,131.8,43.7,122.5,0.96,16.2
163,13,864.2,136.9,48.8,125.3,0.9,16.2
163,14,860.1,114.2,47.2,118.3,0.93,16.2
163,20,565.8,101.3,47.7,112.9,0.85,16.2
163,21,819.6,94.8,46.3,111.9,0.92,16.2
163,30,539.9,22.6,38.9,87.1,0.87,16.2
163,31,335.9,187.5,61.7,145.7,0.89,16.2
163,32,910.3,233.6,69.1,155.6,0.82,16.2
164,1,522.1,41.6,35.1,91.9,0.86,16.3
164,2,325.4,187.0,51.1,139.6,0.96,16.3
164,10,877.1,126.3,45.2,124.8,0.81,16.3
164,11,827.9,149.0,51.6,131.7,0.84,16.3
164,12,833.4,130.3,48.9,121.4,0.84,16.3
164,13,860.3,138.4,58.0,129.8,0.98,16.3
164,14,854.7,112.9,50.3,119.8,0.9,16.3
164,20,578.0,101.1,41.3,115.0,0.98,16.3
164,21,802.2,96.9,49.3,110.1,0.89,16.3
164,30,534.6,21.2,32.9,93.5,0.87,16.3
164,31,333.5,197.0,52.8,144.0,0.92,16.3
164,32,915.3,237.1,70.4,157.1,0.83,16.3
165,1,523.1,42.7,35.8,91.3,0.84,16.4
165,2,330.2,182.3,56.6,140.7,0.96,16.4
165,10,869.0,129.3,53.8,121.0,0.91,16.4
165,11,832.5,148.3,51.5,129.0,0.85,16.4
165,12,835.9,129.0,45.0,124.3,0.99,16.4
165,13,861.7,137.2,48.1,128.3,0.96,16.4
165,14,856.2,117.3,45.9,117.0,0.88,16.4
165,20,578.0,99.6,46.1,115.3,0.85,16.4
165,21,816.1,100.4,45.5,112.8,0.86,16.4
165,30,542.2,19.2,38.5,88.7,0.86,16.4
165,31,337.5,192.6,52.9,144.2,0.9,16.4
165,32,920.8,234.2,68.8,154.9,0.86,16.4
166,1,525.1,38.6,35.2,93.8,0.92,16.5
166,2,332.7,175.1,63.6,142.5,0.86,16.5
166,10,875.3,132.5,44.7,120.9,0.9,16.5
166,11,838.3,151.2,45.6,130.0,0.89,16.5
166,12,830.1,131.7,49.2,123.5,0.86,16.5
166,13,859.4,139.1,53.6,125.5,0.87,16.5
166,14,859.5,118.3,51.7,118.2,0.88,16.5
166,20,575.5,106.4,46.4,110.5,0.98,16.5
166,21,807.0,98.9,42.4,113.8,0.89,16.5
166,30,545.8,25.4,32.8,84.7,0.96,16.5
166,31,323.9,197.5,60.8,146.7,0.96,16.5
166,32,923.9,231.0,68.2,157.7,0.89,16.5
167,1,527.1,38.3,33.3,94.1,0.88,16.6
167,2,329.0,183.6,51.9,139.9,0.91,16.6
167,10,868.0,127.9,50.0,122.3,0.9,16.6
167,11,833.4,148.8,46.3,128.4,0.92,16.6
167,12,827.9,133.1,51.0,122.0,0.88,16.6
167,13,856.3,135.3,57.0,127.7,0.9,16.6
167,14,854.8,113.1,50.6,122.3,0.89,16.6
167,20,576.7,99.0,49.2,114.5,0.97,16.6
167,21,812.6,101.6,43.8,113.1,0.96,16.6
167,30,549.1,23.3,31.2,86.0,0.82,16.6
167,31,333.4,188.5,57.8,144.5,0.78,16.6
167,32,923.3,231.9,57.5,155.0,0.9,16.6
168,1,522.4,34.4,40.4,97.1,0.81,16.7
168,2,324.2,183.1,55.2,140.3,0.95,16.7
168,10,871.8,127.1,51.6,123.4,0.83,16.7
168,11,828.6,145.8,53.2,130.9,0.94,16.7
168,12,828.1,131.9,46.4,122.2,0.84,16.7
168,13,853.9,141.7,54.4,129.0,0.86,16.7
168,14,862.2,115.7,41.0,113.7,0.9,16.7
168,20,576.4,98.8,44.1,114.9,0.81,16.7
168,21,810.8,103.5,45.7,111.0,0.87,16.7
168,30,548.9,24.8,31.0,87.1,0.92,16.7
168,31,341.2,190.7,50.8,143.0,0.89,16.7
168,32,907.0,229.1,67.9,156.0,0.9,16.7
169,1,522.2,40.3,38.6,90.8,0.9,16.8
169,2,324.7,184.6,51.2,140.0,0.95,16.8
169,10,870.0,130.9,48.6,122.0,0.93,16.8
169,11,827.0,142.5,52.1,131.7,0.99,16.8
169,12,828.2,127.6,55.9,124.7,0.89,16.8
169,13,857.6,138.2,55.8,128.1,0.79,16.8
169,14,856.4,119.4,50.8,113.7,0.9,16.8
169,20,584.6,103.6,46.0,115.5,0.93,16.8
169,21,805.7,101.2,48.4,110.7,0.99,16.8
169,30,542.3,19.8,39.1,88.2,0.99,16.8
169,31,340.7,190.4,61.6,144.3,0.91,16.8
169,32,921.7,229.2,60.2,155.8,0.91,16.8
170,1,525.7,38.1,35.3,92.4,0.99,16.9
170,2,328.2,184.8,60.6,138.5,0.84,16.9
170,10,872.9,126.9,50.2,123.0,0.95,16.9
170,11,828.1,147.2,48.6,132.3,0.94,16.9
170,12,830.2,130.0,53.5,123.3,0.9,16.9
170,13,859.8,139.6,50.8,124.6,0.9,16.9
170,14,864.7,116.0,41.5,116.2,0.77,16.9
170,20,584.4,95.8,44.4,114.5,0.91,16.9
170,21,804.3,98.6,40.6,114.4,0.89,16.9
170,30,552.7,18.8,34.8,89.2,0.85,16.9
170,31,344.7,189.8,54.2,147.0,0.84,16.9
170,32,909.1,233.3,65.9,152.5,0.91,16.9
171,1,524.7,37.6,35.7,94.0,0.85,17.0
171,2,322.6,181.8,55.6,138.0,0.92,17.0
171,10,873.6,129.1,44.6,119.4,0.87,17.0
171,11,823.9,149.6,57.6,131.8,0.88,17.0
171,12,835.2,130.4,46.7,124.1,0.92,17.0
171,13,859.4,140.6,50.2,125.4,0.9,17.0
171,14,862.5,116.7,42.8,117.0,0.94,17.0
171,20,590.4,98.8,46.1,116.7,0.86,17.0
171,21,798.1,96.8,41.5,113.4,0.94,17.0
171,30,550.8,22.4,34.7,85.7,0.91,17.0
171,31,338.8,197.4,51.9,141.4,0.96,17.0
171,32,907.4,231.3,68.5,159.2,0.9,17.0
172,1,525.6,41.6,34.2,91.2,0.91,17.1
172,2,331.9,182.7,50.1,140.0,0.9,17.1
172,10,867.4,124.5,52.0,126.7,0.88,17.1
172,11,832.1,152.6,45.4,128.3,0.87,17.1
172,12,830.1,129.9,53.9,124.1,0.96,17.1
172,13,858.8,137.0,52.0,127.3,0.89,17.1
172,14,856.9,110.2,44.7,122.7,0.92,17.1
172,20,590.0,95.7,40.1,110.6,0.82,17.1
172,21,801.3,100.6,44.3,114.0,0.9,17.1
172,30,551.5,20.2,33.7,87.6,0.91,17.1
172,31,337.2,192.7,61.4,139.8,0.99,17.1
172,32,921.1,227.0,59.0,157.5,0.93,17.1
173,1,527.0,43.2,33.7,89.5,0.9,17.2
173,2,316.2,187.3,54.3,139.4,0.96,17.2
173,10,868.4,128.1,54.3,120.9,0.9,17.2
173,11,830.6,144.5,50.6,129.5,0.92,17.2
173,12,831.9,130.1,46.0,122.8,0.92,17.2
173,13,857.9,139.4,57.0,126.8,0.83,17.2
173,14,863.7,109.7,44.9,123.9,0.92,17.2
173,20,587.1,99.1,48.0,115.0,0.94,17.2
173,21,796.2,97.1,42.7,116.3,0.85,17.2
173,30,547.0,20.2,37.8,89.5,0.85,17.2
173,31,347.4,190.9,51.8,142.9,0.86,17.2
173,32,910.0,230.1,67.4,158.2,0.98,17.2
174,1,520.7,39.3,35.6,92.5,0.87,17.3
174,2,329.4,180.4,54.7,139.9,0.92,17.3
174,10,871.9,126.3,43.8,122.5,0.95,17.3
174,11,835.3,152.9,49.0,127.2,0.91,17.3
174,12,829.0,125.9,55.2,127.2,0.91,17.3
174,13,858.6,141.1,55.2,126.1,0.9,17.3
174,14,862.4,119.1,44.8,116.4,0.86,17.3
174,20,591.2,107.3,40.5,110.1,0.97,17.3
174,21,796.3,99.3,40.3,114.0,0.89,17.3
174,30,556.6,22.0,37.6,86.0,0.86,17.3
174,31,345.5,186.0,55.0,140.3,0.84,17.3
174,32,907.0,223.7,66.2,156.0,0.95,17.3
175,1,521.5,38.8,35.9,92.5,0.93,17.4
175,2,329.3,184.6,60.1,136.1,0.99,17.4
175,10,872.0,125.7,49.1,121.4,0.86,17.4
175,11,831.2,147.2,46.6,129.5,0.88,17.4
175,12,833.0,131.7,51.3,122.0,0.93,17.4
175,13,858.7,140.2,52.3,125.3,0.88,17.4
175,14,860.8,113.1,41.7,118.4,0.9,17.4
175,20,594.7,100.7,41.7,114.7,0.94,17.4
175,21,788.2,99.5,47.8,113.0,0.9,17.4
175,30,558.6,20.8,36.0,86.3,0.89,17.4
175,31,347.6,189.9,55.7,138.8,0.91,17.4
175,32,904.4,229.9,65.3,154.9,0.91,17.4
176,1,524.3,37.3,38.3,95.3,0.88,17.5
176,2,323.4,183.3,56.4,140.8,0.94,17.5
176,10,866.5,124.4,53.3,122.9,0.92,17.5
176,11,830.1,147.2,48.9,130.0,0.91,17.5
176,12,830.6,127.8,52.7,123.0,0.94,17.5
176,13,864.4,137.3,48.8,126.6,0.79,17.5
176,14,854.1,118.4,52.0,118.3,0.99,17.5
176,20,607.7,99.1,44.2,116.4,0.93,17.5
176,21,789.7,97.6,46.6,109.3,0.87,17.5
176,30,555.0,21.7,34.1,87.2,0.93,17.5
176,31,351.4,188.3,49.8,140.8,0.97,17.5
176,32,912.4,226.3,53.2,148.4,0.89,17.5
177,1,523.9,37.1,33.3,93.5,0.88,17.6
177,2,328.3,182.6,59.2,145.3,0.79,17.6
177,10,871.1,124.8,50.7,122.6,0.94,17.6
177,11,830.9,143.0,52.1,133.6,0.87,17.6
177,12,832.4,129.2,51.7,123.2,0.85,17.6
177,13,853.4,139.0,54.6,128.0,0.93,17.6
177,14,860.7,108.5,44.6,122.2,0.88,17.6
177,20,599.7,98.0,45.9,117.1,0.86,17.6
177,21,786.4,98.7,47.3,115.5,0.84,17.6
177,30,557.3,19.7,39.4,87.7,0.84,17.6
177,31,347.6,184.9,52.8,144.2,0.92,17.6
177,32,900.6,224.9,67.9,153.8,0.94,17.6
178,1,520.8,36.2,42.3,94.2,0.96,17.7
178,2,324.0,182.2,61.7,142.2,0.93,17.7
178,10,869.8,133.7,52.0,120.4,0.89,17.7
178,11,824.0,143.4,56.8,132.8,0.82,17.7
178,12,830.3,130.7,46.2,126.2,0.96,17.7
178,13,860.9,135.3,45.6,128.3,0.95,17.7
178,14,862.9,114.6,43.4,116.0,0.91,17.7
178,20,606.6,100.1,41.1,116.8,0.9,17.7
178,21,785.7,94.5,39.3,111.5,0.92,17.7
178,30,563.0,16.0,34.3,88.6,0.91,17.7
178,31,348.0,192.3,56.0,139.7,0.9,17.7
178,32,909.9,225.5,59.0,152.7,0.82,17.7
179,1,520.3,35.6,39.2,96.6,0.9,17.8
179,2,334.1,181.7,50.2,137.5,0.84,17.8
179,10,874.3,128.4,50.3,119.0,0.88,17.8
179,11,833.2,149.2,50.7,127.7,0.81,17.8
179,12,834.7,129.7,45.7,125.8,0.89,17.8
179,13,865.6,141.6,43.5,123.8,0.89,17.8
179,14,856.2,113.4,49.4,120.8,0.99,17.8
179,20,601.9,100.4,43.8,113.8,0.99,17.8
179,21,785.4,93.8,46.3,111.5,0.9,17.8
179,30,559.4,22.8,33.3,86.6,0.92,17.8
179,31,345.1,193.3,62.8,143.4,0.89,17.8
179,32,898.9,223.4,66.9,155.2,0.94,17.8
180,1,524.3,39.4,37.3,93.2,0.87,17.9
180,2,327.8,178.2,59.7,142.7,0.9,17.9
180,10,873.6,124.1,45.5,124.9,0.95,17.9
180,11,831.1,147.3,49.8,128.1,0.96,17.9
180,12,829.1,126.5,55.8,126.9,0.94,17.9
180,13,853.8,142.2,56.9,127.5,0.92,17.9
180,14,863.9,117.0,49.4,118.3,0.99,17.9
180,20,606.0,100.8,42.3,113.7,0.91,17.9
180,21,785.5,101.4,49.1,113.2,0.86,17.9
180,30,564.4,22.1,34.5,86.8,0.86,17.9
180,31,356.6,186.6,51.6,138.7,0.95,17.9
180,32,905.9,227.8,62.9,156.4,0.87,17.9
181,1,518.6,42.2,37.2,90.1,0.86,18.0
181,2,329.3,183.6,52.6,138.9,0.97,18.0
181,10,867.0,127.5,51.8,123.3,0.91,18.0
181,11,827.9,149.0,54.8,131.3,0.86,18.0
181,12,833.0,132.2,44.5,123.0,0.84,18.0
181,13,854.2,136.0,54.3,129.6,0.91,18.0
181,14,860.3,113.7,42.7,120.3,0.98,18.0
181,20,617.3,100.0,41.4,117.1,0.88,18.0
181,21,785.3,97.1,42.0,113.0,0.92,18.0
181,30,568.1,20.8,32.2,85.1,0.91,18.0
181,31,354.1,187.8,51.3,141.6,0.78,18.0
181,32,902.9,230.7,64.1,153.6,0.85,18.0
182,1,521.0,39.1,40.5,93.2,0.85,18.1
182,2,326.1,182.5,58.8,141.1,0.84,18.1
182,10,873.9,127.6,49.5,124.5,0.89,18.1
182,11,828.0,147.4,52.0,131.5,0.92,18.1
182,12,832.0,129.3,53.2,124.2,0.92,18.1
182,13,858.2,138.0,45.0,128.3,0.97,18.1
182,14,860.4,116.4,49.2,120.2,0.91,18.1
182,20,606.2,100.4,52.4,118.6,0.87,18.1
182,21,785.0,101.1,42.3,112.9,0.93,18.1
182,30,559.5,18.3,33.6,87.8,0.82,18.1
182,31,355.8,184.7,57.4,146.9,0.94,18.1
182,32,909.6,220.6,53.8,150.5,0.81,18.1
183,1,526.4,36.5,37.6,92.8,0.93,18.2
183,2,313.8,186.9,58.0,137.3,0.91,18.2
183,10,867.2,132.6,53.8,119.8,0.88,18.2
183,11,832.8,147.6,48.2,130.3,0.95,18.2
183,12,833.6,127.6,54.5,125.6,0.86,18.2
183,13,857.7,141.4,52.1,126.0,0.85,18.2
183,14,856.6,113.4,51.4,120.2,0.88,18.2
183,20,617.7,100.3,40.7,110.1,0.98,18.2
183,21,769.6,98.1,52.3,116.3,0.85,18.2
183,30,566.5,21.0,35.7,87.1,0.87,18.2
183,31,346.1,190.0,61.9,140.8,0.89,18.2
183,32,899.8,220.4,66.3,156.5,0.85,18.2
184,1,519.8,35.0,40.4,97.5,0.92,18.3
184,2,328.5,181.6,53.3,143.2,0.98,18.3
184,10,866.1,131.9,48.5,117.7,0.93,18.3
184,11,825.9,144.0,58.4,132.7,0.87,18.3
184,12,827.9,126.6,49.6,123.8,0.87,18.3
184,13,860.5,141.1,49.4,127.4,0.93,18.3
184,14,854.8,116.9,52.2,118.4,0.91,18.3
184,20,624.1,100.3,40.9,114.4,0.9,18.3
184,21,767.4,95.9,50.5,113.7,0.85,18.3
184,30,565.5,19.4,35.6,84.6,0.91,18.3
184,31,356.3,180.6,61.7,140.9,0.85,18.3
184,32,894.3,224.6,58.3,152.1,0.95,18.3
185,1,520.4,42.4,35.0,91.2,0.98,18.4
185,2,323.9,187.9,53.0,140.7,0.85,18.4
185,10,871.5,129.7,44.7,121.5,0.95,18.4
185,11,834.0,147.6,45.8,128.8,0.88,18.4
185,12,828.5,128.8,46.8,124.2,0.87,18.4
185,13,857.5,138.1,53.3,124.3,0.92,18.4
185,14,861.2,113.7,48.0,116.7,0.92,18.4
185,20,610.2,98.6,45.8,112.1,0.88,18.4
185,21,764.1,98.9,45.9,111.7,0.93,18.4
185,30,563.7,17.4,38.7,87.3,0.85,18.4
185,31,354.3,188.6,58.1,140.4,0.81,18.4
185,32,904.2,226.5,55.5,157.1,0.99,18.4
186,1,525.2,41.4,32.8,91.3,0.9,18.5
186,2,327.0,181.7,53.7,143.2,0.82,18.5
186,10,869.4,130.3,51.7,120.5,0.86,18.5
186,11,831.1,147.5,53.2,130.9,0.95,18.5
186,12,832.3,131.7,46.0,123.4,0.97,18.5
186,13,857.8,136.1,55.9,129.1,0.99,18.5
186,14,858.9,113.4,46.1,118.3,0.87,18.5
186,20,624.3,96.9,47.4,113.6,0.91,18.5
186,21,769.3,94.7,42.9,114.0,0.95,18.5
186,30,565.7,18.4,30.3,86.1,0.9,18.5
186,31,366.4,180.9,52.0,138.1,0.92,18.5
186,32,888.2,224.7,66.0,154.9,0.87,18.5
187,1,522.8,39.8,34.4,93.0,0.88,18.6
187,2,324.7,179.3,63.5,145.4,0.88,18.6
187,10,868.0,128.1,54.7,123.0,0.96,18.6
187,11,838.2,147.7,47.9,130.2,0.87,18.6
187,12,829.4,131.2,52.9,124.2,0.83,18.6
187,13,852.8,136.6,56.0,127.0,0.93,18.6
187,14,857.8,114.3,50.8,117.4,0.89,18.6
187,20,627.8,105.1,43.7,110.3,0.88,18.6
187,21,767.9,99.0,42.4,109.3,0.97,18.6
187,30,571.8,21.1,32.6,84.1,0.86,18.6
187,31,356.9,175.7,59.2,142.6,0.9,18.6
187,32,903.3,229.5,64.4,154.4,0.94,18.6
188,1,523.1,36.6,40.2,95.5,0.83,18.7
188,2,322.6,174.7,63.6,141.6,0.93,18.7
188,10,870.6,126.4,53.1,124.9,0.95,18.7
188,11,829.5,151.1,45.3,128.9,0.99,18.7
188,12,830.2,126.9,51.6,126.9,0.94,18.7
188,13,857.5,138.6,51.9,130.2,0.85,18.7
188,14,859.2,119.1,41.4,117.1,0.86,18.7
188,20,627.2,99.1,44.8,115.4,0.92,18.7
188,21,763.5,98.4,47.3,115.4,0.87,18.7
188,30,571.1,21.5,35.1,82.2,0.91,18.7
188,31,362.7,185.7,48.9,136.9,0.85,18.7
188,32,878.6,227.9,62.4,157.5,0.86,18.7
189,1,523.7,37.2,36.1,94.9,0.87,18.8
189,2,324.7,182.2,51.0,144.0,0.91,18.8
189,10,870.9,130.2,48.6,121.6,0.87,18.8
189,11,829.9,147.4,52.8,134.3,0.91,18.8
189,12,828.3,137.0,52.4,119.6,0.89,18.8
189,13,861.1,137.1,51.6,127.8,0.89,18.8
189,14,858.3,119.5,48.5,114.4,0.89,18.8
189,20,626.3,104.4,48.7,111.8,0.86,18.8
189,21,758.5,97.6,45.1,115.0,0.93,18.8
189,30,572.5,16.6,33.0,87.1,0.93,18.8
189,31,363.1,180.6,49.2,139.4,0.93,18.8
189,32,898.6,212.8,58.3,152.5,0.92,18.8
190,1,524.2,41.9,31.8,89.7,0.9,18.9
190,2,323.7,183.7,53.5,142.7,0.99,18.9
190,10,871.5,129.1,52.6,120.9,0.85,18.9
190,11,835.5,150.0,50.0,126.4,0.86,18.9
190,12,825.4,129.5,53.6,125.0,0.89,18.9
190,13,862.8,139.7,46.9,121.8,0.88,18.9
190,14,862.5,114.0,42.9,121.8,0.98,18.9
190,20,626.5,99.0,50.5,113.1,0.92,18.9
190,21,762.6,95.6,42.4,115.4,0.81,18.9
190,30,577.4,16.5,32.9,88.2,0.94,18.9
190,31,365.9,188.1,59.8,138.8,0.9,18.9
190,32,888.4,226.7,62.8,153.3,0.93,18.9
191,1,519.9,36.8,42.4,95.4,0.9,19.0
191,2,323.1,186.0,56.2,141.8,0.85,19.0
191,10,869.3,130.9,53.0,122.4,0.99,19.0
191,11,833.1,143.9,51.2,132.3,0.92,19.0
191,12,827.6,130.3,55.5,125.1,0.87,19.0
191,13,858.2,142.7,51.3,123.7,0.94,19.0
191,14,861.6,117.3,40.8,116.0,0.85,19.0
191,20,636.6,99.2,38.8,110.7,0.9,19.0
191,21,756.2,92.2,49.9,115.6,0.89,19.0
191,30,585.7,17.0,35.7,86.7,0.89,19.0
191,31,378.1,172.4,52.7,140.8,0.98,19.0
191,32,892.7,216.9,61.4,154.6,0.93,19.0
192,1,525.1,36.5,37.5,94.0,0.95,19.1
192,2,318.9,182.1,64.1,143.3,0.89,19.1
192,10,866.4,134.4,53.9,120.2,0.86,19.1
192,11,828.9,151.0,56.0,128.0,0.93,19.1
192,12,829.0,130.0,53.7,123.9,0.94,19.1
192,13,863.7,139.5,43.8,125.0,0.85,19.1
192,14,856.4,111.9,51.4,124.2,0.94,19.1
192,20,634.0,102.5,49.6,113.2,0.94,19.1
192,21,757.4,98.8,46.0,112.5,0.91,19.1
192,30,578.4,20.5,34.8,83.1,0.99,19.1
192,31,376.6,182.6,51.7,137.1,0.82,19.1
192,32,892.6,219.4,57.4,156.3,0.83,19.1
193,1,522.3,42.5,36.6,91.0,0.91,19.2
193,2,322.3,186.3,59.2,142.4,0.91,19.2
193,10,866.2,126.3,53.1,124.1,0.86,19.2
193,11,835.7,147.5,47.9,131.9,0.94,19.2
193,12,832.2,130.3,45.9,126.3,0.97,19.2
193,13,858.5,139.1,53.2,127.2,0.83,19.2
193,14,858.2,114.2,49.2,119.3,0.93,19.2
193,20,637.3,97.1,48.1,110.4,0.95,19.2
193,21,754.8,95.5,38.7,110.4,0.9,19.2
193,30,574.8,22.7,36.1,84.8,0.94,19.2
193,31,366.4,179.4,57.1,143.3,0.95,19.2
193,32,888.3,221.9,57.9,150.5,0.88,19.2
194,1,520.0,35.9,41.7,94.9,0.78,19.3
194,2,320.1,177.0,54.8,145.8,0.88,19.3
194,10,868.1,130.1,51.4,125.3,0.9,19.3
194,11,831.0,153.4,52.2,129.4,0.95,19.3
194,12,832.3,136.8,46.9,121.0,0.99,19.3
194,13,858.0,142.0,54.4,125.3,0.93,19.3
194,14,857.6,115.4,52.8,122.1,0.91,19.3
194,20,635.2,99.4,41.3,114.4,0.97,19.3
194,21,753.0,105.8,43.4,106.2,0.91,19.3
194,30,584.3,13.3,34.0,86.6,0.94,19.3
194,31,377.6,174.0,54.1,136.9,0.87,19.3
194,32,894.1,217.0,57.2,152.3,0.89,19.3
195,1,523.7,41.1,35.6,91.6,0.89,19.4
195,2,326.4,184.6,52.8,144.3,0.97,19.4
195,10,869.0,129.2,51.6,120.9,0.89,19.4
195,11,831.3,145.1,49.8,129.2,0.89,19.4
195,12,832.8,129.6,47.3,124.4,0.9,19.4
195,13,859.0,139.6,54.0,127.0,0.89,19.4
195,14,858.7,114.1,49.1,119.4,0.88,19.4
195,20,641.5,102.0,47.3,110.4,0.87,19.4
195,21,755.8,99.3,40.1,114.0,0.9,19.4
195,30,579.7,19.9,29.7,83.5,0.96,19.4
195,31,369.3,177.0,55.9,139.0,0.8,19.4
195,32,882.3,215.6,58.5,153.7,0.96,19.4
196,1,523.1,39.0,35.7,94.3,0.93,19.5
196,2,325.9,182.2,55.6,141.2,0.81,19.5
196,10,869.6,129.0,51.0,122.3,0.95,19.5
196,11,825.5,148.5,56.1,132.2,0.85,19.5
196,12,829.0,131.7,52.9,123.3,0.9,19.5
196,13,863.6,139.7,51.5,127.4,0.88,19.5
196,14,864.8,121.1,45.6,115.4,0.85,19.5
196,20,649.1,103.1,49.5,111.2,0.88,19.5
196,21,751.3,96.4,41.1,112.6,0.92,19.5
196,30,582.3,17.7,32.5,82.4,0.91,19.5
196,31,367.7,182.0,50.0,138.5,0.9,19.5
196,32,879.3,214.7,66.6,154.1,0.87,19.5
197,1,524.2,39.9,37.1,92.7,0.88,19.6
197,2,325.1,188.4,56.6,138.5,0.92,19.6
197,10,867.6,127.6,55.2,123.2,0.97,19.6
197,11,828.5,147.3,56.7,130.7,0.83,19.6
197,12,830.7,129.6,47.5,124.7,0.99,19.6
197,13,865.1,139.3,48.4,124.7,0.89,19.6
197,14,861.9,116.6,47.8,116.5,0.9,19.6
197,20,639.5,101.6,45.9,113.1,0.9,19.6
197,21,748.6,94.0,40.0,112.1,0.86,19.6
197,30,584.9,15.7,34.5,83.3,0.9,19.6
197,31,383.5,176.5,48.7,139.3,0.88,19.6
197,32,876.7,219.1,62.6,152.7,0.89,19.6
198,1,524.6,40.0,33.7,94.4,0.93,19.7
198,2,322.1,186.8,56.6,138.6,0.9,19.7
198,10,861.8,127.6,51.7,123.8,0.95,19.7
198,11,828.9,144.8,53.6,131.9,0.89,19.7
198,12,832.6,130.8,46.3,123.9,0.98,19.7
198,13,852.7,134.8,57.2,130.4,0.91,19.7
198,14,857.9,112.5,47.7,118.2,0.86,19.7
198,20,639.4,93.9,52.5,117.8,0.96,19.7
198,21,742.0,97.9,43.0,111.6,0.89,19.7
198,30,581.6,17.3,39.2,87.2,0.99,19.7
198,31,376.3,176.3,55.9,138.9,0.79,19.7
198,32,886.5,216.4,63.8,150.3,0.92,19.7
199,1,524.8,35.2,35.4,94.1,0.75,19.8
199,2,327.7,188.1,50.3,142.1,0.93,19.8
199,10,871.3,128.9,49.7,124.2,0.92,19.8
199,11,832.5,150.2,45.3,128.4,0.86,19.8
199,12,829.9,133.5,53.5,121.3,0.91,19.8
199,13,860.0,140.4,49.4,128.0,0.86,19.8
199,14,861.9,113.6,47.1,120.5,0.98,19.8
199,20,652.1,102.5,43.7,114.1,0.8,19.8
199,21,740.6,95.6,44.5,114.3,0.89,19.8
199,30,587.8,15.8,35.8,86.5,0.92,19.8
199,31,376.8,177.5,51.2,141.3,0.84,19.8
199,32,883.4,218.0,54.5,150.8,0.99,19.8
200,1,528.1,40.9,33.4,90.2,0.87,19.9
200,2,325.9,185.1,57.1,139.5,0.96,19.9
200,10,875.6,126.6,47.1,124.1,0.9,19.9
200,11,829.7,147.5,54.3,131.1,0.95,19.9
200,12,827.9,132.0,56.0,125.1,0.86,19.9
200,13,857.4,136.3,50.2,129.0,0.99,19.9
200,14,853.7,115.6,50.6,120.8,0.97,19.9
200,20,647.9,102.7,51.6,116.3,0.94,19.9
200,21,737.0,92.8,40.1,113.6,0.82,19.9
200,30,589.5,17.8,38.2,85.3,0.9,19.9
200,31,368.5,177.7,56.7,138.1,0.86,19.9
200,32,875.4,223.9,66.5,149.4,0.93,19.9
201,1,523.0,43.9,36.5,89.3,0.9,20.0
201,2,324.7,184.0,51.9,142.3,0.93,20.0
201,10,876.5,127.2,42.8,121.7,0.93,20.0
201,11,830.0,148.8,55.8,128.0,0.8,20.0
201,12,835.2,137.3,43.0,121.8,0.96,20.0
201,13,858.5,138.5,55.3,127.1,0.89,20.0
201,14,859.8,114.7,45.2,119.0,0.94,20.0
201,20,652.8,95.5,49.3,116.5,0.96,20.0
201,21,739.4,95.0,46.9,112.1,0.96,20.0
201,30,590.6,13.3,35.8,87.3,0.85,20.0
201,31,382.1,172.1,51.9,138.4,0.87,20.0
201,32,875.3,216.1,64.3,150.2,0.92,20.0
202,1,522.5,35.4,34.5,94.8,0.92,20.1
202,2,325.2,183.9,51.6,141.3,0.86,20.1
202,10,874.3,125.2,47.2,124.8,0.88,20.1
202,11,826.4,149.1,54.6,125.5,0.92,20.1
202,12,832.7,134.4,46.3,121.5,0.95,20.1
202,13,859.6,137.0,50.3,129.2,0.9,20.1
202,14,855.2,116.6,49.1,118.5,0.89,20.1
202,20,658.7,98.8,43.5,113.0,0.84,20.1
202,21,733.3,93.9,43.1,116.0,0.92,20.1
202,30,592.7,17.6,37.2,84.3,0.99,20.1
202,31,373.5,178.4,57.2,141.0,0.9,20.1
202,32,878.6,217.1,57.2,155.1,0.95,20.1
203,1,519.1,37.3,40.8,93.4,0.99,20.2
203,2,315.3,182.5,60.7,146.3,0.98,20.2
203,10,865.9,128.8,54.8,122.1,0.98,20.2
203,11,840.4,149.8,48.2,130.8,0.93,20.2
203,12,830.3,134.0,47.4,122.9,0.85,20.2
203,13,865.0,139.9,45.6,128.6,0.89,20.2
203,14,862.5,117.2,43.7,116.8,0.87,20.2
203,20,652.1,100.9,50.6,114.1,0.82,20.2
203,21,726.5,100.6,49.6,112.3,0.85,20.2
203,30,595.7,20.2,31.8,84.6,0.9,20.2
203,31,378.8,171.7,49.9,139.6,0.87,20.2
203,32,878.1,225.3,61.4,150.6,0.92,20.2
204,1,525.4,37.3,33.9,95.0,0.92,20.3
204,2,316.9,183.0,62.8,140.5,0.94,20.3
204,10,874.4,129.7,50.1,121.8,0.91,20.3
204,11,832.1,146.6,56.7,129.7,0.93,20.3
204,12,828.2,132.5,51.7,122.6,0.89,20.3
204,13,859.0,139.7,52.5,124.1,0.84,20.3
204,14,859.4,118.9,45.9,120.2,0.94,20.3
204,20,658.9,97.3,46.2,112.5,0.95,20.3
204,21,725.3,92.5,46.4,117.1,0.92,20.3
204,30,592.3,17.4,34.0,85.0,0.88,20.3
204,31,395.0,173.1,49.3,133.1,0.94,20.3
204,32,881.1,214.8,58.2,156.9,0.84,20.3
205,1,523.1,35.2,40.1,94.8,0.88,20.4
205,2,321.3,186.0,54.0,145.0,0.95,20.4
205,10,874.9,126.6,49.4,123.0,0.86,20.4
205,11,833.0,149.0,48.3,127.1,0.93,20.4
205,12,828.4,133.3,53.4,121.7,0.84,20.4
205,13,862.5,137.0,52.7,126.1,0.9,20.4
205,14,855.1,115.2,50.7,117.6,0.89,20.4
205,20,656.1,102.2,47.5,113.0,0.95,20.4
205,21,724.3,95.5,47.7,114.5,0.84,20.4
205,30,593.4,9.2,33.4,90.4,0.88,20.4
205,31,378.8,173.5,61.4,137.0,0.97,20.4
205,32,876.5,211.1,58.7,151.3,0.86,20.4
206,1,521.0,36.5,34.0,95.3,0.99,20.5
206,2,325.5,178.5,50.9,144.4,0.9,20.5
206,10,871.6,129.3,54.1,120.5,0.91,20.5
206,11,830.2,144.6,47.6,132.0,0.92,20.5
206,12,829.3,128.4,51.9,124.2,0.86,20.5
206,13,866.2,143.5,46.7,124.5,0.93,20.5
206,14,861.0,116.1,47.7,116.1,0.82,20.5
206,20,657.1,102.2,50.8,116.3,0.91,20.5
206,21,725.4,101.5,43.4,107.9,0.89,20.5
206,30,596.7,14.4,32.1,87.9,0.9,20.5
206,31,386.6,170.5,56.2,138.9,0.8,20.5
206,32,878.7,214.6,54.8,148.3,0.93,20.5
207,1,524.5,40.6,32.9,91.5,0.88,20.6
207,2,319.6,188.7,53.4,141.5,0.99,20.6
207,10,872.6,126.4,48.3,125.2,0.88,20.6
207,11,835.0,152.0,50.9,127.4,0.85,20.6
207,12,829.2,132.2,51.6,125.1,0.99,20.6
207,13,866.2,141.6,45.1,125.1,0.92,20.6
207,14,855.7,114.5,50.2,121.8,0.94,20.6
207,20,672.2,99.0,42.5,112.7,0.86,20.6
207,21,729.1,94.5,45.2,112.9,0.92,20.6
207,30,588.6,16.0,37.3,84.8,0.84,20.6
207,31,383.9,173.4,50.8,137.3,0.78,20.6
207,32,868.1,217.9,56.8,151.8,0.89,20.6
208,1,523.1,39.8,40.0,92.0,0.76,20.7
208,2,318.4,183.6,49.2,138.5,0.98,20.7
208,10,873.8,127.9,48.0,123.8,0.84,20.7
208,11,825.9,147.2,57.9,130.0,0.88,20.7
208,12,831.5,130.8,50.8,120.8,0.93,20.7
208,13,852.6,139.3,54.9,124.1,0.89,20.7
208,14,858.1,116.4,53.2,118.6,0.89,20.7
208,20,668.0,102.7,42.1,117.2,0.87,20.7
208,21,721.1,94.8,42.2,113.7,0.94,20.7
208,30,600.7,21.2,29.2,82.6,0.89,20.7
208,31,383.5,171.7,60.1,139.0,0.8,20.7
208,32,877.5,210.1,53.7,151.6,0.88,20.7
209,1,525.1,39.8,36.2,92.1,0.88,20.8
209,2,333.6,183.8,51.8,142.9,0.88,20.8
209,10,872.9,130.1,43.3,122.9,0.88,20.8
209,11,835.2,145.9,47.7,130.7,0.93,20.8
209,12,835.7,127.0,45.4,125.4,0.9,20.8
209,13,863.1,138.5,45.6,125.5,0.84,20.8
209,14,860.1,113.4,47.3,119.4,0.93,20.8
209,20,668.3,100.5,47.1,113.4,0.93,20.8
209,21,727.3,97.6,41.7,111.4,0.95,20.8
209,30,599.8,11.1,37.3,86.0,0.85,20.8
209,31,396.1,167.1,54.0,135.0,0.89,20.8
209,32,872.9,211.6,64.3,152.7,0.87,20.8
210,1,524.0,34.2,38.6,96.6,0.96,20.9
210,2,317.0,183.6,60.1,141.5,0.91,20.9
210,10,875.9,128.2,48.9,121.9,0.99,20.9
210,11,830.0,150.6,54.9,128.0,0.86,20.9
210,12,831.6,132.4,51.8,122.9,0.83,20.9
210,13,859.3,141.6,50.3,125.0,0.84,20.9
210,14,857.2,113.1,51.2,120.9,0.88,20.9
210,20,672.2,97.7,51.0,116.5,0.86,20.9
210,21,721.5,94.5,47.2,114.2,0.91,20.9
210,30,597.7,13.1,30.6,86.4,0.94,20.9
210,31,396.1,172.2,52.7,133.7,0.83,20.9
210,32,877.4,214.8,62.5,150.5,0.93,20.9
211,1,521.4,38.3,40.5,93.5,0.91,21.0
211,2,318.9,189.4,61.2,138.4,0.92,21.0
211,10,868.5,132.9,46.9,119.4,0.89,21.0
211,11,833.1,149.1,50.1,129.2,0.99,21.0
211,12,833.9,134.6,46.3,123.3,0.95,21.0
211,13,860.7,135.7,48.0,127.1,0.83,21.0
211,14,857.4,110.6,55.8,124.3,0.86,21.0
211,20,677.5,100.2,48.2,113.0,0.93,21.0
211,21,718.2,96.0,48.5,114.4,0.85,21.0
211,30,606.5,13.9,31.7,84.7,0.94,21.0
211,31,391.5,174.9,59.9,133.1,0.92,21.0
211,32,870.3,216.1,60.7,149.9,0.9,21.0
212,1,522.7,35.6,41.9,95.5,0.92,21.1
212,2,325.6,184.9,61.5,141.5,0.86,21.1
212,10,872.7,129.5,45.7,121.5,0.93,21.1
212,11,830.9,148.1,49.5,128.7,0.97,21.1
212,12,830.6,130.9,46.1,124.6,0.9,21.1
212,13,864.5,140.8,45.6,125.5,0.88,21.1
212,14,857.7,116.3,47.0,119.3,0.89,21.1
212,20,674.5,105.3,43.6,112.2,0.98,21.1
212,21,714.9,94.3,48.0,110.7,0.89,21.1
212,30,607.0,13.1,30.9,85.5,0.89,21.1
212,31,401.4,169.6,53.1,135.8,0.93,21.1
212,32,873.3,215.5,53.6,147.7,0.8,21.1
213,1,525.5,37.7,35.2,93.5,0.92,21.2
213,2,317.0,184.4,60.5,143.4,0.93,21.2
213,10,871.9,126.3,51.4,124.0,0.95,21.2
213,11,827.0,145.1,55.1,129.6,0.88,21.2
213,12,834.2,131.2,48.9,121.8,0.93,21.2
213,13,859.5,139.3,50.0,127.5,0.99,21.2
213,14,853.4,116.2,52.3,117.4,0.87,21.2
213,20,678.3,101.2,45.6,114.2,0.88,21.2
213,21,703.4,100.0,48.1,112.5,0.9,21.2
213,30,605.2,16.7,33.9,81.2,0.99,21.2
213,31,392.4,166.6,56.2,136.4,0.93,21.2
213,32,876.8,205.8,55.3,151.3,0.84,21.2
214,1,521.8,35.0,39.3,97.6,0.92,21.3
214,2,322.7,177.6,54.1,144.7,0.82,21.3
214,10,870.7,125.8,49.9,125.3,0.87,21.3
214,11,830.1,151.6,53.9,128.0,0.9,21.3
214,12,828.7,128.3,50.4,125.5,0.85,21.3
214,13,858.2,138.7,54.3,129.3,0.88,21.3
214,14,857.0,116.5,47.6,116.1,0.94,21.3
214,20,675.3,105.1,41.1,109.1,0.98,21.3
214,21,710.1,100.1,48.9,116.2,0.9,21.3
214,30,604.4,17.7,33.6,79.8,0.82,21.3
214,31,388.5,168.1,56.2,139.2,0.89,21.3
214,32,865.6,212.2,57.5,147.6,0.91,21.3
215,1,521.4,35.0,36.2,95.0,0.9,21.4
215,2,321.4,181.7,50.9,139.1,0.9,21.4
215,10,877.0,127.5,45.6,123.8,0.86,21.4
215,11,827.7,152.3,52.5,126.1,0.96,21.4
215,12,832.8,128.0,47.3,123.6,0.96,21.4
215,13,858.4,141.5,54.3,126.5,0.85,21.4
215,14,866.7,111.3,42.3,120.0,0.83,21.4
215,20,686.8,101.9,44.1,110.8,0.87,21.4
215,21,702.1,98.7,43.4,112.0,0.9,21.4
215,30,608.8,13.8,37.1,84.5,0.94,21.4
215,31,388.6,166.1,57.7,140.4,0.89,21.4
215,32,869.7,215.8,52.7,149.9,0.84,21.4
216,1,525.0,41.4,31.9,87.4,0.79,21.5
216,2,324.0,184.3,50.2,137.7,0.9,21.5
216,10,867.7,129.9,51.5,119.1,0.9,21.5
216,11,833.7,145.2,51.2,128.8,0.85,21.5
216,12,830.0,130.1,54.1,121.5,0.94,21.5
216,13,855.8,140.8,49.6,125.5,0.87,21.5
216,14,860.1,116.2,43.0,119.0,0.91,21.5
216,20,687.5,100.0,44.4,115.8,0.92,21.5
216,21,699.6,90.3,49.0,116.8,0.85,21.5
216,30,604.3,11.9,30.4,84.5,0.96,21.5
216,31,401.8,161.7,50.6,134.8,0.89,21.5
216,32,859.5,210.8,60.8,149.6,0.99,21.5
217,1,523.2,36.4,34.9,96.1,0.95,21.6
217,2,324.7,177.6,57.0,144.3,0.96,21.6
217,10,873.6,126.2,46.1,122.9,0.95,21.6
217,11,828.7,152.8,55.8,128.5,0.9,21.6
217,12,837.0,132.3,43.4,123.0,0.96,21.6
217,13,856.7,138.8,54.9,124.8,0.84,21.6
217,14,860.1,114.6,44.6,119.9,0.9,21.6
217,20,686.0,106.9,43.5,112.2,0.99,21.6
217,21,703.1,100.0,40.3,110.5,0.91,21.6
217,30,607.2,14.5,34.6,84.3,0.88,21.6
217,31,412.0,157.2,52.8,132.7,0.94,21.6
217,32,859.2,215.6,67.3,151.3,0.92,21.6
218,1,524.6,40.6,34.1,91.1,0.91,21.7
218,2,310.2,184.6,61.4,138.1,0.94,21.7
218,10,866.2,129.1,53.0,123.5,0.92,21.7
218,11,836.5,148.9,44.5,125.1,0.91,21.7
218,12,834.5,134.5,51.4,121.2,0.87,21.7
218,13,863.6,138.3,48.7,128.7,0.83,21.7
218,14,860.8,115.0,52.1,120.3,0.95,21.7
218,20,686.4,101.4,48.1,113.0,0.91,21.7
218,21,700.0,98.3,41.3,111.2,0.92,21.7
218,30,610.8,15.4,34.2,83.9,0.97,21.7
218,31,398.6,166.9,55.8,135.4,0.86,21.7
218,32,865.4,213.6,65.4,146.6,0.78,21.7
219,1,526.8,39.9,33.1,93.2,0.9,21.8
219,2,320.1,180.8,58.3,143.2,0.9,21.8
219,10,874.4,130.0,47.3,120.5,0.93,21.8
219,11,834.0,148.2,50.1,128.2,0.85,21.8
219,12,833.0,127.9,43.8,125.0,0.91,21.8
219,13,852.8,140.0,55.0,126.7,0.97,21.8
219,14,861.1,114.1,42.6,119.8,0.93,21.8
219,20,692.4,104.6,41.0,110.7,0.94,21.8
219,21,702.3,97.7,42.5,115.1,0.79,21.8
219,30,613.6,14.8,34.6,84.1,0.93,21.8
219,31,391.3,165.1,53.1,137.6,0.99,21.8
219,32,865.0,204.0,64.6,149.2,0.95,21.8
220,1,523.9,34.3,35.0,98.8,0.95,21.9
220,2,325.7,185.7,60.8,138.2,0.94,21.9
220,10,873.8,129.8,46.7,121.8,0.91,21.9
220,11,832.8,145.2,52.7,131.3,0.92,21.9
220,12,831.3,131.3,49.7,123.1,0.88,21.9
220,13,859.0,134.6,54.9,129.2,0.86,21.9
220,14,861.3,114.3,47.0,121.0,0.86,21.9
220,20,699.9,102.0,39.4,108.7,0.85,21.9
220,21,698.5,96.8,45.5,114.1,0.91,21.9
220,30,614.0,14.1,36.0,83.6,0.89,21.9
220,31,398.2,164.6,58.2,134.8,0.91,21.9
220,32,873.0,205.8,55.9,148.7,0.88,21.9
221,1,523.6,36.2,38.6,94.3,0.89,22.0
221,2,323.6,185.2,58.3,140.6,0.84,22.0
221,10,872.2,131.3,51.4,121.1,0.88,22.0
221,11,834.0,147.1,46.6,129.7,0.88,22.0
221,12,834.3,130.6,48.3,122.0,0.9,22.0
221,13,855.6,137.9,55.0,124.2,0.89,22.0
221,14,860.9,115.8,45.4,119.1,0.86,22.0
221,20,697.8,99.9,47.0,115.3,0.92,22.0
221,21,694.1,96.3,44.8,111.9,0.84,22.0
221,30,608.7,14.2,32.5,83.8,0.98,22.0
221,31,410.2,166.5,52.1,133.4,0.82,22.0
221,32,865.2,207.8,63.0,152.1,0.9,22.0
222,1,526.6,41.4,31.0,88.3,0.94,22.1
222,2,322.0,183.9,57.6,139.6,0.95,22.1
222,10,864.3,124.8,52.0,126.2,0.91,22.1
222,11,828.6,148.0,57.7,128.8,0.97,22.1
222,12,837.4,134.0,45.9,122.9,0.99,22.1
222,13,861.0,135.9,46.5,128.9,0.95,22.1
222,14,863.1,117.5,42.7,116.5,0.94,22.1
222,20,695.7,107.0,50.4,115.2,0.92,22.1
222,21,695.9,93.1,42.5,113.8,0.94,22.1
222,30,611.5,11.4,32.3,85.7,0.96,22.1
222,31,406.7,164.2,48.4,134.1,0.87,22.1
222,32,861.3,213.8,60.1,148.3,0.89,22.1
223,1,523.9,40.3,34.1,90.8,0.87,22.2
223,2,319.0,182.6,63.0,141.1,0.88,22.2
223,10,871.1,125.0,53.2,125.5,0.89,22.2
223,11,831.5,149.1,50.8,126.4,0.94,22.2
223,12,830.5,134.6,49.1,123.4,0.92,22.2
223,13,859.5,138.9,55.0,126.8,0.86,22.2
223,14,858.9,112.4,46.7,123.2,0.84,22.2
223,20,699.1,98.1,44.0,113.4,0.92,22.2
223,21,693.0,98.1,40.8,108.9,0.99,22.2
223,30,614.2,13.9,37.7,85.3,0.93,22.2
223,31,411.4,166.3,57.3,133.2,0.86,22.2
223,32,863.9,206.9,59.2,150.0,0.82,22.2
224,1,523.3,37.1,39.1,96.4,0.93,22.3
224,2,322.0,187.2,56.7,138.1,0.97,22.3
224,10,874.2,130.4,45.0,122.4,0.91,22.3
224,11,829.5,145.0,58.3,133.3,0.86,22.3
224,12,831.8,130.9,43.9,124.0,0.99,22.3
224,13,854.3,139.1,56.6,126.5,0.92,22.3
224,14,859.3,108.7,49.8,121.7,0.8,22.3
224,20,700.5,101.6,49.1,114.5,0.88,22.3
224,21,688.9,90.6,43.5,116.5,0.86,22.3
224,30,613.7,15.4,38.0,85.5,0.88,22.3
224,31,404.9,161.8,53.4,134.0,0.92,22.3
224,32,859.7,208.1,53.0,148.6,0.87,22.3
225,1,519.8,37.7,40.1,94.2,0.91,22.4
225,2,315.9,187.3,56.5,142.0,0.9,22.4
225,10,872.5,133.3,48.7,121.0,0.93,22.4
225,11,824.4,147.6,58.1,132.6,0.95,22.4
225,12,831.2,138.1,42.6,120.2,0.89,22.4
225,13,858.8,135.8,51.3,127.4,0.93,22.4
225,14,855.9,117.1,51.6,116.3,0.94,22.4
225,20,708.1,96.3,44.2,117.1,0.97,22.4
225,21,682.9,97.3,48.1,111.1,0.9,22.4
225,30,609.5,15.7,36.8,85.4,0.86,22.4
225,31,403.0,158.9,56.8,136.4,0.92,22.4
225,32,856.9,210.0,59.5,147.0,0.85,22.4
226,1,523.4,41.4,34.0,90.6,0.91,22.5
226,2,319.8,183.7,63.0,141.1,0.77,22.5
226,10,874.4,128.7,49.7,122.3,0.95,22.5
226,11,827.7,147.2,58.7,131.2,0.93,22.5
226,12,828.7,129.3,46.1,122.5,0.89,22.5
226,13,856.2,143.6,50.1,122.9,0.82,22.5
226,14,860.2,122.1,46.1,114.4,0.94,22.5
226,20,704.7,99.2,43.7,111.3,0.99,22.5
226,21,682.7,95.6,40.5,114.7,0.84,22.5
226,30,616.8,18.9,29.5,79.6,0.94,22.5
226,31,416.4,160.8,55.0,134.6,0.86,22.5
226,32,862.2,206.0,56.8,150.9,0.92,22.5
227,1,525.4,36.3,35.6,93.0,0.98,22.6
227,2,323.0,184.1,53.3,141.9,0.97,22.6
227,10,868.7,122.9,54.6,122.9,0.84,22.6
227,11,833.0,147.0,52.7,131.7,0.89,22.6
227,12,826.7,132.5,54.6,124.7,0.83,22.6
227,13,862.2,140.0,48.0,126.2,0.92,22.6
227,14,867.0,117.8,48.0,111.7,0.94,22.6
227,20,701.8,101.0,48.4,112.8,0.88,22.6
227,21,672.7,97.8,46.1,107.7,0.99,22.6
227,30,610.6,13.7,37.9,87.5,0.92,22.6
227,31,406.6,161.3,50.0,135.9,0.87,22.6
227,32,857.1,207.7,57.5,144.1,0.88,22.6
228,1,522.9,34.9,42.9,95.8,0.88,22.7
228,2,314.8,183.1,61.8,143.6,0.96,22.7
228,10,873.2,128.5,45.1,120.3,0.83,22.7
228,11,833.1,151.2,54.4,126.2,0.91,22.7
228,12,830.7,130.3,54.3,124.5,0.87,22.7
228,13,861.0,141.7,44.6,123.8,0.91,22.7
228,14,859.2,117.5,50.4,116.9,0.86,22.7
228,20,710.6,105.8,42.1,115.2,0.9,22.7
228,21,679.9,97.8,49.2,113.3,0.83,22.7
228,30,615.2,12.8,35.2,84.3,0.87,22.7
228,31,407.2,163.4,58.7,133.5,0.85,22.7
228,32,853.9,196.8,63.0,150.2,0.89,22.7
229,1,523.5,36.7,37.3,93.5,0.97,22.8
229,2,323.0,183.2,50.4,140.4,0.91,22.8
229,10,872.1,127.7,50.2,124.0,0.94,22.8
229,11,837.6,150.5,45.0,127.7,0.91,22.8
229,12,833.7,127.0,48.5,127.3,0.94,22.8
229,13,857.5,136.4,48.4,126.8,0.92,22.8
229,14,860.5,121.8,45.6,113.5,0.91,22.8
229,20,706.9,102.7,43.7,113.1,0.89,22.8
229,21,675.0,101.0,42.0,112.8,0.85,22.8
229,30,617.2,15.2,35.6,84.2,0.86,22.8
229,31,409.9,166.4,53.8,133.0,0.9,22.8
229,32,851.5,202.9,56.0,153.1,0.89,22.8
230,1,522.0,36.7,38.4,95.2,0.86,22.9
230,2,318.1,184.5,51.0,141.0,0.92,22.9
230,10,875.1,131.2,46.6,122.9,0.95,22.9
230,11,832.2,150.3,53.0,128.6,0.94,22.9
230,12,830.5,131.8,52.1,126.1,0.96,22.9
230,13,861.3,142.2,47.7,123.4,0.86,22.9
230,14,861.8,117.6,44.5,116.0,0.91,22.9
230,20,710.8,102.8,47.6,112.6,0.94,22.9
230,21,673.2,97.1,43.9,112.2,0.94,22.9
230,30,622.7,16.1,31.8,85.4,0.92,22.9
230,31,416.8,158.9,45.9,130.5,0.88,22.9
230,32,857.7,205.3,56.6,147.4,0.87,22.9
231,1,524.9,37.3,34.3,94.5,0.89,23.0
231,2,321.8,182.9,59.9,141.5,0.95,23.0
231,10,872.9,133.0,47.8,122.9,0.82,23.0
231,11,834.2,149.6,52.8,129.9,0.97,23.0
231,12,827.7,126.7,54.6,126.4,0.87,23.0
231,13,856.7,137.1,48.9,125.9,0.96,23.0
231,14,859.6,115.9,48.4,119.3,0.94,23.0
231,20,711.6,100.5,50.9,117.3,0.92,23.0
231,21,665.8,101.8,50.0,115.0,0.94,23.0
231,30,623.6,19.7,32.5,82.1,0.91,23.0
231,31,426.8,152.9,46.6,132.7,0.99,23.0
231,32,853.6,206.1,56.6,147.7,0.86,23.0
232,1,525.7,40.0,33.5,93.0,0.88,23.1
232,2,328.9,185.3,53.5,143.9,0.93,23.1
232,10,871.8,127.8,50.9,121.1,0.86,23.1
232,11,833.3,147.6,46.4,129.2,0.78,23.1
232,12,832.2,132.2,48.8,124.0,0.94,23.1
232,13,857.2,139.8,54.0,127.2,0.92,23.1
232,14,861.1,113.4,47.5,121.2,0.94,23.1
232,20,720.6,101.2,50.4,113.0,0.85,23.1
232,21,669.1,99.3,48.9,112.5,0.87,23.1
232,30,625.7,10.3,36.6,87.2,0.92,23.1
232,31,416.2,161.1,51.2,134.0,0.89,23.1
232,32,854.0,204.6,58.0,146.3,0.95,23.1
233,1,527.2,42.1,31.2,87.5,0.87,23.2
233,2,321.4,186.5,60.1,142.6,0.9,23.2
233,10,869.0,126.4,52.8,124.3,0.87,23.2
233,11,832.4,145.4,50.2,131.2,0.91,23.2
233,12,833.1,132.7,45.4,124.0,0.98,23.2
233,13,854.7,134.7,56.7,130.6,0.9,23.2
233,14,857.2,118.1,50.6,121.4,0.98,23.2
233,20,728.7,102.1,40.8,114.6,0.82,23.2
233,21,672.5,93.2,42.2,112.7,0.86,23.2
233,30,625.1,18.3,29.9,84.6,0.86,23.2
233,31,412.0,158.9,47.5,133.0,0.98,23.2
233,32,843.7,204.2,62.0,148.7,0.87,23.2
234,1,524.8,38.2,39.5,92.8,0.89,23.3
234,2,330.5,183.1,51.0,141.1,0.98,23.3
234,10,874.6,127.5,47.0,122.0,0.84,23.3
234,11,826.9,143.6,56.3,130.2,0.91,23.3
234,12,832.3,133.4,45.6,121.6,0.83,23.3
234,13,861.0,140.0,49.2,124.5,0.93,23.3
234,14,858.2,118.2,52.8,117.5,0.95,23.3
234,20,727.6,100.5,47.7,113.7,0.89,23.3
234,21,662.7,95.1,46.3,117.9,0.93,23.3
234,30,630.1,18.1,35.7,83.2,0.95,23.3
234,31,415.0,154.0,56.3,130.5,0.91,23.3
234,32,856.6,200.9,60.1,146.0,0.91,23.3
235,1,525.0,37.3,38.6,94.5,0.87,23.4
235,2,312.3,184.3,55.3,141.4,0.97,23.4
235,10,873.2,127.0,45.7,124.1,0.86,23.4
235,11,829.8,152.3,47.9,130.1,0.92,23.4
235,12,832.8,133.4,47.2,121.9,0.96,23.4
235,13,864.0,138.5,43.3,123.8,0.97,23.4
235,14,856.5,117.5,52.2,117.1,0.89,23.4
235,20,729.0,97.2,46.6,114.8,0.96,23.4
235,21,663.9,105.3,41.8,112.9,0.89,23.4
235,30,631.9,16.9,33.0,83.6,0.91,23.4
235,31,415.0,159.0,56.5,130.6,0.94,23.4
235,32,849.4,200.0,54.2,148.7,0.86,23.4
236,1,521.2,37.5,42.0,94.3,0.82,23.5
236,2,322.6,183.9,54.0,143.4,0.88,23.5
236,10,870.4,130.5,50.8,122.5,0.83,23.5
236,11,828.4,148.8,55.2,133.3,0.97,23.5
236,12,832.0,131.7,54.6,123.7,0.9,23.5
236,13,858.5,140.6,50.1,127.3,0.99,23.5
236,14,860.2,114.4,47.9,116.3,0.99,23.5
236,20,723.0,101.3,46.3,119.6,0.94,23.5
236,21,661.1,101.1,40.6,113.5,0.95,23.5
236,30,633.0,14.7,29.8,84.9,0.91,23.5
236,31,419.2,159.9,49.0,133.6,0.88,23.5
236,32,857.6,199.0,58.0,146.6,0.96,23.5
237,1,526.2,39.0,37.3,94.8,0.9,23.6
237,2,321.3,187.6,50.2,143.4,0.87,23.6
237,10,873.2,131.2,50.4,122.5,0.93,23.6
237,11,832.1,147.8,53.1,130.3,0.99,23.6
237,12,827.4,134.3,54.7,121.6,0.97,23.6
237,13,862.3,136.4,52.8,130.2,0.96,23.6
237,14,856.5,115.4,51.3,117.6,0.99,23.6
237,20,725.5,100.6,46.5,112.3,0.98,23.6
237,21,663.6,99.0,42.5,113.3,0.94,23.6
237,30,636.5,15.8,34.7,82.6,0.95,23.6
237,31,428.2,158.4,45.3,128.8,0.87,23.6
237,32,846.8,202.3,55.0,145.4,0.94,23.6
238,1,526.4,42.6,32.6,89.0,0.82,23.7
238,2,316.2,186.9,62.9,142.6,0.88,23.7
238,10,874.3,130.7,43.6,123.1,0.93,23.7
238,11,826.7,145.4,54.6,132.9,0.86,23.7
238,12,831.5,131.5,52.7,124.8,0.89,23.7
238,13,859.7,136.5,55.9,124.8,0.88,23.7
238,14,860.6,113.3,43.6,119.0,0.91,23.7
238,20,726.8,100.6,42.5,111.1,0.89,23.7
238,21,660.7,101.0,41.0,110.2,0.94,23.7
238,30,635.7,12.1,30.9,83.7,0.96,23.7
238,31,422.0,160.9,46.0,128.2,0.84,23.7
238,32,841.1,199.0,54.9,144.5,0.77,23.7
239,1,526.5,37.1,37.1,93.2,0.84,23.8
239,2,319.9,181.1,52.8,142.8,0.95,23.8
239,10,869.9,125.1,47.4,123.8,0.98,23.8
239,11,834.4,146.6,55.7,134.7,0.89,23.8
239,12,835.0,130.3,44.4,121.6,0.92,23.8
239,13,857.3,141.0,50.9,123.4,0.83,23.8
239,14,857.9,119.3,52.2,117.6,0.93,23.8
239,20,733.0,98.6,41.1,113.5,0.83,23.8
239,21,646.1,99.9,47.6,113.5,0.8,23.8
239,30,627.1,16.0,34.7,87.6,0.89,23.8
239,31,438.0,155.8,47.7,129.1,0.93,23.8
239,32,849.6,203.9,52.0,147.1,0.87,23.8
240,1,525.4,39.4,35.9,91.9,0.87,23.9
240,2,327.8,186.1,50.3,141.3,0.9,23.9
240,10,867.6,126.0,52.9,125.5,0.86,23.9
240,11,836.4,151.2,43.9,124.6,0.85,23.9
240,12,822.5,133.8,53.9,123.7,0.99,23.9
240,13,863.0,137.6,55.7,126.6,0.93,23.9
240,14,863.5,115.0,41.3,117.1,0.9,23.9
240,20,738.2,102.2,43.7,113.3,0.86,23.9
240,21,651.9,98.7,49.3,115.3,0.92,23.9
240,30,637.3,12.1,32.9,86.8,0.91,23.9
240,31,425.0,150.5,55.2,132.7,0.95,23.9
240,32,840.6,203.9,57.9,149.5,0.95,23.9
241,1,524.3,36.6,39.0,93.8,0.95,24.0
241,2,316.5,186.5,59.6,138.9,0.91,24.0
241,10,873.9,129.7,51.5,120.5,0.9,24.0
241,11,829.7,146.6,51.5,129.9,0.99,24.0
241,12,831.5,130.6,49.9,124.2,0.88,24.0
241,13,859.2,139.4,55.3,126.2,0.91,24.0
241,14,858.5,117.3,46.0,116.3,0.93,24.0
241,20,737.3,95.5,41.1,116.1,0.85,24.0
241,21,647.9,102.0,49.7,113.3,0.87,24.0
241,30,638.9,15.6,30.0,80.8,0.9,24.0
241,31,429.9,157.0,55.8,132.4,0.84,24.0
241,32,832.1,198.2,58.4,144.1,0.83,24.0
242,1,521.3,36.1,39.8,92.8,0.86,24.1
242,2,315.5,178.7,61.6,146.5,0.94,24.1
242,10,870.1,131.9,51.3,119.2,0.96,24.1
242,11,832.2,150.1,57.2,131.5,0.85,24.1
242,12,831.8,137.1,50.4,121.5,0.88,24.1
242,13,863.6,137.7,44.5,127.2,0.9,24.1
242,14,855.0,115.5,51.3,119.4,0.81,24.1
242,20,741.5,103.6,50.8,115.2,0.91,24.1
242,21,646.4,102.9,40.4,114.1,0.89,24.1
242,30,636.1,15.1,34.8,81.2,0.89,24.1
242,31,429.0,152.8,51.4,130.8,0.96,24.1
242,32,838.5,200.1,55.9,146.5,0.95,24.1
243,1,524.3,41.4,33.7,89.4,0.88,24.2
243,2,320.5,181.6,49.8,141.2,0.85,24.2
243,10,872.2,126.8,52.1,123.8,0.86,24.2
243,11,828.5,145.1,59.5,132.5,0.91,24.2
243,12,836.5,131.1,44.6,125.6,0.94,24.2
243,13,854.8,137.3,54.5,122.2,0.93,24.2
243,14,863.8,115.9,46.5,117.3,0.91,24.2
243,20,746.5,96.3,49.0,112.5,0.9,24.2
243,21,642.4,100.0,45.6,112.5,0.93,24.2
243,30,636.2,19.6,34.9,81.3,0.89,24.2
243,31,428.9,152.2,48.7,131.8,0.83,24.2
243,32,837.0,200.2,60.3,145.1,0.87,24.2
244,1,522.8,45.0,37.1,88.7,0.85,24.3
244,2,320.9,187.7,53.0,137.9,0.9,24.3
244,10,871.0,126.1,49.2,122.8,0.92,24.3
244,11,835.8,148.4,51.5,127.8,0.87,24.3
244,12,830.0,128.1,46.7,125.4,0.92,24.3
244,13,860.9,137.3,54.3,126.3,0.85,24.3
244,14,862.4,114.5,43.5,119.0,0.96,24.3
244,20,749.9,105.3,43.3,113.8,0.96,24.3
244,21,647.5,100.8,44.2,110.6,0.87,24.3
244,30,639.9,17.4,33.6,85.5,0.93,24.3
244,31,432.9,154.5,58.2,129.9,0.92,24.3
244,32,841.7,203.5,57.0,147.9,0.73,24.3
245,1,527.5,34.5,35.6,95.7,0.83,24.4
245,2,325.7,190.5,49.2,137.9,0.89,24.4
245,10,870.1,129.2,51.2,124.7,0.84,24.4
245,11,832.7,151.3,50.4,128.0,0.88,24.4
245,12,826.4,130.0,46.7,126.3,0.8,24.4
245,13,857.2,137.7,46.6,128.2,0.93,24.4
245,14,857.0,119.0,51.1,115.7,0.92,24.4
245,20,739.8,103.6,46.6,113.4,0.95,24.4
245,21,647.1,98.9,40.9,113.0,0.92,24.4
245,30,642.7,13.2,34.8,80.8,0.89,24.4
245,31,440.6,151.6,49.8,129.4,0.9,24.4
245,32,841.7,199.0,58.0,146.2,0.87,24.4
246,1,524.3,35.9,38.9,94.9,0.86,24.5
246,2,322.2,184.4,53.7,140.9,0.88,24.5
246,10,874.0,127.1,46.4,123.0,0.9,24.5
246,11,829.4,147.5,52.7,129.5,0.91,24.5
246,12,834.9,133.3,46.3,124.0,0.91,24.5
246,13,862.3,142.5,47.5,123.9,0.95,24.5
246,14,856.5,114.1,51.9,118.7,0.96,24.5
246,20,751.6,95.3,43.0,117.2,0.89,24.5
246,21,640.0,95.1,45.7,117.5,0.89,24.5
246,30,647.7,12.8,35.7,84.6,0.99,24.5
246,31,419.6,163.6,53.1,128.8,0.9,24.5
246,32,837.2,200.6,57.2,148.3,0.89,24.5
247,1,524.3,39.9,36.2,91.6,0.78,24.6
247,2,315.3,183.1,60.7,145.6,0.87,24.6
247,10,874.0,126.0,51.9,124.3,0.97,24.6
247,11,829.5,148.6,52.9,132.7,0.88,24.6
247,12,832.1,132.6,49.8,122.1,0.95,24.6
247,13,864.8,137.4,45.7,125.6,0.94,24.6
247,14,857.3,112.8,46.0,121.7,0.82,24.6
247,20,750.0,101.1,49.1,113.7,0.88,24.6
247,21,631.6,105.1,49.0,115.0,0.92,24.6
247,30,641.3,11.1,38.0,88.5,0.95,24.6
247,31,432.8,152.9,56.2,132.2,0.9,24.6
247,32,847.3,201.1,52.3,145.3,0.92,24.6
248,1,526.3,41.9,35.8,89.0,0.98,24.7
248,2,321.8,185.7,54.9,141.7,0.86,24.7
248,10,874.0,129.8,53.0,124.4,0.89,24.7
248,11,838.3,147.4,48.3,131.0,0.86,24.7
248,12,828.3,127.7,51.7,125.8,0.82,24.7
248,13,855.3,140.8,55.2,123.4,0.92,24.7
248,14,863.8,116.4,45.6,119.2,0.89,24.7
248,20,760.2,103.2,40.5,113.5,0.9,24.7
248,21,634.5,97.1,44.0,109.7,0.86,24.7
248,30,642.7,13.7,38.1,85.7,0.81,24.7
248,31,433.8,149.8,55.2,127.2,0.87,24.7
248,32,830.2,198.5,63.6,146.0,0.95,24.7
249,1,528.7,38.3,33.4,91.6,0.96,24.8
249,2,320.2,187.3,60.2,140.4,0.88,24.8
249,10,873.1,130.0,48.0,118.7,0.88,24.8
249,11,829.1,146.0,56.2,131.1,0.86,24.8
249,12,828.7,132.2,52.8,120.9,0.95,24.8
249,13,864.9,136.8,44.1,123.7,0.95,24.8
249,14,863.2,112.1,48.6,121.0,0.99,24.8
249,20,748.5,95.9,49.3,115.6,0.88,24.8
249,21,630.3,98.4,44.4,115.6,0.91,24.8
249,30,644.5,12.0,37.5,84.4,0.86,24.8
249,31,438.7,145.4,57.5,128.8,0.8,24.8
249,32,839.3,195.6,52.9,145.1,0.93,24.8
250,1,519.8,36.6,43.5,97.8,0.9,24.9
250,2,319.5,186.9,61.1,139.4,0.91,24.9
250,10,880.5,128.2,44.1,124.1,0.84,24.9
250,11,831.8,146.9,52.1,130.3,0.87,24.9
250,12,832.6,128.9,54.1,123.6,0.9,24.9
250,13,857.9,139.6,54.9,127.1,0.9,24.9
250,14,859.2,112.6,53.6,119.6,0.95,24.9
250,20,757.1,100.9,46.9,117.0,0.89,24.9
250,21,630.1,105.6,42.3,111.1,0.88,24.9
250,30,655.0,16.8,32.7,83.8,0.96,24.9
250,31,435.5,152.8,52.9,131.2,0.85,24.9
250,32,837.4,198.5,57.1,144.9,0.85,24.9
251,1,525.1,36.1,34.9,96.9,0.95,25.0
251,2,313.5,190.6,51.9,138.3,0.94,25.0
251,10,872.4,131.9,48.1,121.5,0.91,25.0
251,11,834.7,150.5,45.8,128.7,0.88,25.0
251,12,828.5,132.3,52.9,119.0,0.89,25.0
251,13,859.9,141.6,54.4,124.5,0.89,25.0
251,14,859.1,115.0,53.4,122.4,0.9,25.0
251,20,751.9,98.6,42.0,113.0,0.92,25.0
251,21,635.1,103.2,40.5,109.6,0.77,25.0
251,30,644.5,17.5,37.9,85.9,0.8,25.0
251,31,438.4,151.1,57.9,129.5,0.9,25.0
251,32,834.3,193.7,64.1,144.2,0.85,25.0
252,1,525.2,41.0,35.3,91.0,0.89,25.1
252,2,319.2,186.4,57.0,143.3,0.96,25.1
252,10,875.8,131.7,46.0,122.4,0.95,25.1
252,11,827.6,146.3,58.5,131.7,0.95,25.1
252,12,832.0,132.7,48.1,122.3,0.99,25.1
252,13,862.7,134.5,49.6,124.8,0.94,25.1
252,14,859.1,119.4,52.4,118.0,0.78,25.1
252,20,759.5,94.4,40.5,114.8,0.95,25.1
252,21,621.7,97.8,44.2,112.5,0.97,25.1
252,30,645.5,15.0,32.4,86.2,0.87,25.1
252,31,445.1,150.7,57.0,129.6,0.9,25.1
252,32,824.0,193.2,57.5,146.7,0.97,25.1
253,1,526.7,40.2,32.8,90.8,0.82,25.2
253,2,320.2,182.3,55.9,144.6,0.94,25.2
253,10,872.3,127.3,46.6,124.9,0.98,25.2
253,11,832.3,147.3,50.4,130.5,0.82,25.2
253,12,827.3,130.5,54.6,122.8,0.91,25.2
253,13,860.1,137.2,57.5,128.2,0.92,25.2
253,14,858.4,115.3,48.8,118.9,0.88,25.2
253,20,770.9,98.1,40.5,113.3,0.95,25.2
253,21,626.8,100.3,42.6,109.1,0.95,25.2
253,30,647.7,12.8,34.3,87.4,0.87,25.2
253,31,435.3,147.0,50.5,131.2,0.9,25.2
253,32,832.2,189.1,54.6,144.7,0.91,25.2
254,1,523.8,40.8,35.5,91.0,0.95,25.3
254,2,314.0,187.1,56.2,142.8,0.87,25.3
254,10,867.6,127.8,53.6,125.2,0.84,25.3
254,11,828.2,151.9,57.2,128.2,0.86,25.3
254,12,833.3,129.4,44.1,124.7,0.96,25.3
254,13,861.9,136.5,52.5,125.8,0.88,25.3
254,14,860.8,113.8,42.6,120.7,0.99,25.3
254,20,758.3,101.4,44.7,111.3,0.95,25.3
254,21,621.2,101.6,41.8,116.9,0.99,25.3
254,30,652.9,11.1,36.1,83.0,0.93,25.3
254,31,453.8,148.7,47.8,127.9,0.93,25.3
254,32,827.3,198.6,56.7,146.9,0.9,25.3
255,1,521.0,39.3,40.7,92.8,0.93,25.4
255,2,320.4,184.6,55.8,141.8,0.92,25.4
255,10,869.6,127.0,55.0,125.1,0.83,25.4
255,11,830.1,149.4,46.8,132.4,0.99,25.4
255,12,828.3,133.4,53.2,125.6,0.89,25.4
255,13,856.4,145.4,48.9,123.0,0.84,25.4
255,14,861.4,117.0,46.8,117.5,0.84,25.4
255,20,775.5,93.4,48.5,114.1,0.91,25.4
255,21,622.5,101.9,42.6,112.6,0.88,25.4
255,30,645.8,16.1,35.5,86.6,0.93,25.4
255,31,449.2,152.3,54.5,128.4,0.99,25.4
255,32,833.1,195.5,53.1,144.8,0.91,25.4
256,1,527.9,40.7,33.8,91.0,0.94,25.5
256,2,323.4,185.4,55.4,140.1,0.92,25.5
256,10,870.2,128.8,53.2,122.3,0.9,25.5
256,11,834.4,151.3,47.7,128.4,0.98,25.5
256,12,830.0,132.5,51.5,123.7,0.93,25.5
256,13,857.2,136.3,51.2,127.8,0.91,25.5
256,14,857.2,113.7,51.8,119.8,0.87,25.5
256,20,771.9,100.0,46.8,117.4,0.83,25.5
256,21,615.6,105.3,41.4,109.8,0.8,25.5
256,30,652.6,17.9,31.4,85.7,0.92,25.5
256,31,443.1,145.2,57.1,127.8,0.93,25.5
256,32,825.1,200.5,53.2,143.8,0.85,25.5
257,1,525.1,33.6,34.7,98.2,0.88,25.6
257,2,311.3,190.4,58.6,143.1,0.83,25.6
257,10,872.1,131.4,46.2,121.8,0.99,25.6
257,11,835.1,148.2,49.2,128.8,0.96,25.6
257,12,830.5,129.0,47.5,124.7,0.92,25.6
257,13,862.0,139.8,48.5,126.5,0.96,25.6
257,14,859.6,117.7,50.7,116.4,0.83,25.6
257,20,772.5,104.4,45.3,114.1,0.85,25.6
257,21,613.4,102.6,47.2,112.8,0.92,25.6
257,30,659.1,14.4,33.8,84.3,0.93,25.6
257,31,443.8,146.2,56.6,134.3,0.99,25.6
257,32,827.4,196.2,52.4,143.0,0.9,25.6
258,1,521.7,37.7,41.0,94.6,0.87,25.7
258,2,322.3,187.7,53.8,139.5,0.92,25.7
258,10,876.1,126.2,49.3,124.3,0.91,25.7
258,11,832.2,147.4,47.0,129.0,0.87,25.7
258,12,830.4,135.0,49.6,125.2,0.94,25.7
258,13,861.9,138.9,51.3,126.2,0.95,25.7
258,14,855.1,111.2,52.8,119.8,0.92,25.7
258,20,772.3,105.7,45.6,111.3,0.94,25.7
258,21,614.9,104.6,46.1,112.8,0.94,25.7
258,30,652.5,16.8,36.5,86.0,0.86,25.7
258,31,439.1,150.9,56.3,125.4,0.92,25.7
258,32,825.7,195.7,61.0,143.2,0.89,25.7
259,1,519.9,39.0,40.8,91.9,0.86,25.8
259,2,317.2,186.3,57.9,142.7,0.94,25.8
259,10,874.7,126.8,47.7,125.6,0.91,25.8
259,11,832.2,154.7,50.2,125.3,0.86,25.8
259,12,828.4,131.0,52.5,125.0,0.91,25.8
259,13,859.2,141.6,46.6,124.6,0.92,25.8
259,14,859.2,111.7,47.3,120.1,0.89,25.8
259,20,781.8,102.2,45.9,110.2,0.88,25.8
259,21,610.3,103.5,47.0,112.9,0.85,25.8
259,30,663.4,13.2,35.1,85.2,0.97,25.8
259,31,442.0,143.6,50.7,130.6,0.92,25.8
259,32,828.2,194.8,63.4,145.1,0.85,25.8
260,1,521.7,37.9,37.9,91.5,0.95,25.9
260,2,311.7,182.3,51.1,143.6,0.91,25.9
260,10,875.1,125.9,44.2,122.7,0.92,25.9
260,11,830.0,152.0,53.0,127.8,0.83,25.9
260,12,826.5,126.1,53.9,123.8,0.93,25.9
260,13,860.1,133.3,53.1,127.7,0.92,25.9
260,14,858.6,112.5,47.5,121.2,0.99,25.9
260,20,773.7,98.8,46.7,110.9,0.91,25.9
260,21,606.6,101.5,44.0,116.9,0.87,25.9
260,30,662.6,18.2,33.9,83.1,0.88,25.9
260,31,441.2,145.4,55.0,131.4,0.87,25.9
260,32,825.1,195.5,57.7,141.3,0.86,25.9
261,1,528.5,40.4,33.2,91.9,0.8,26.0
261,2,317.1,183.4,57.0,144.1,0.92,26.0
261,10,870.5,128.9,47.3,121.3,0.82,26.0
261,11,826.7,146.8,51.1,131.1,0.88,26.0
261,12,825.5,134.4,55.7,125.6,0.88,26.0
261,13,861.5,135.6,53.6,124.1,0.95,26.0
261,14,861.8,118.3,44.3,114.9,0.95,26.0
261,20,771.6,102.3,47.7,112.1,0.92,26.0
261,21,603.0,104.8,46.4,109.8,0.99,26.0
261,30,662.9,12.3,34.4,87.0,0.9,26.0
261,31,445.2,150.4,55.4,127.8,0.92,26.0
261,32,822.9,194.0,61.1,141.9,0.99,26.0
262,1,523.4,39.6,39.0,89.8,0.89,26.1
262,2,317.5,186.6,52.7,145.6,0.89,26.1
262,10,871.1,135.5,42.4,119.0,0.88,26.1
262,11,832.8,148.7,56.2,129.4,0.94,26.1
262,12,831.3,133.1,50.7,125.5,0.96,26.1
262,13,862.7,138.0,49.5,125.3,0.83,26.1
262,14,867.7,114.1,43.3,117.9,0.85,26.1
262,20,782.9,98.2,50.9,114.4,0.91,26.1
262,21,607.7,97.5,49.2,116.3,0.87,26.1
262,30,656.8,9.5,38.4,87.3,0.94,26.1
262,31,452.8,142.5,49.4,129.1,0.93,26.1
262,32,818.8,189.5,65.3,145.4,0.91,26.1
263,1,520.3,40.3,36.5,90.3,0.86,26.2
263,2,319.4,184.7,52.6,140.8,0.98,26.2
263,10,871.8,129.2,52.7,122.4,0.97,26.2
263,11,831.6,147.5,48.9,129.7,0.93,26.2
263,12,832.6,131.3,43.9,119.5,0.9,26.2
263,13,858.2,137.4,57.0,128.3,0.92,26.2
263,14,863.8,115.4,46.7,118.6,0.87,26.2
263,20,787.4,104.4,41.2,112.0,0.93,26.2
263,21,595.3,99.9,50.0,114.4,0.85,26.2
263,30,655.7,18.9,35.1,84.4,0.85,26.2
263,31,448.0,148.2,49.4,126.5,0.91,26.2
263,32,816.9,189.3,61.2,142.9,0.97,26.2
264,1,528.5,39.6,37.4,92.0,0.93,26.3
264,2,321.4,188.7,50.4,139.0,0.84,26.3
264,10,866.9,125.1,50.4,123.1,0.93,26.3
264,11,826.9,148.7,47.6,127.9,0.95,26.3
264,12,825.5,130.2,54.2,126.0,0.9,26.3
264,13,860.6,137.6,48.5,127.9,0.89,26.3
264,14,857.7,116.2,50.2,119.4,0.92,26.3
264,20,791.7,98.3,41.1,112.3,0.99,26.3
264,21,609.2,93.7,41.8,115.1,0.84,26.3
264,30,665.3,12.4,30.5,84.2,0.94,26.3
264,31,458.5,146.7,46.3,129.2,0.85,26.3
264,32,814.4,186.4,66.1,147.5,0.97,26.3
265,1,521.6,38.8,41.0,93.0,0.88,26.4
265,2,319.1,188.3,51.2,139.7,0.88,26.4
265,10,869.9,131.1,55.2,124.5,0.84,26.4
265,11,832.6,146.6,56.1,130.7,0.92,26.4
265,12,829.9,131.4,51.8,124.0,0.85,26.4
265,13,860.4,137.5,48.6,128.5,0.85,26.4
265,14,856.3,111.8,54.0,121.1,0.84,26.4
265,20,792.7,106.3,41.0,112.0,0.95,26.4
265,21,597.5,98.5,48.0,115.4,0.8,26.4
265,30,669.0,14.8,31.1,83.1,0.83,26.4
265,31,460.9,143.8,46.9,129.7,0.95,26.4
265,32,825.8,195.0,59.4,143.4,0.91,26.4
266,1,520.3,37.5,41.1,93.4,0.85,26.5
266,2,331.2,184.5,50.2,137.4,0.93,26.5
266,10,870.0,128.2,51.6,125.3,0.87,26.5
266,11,831.1,142.8,51.9,131.0,0.87,26.5
266,12,829.9,131.7,48.2,125.6,0.87,26.5
266,13,862.5,136.8,55.4,125.0,0.98,26.5
266,14,866.8,110.3,43.2,120.0,0.94,26.5
266,20,793.8,98.9,47.8,112.0,0.88,26.5
266,21,596.9,103.4,42.3,111.4,0.91,26.5
266,30,663.0,17.2,31.7,86.4,0.93,26.5
266,31,456.2,145.5,57.1,128.5,0.83,26.5
266,32,815.8,186.3,60.7,146.2,0.92,26.5
267,1,524.5,38.2,38.2,92.8,0.91,26.6
267,2,315.6,184.7,55.0,144.4,0.9,26.6
267,10,871.5,128.8,49.5,123.0,0.88,26.6
267,11,830.4,153.8,47.4,127.3,0.88,26.6
267,12,828.0,135.2,52.1,120.9,0.92,26.6
267,13,849.9,138.1,54.7,125.8,0.95,26.6
267,14,858.2,116.0,51.2,118.8,0.97,26.6
267,20,791.6,100.1,51.0,113.4,0.89,26.6
267,21,594.8,101.7,50.0,114.4,0.89,26.6
267,30,660.4,15.7,37.0,83.9,0.87,26.6
267,31,463.5,135.7,54.3,130.3,0.9,26.6
267,32,819.1,194.2,58.2,147.0,0.93,26.6
268,1,528.0,37.1,33.2,94.4,0.99,26.7
268,2,309.0,189.0,62.0,142.9,0.76,26.7
268,10,875.8,124.6,48.9,126.4,0.87,26.7
268,11,834.4,144.0,50.5,131.9,0.87,26.7
268,12,830.9,130.1,49.7,124.6,0.88,26.7
268,13,860.7,141.2,46.2,122.6,0.9,26.7
268,14,865.0,113.4,45.3,120.3,0.79,26.7
268,20,794.1,91.6,47.9,118.8,0.97,26.7
268,21,591.7,105.9,49.7,114.0,0.95,26.7
268,30,666.4,9.3,33.4,88.1,0.89,26.7
268,31,463.0,139.6,46.8,125.6,0.95,26.7
268,32,821.6,182.8,53.7,143.6,0.81,26.7
269,1,525.5,39.5,38.9,90.8,0.9,26.8
269,2,318.3,188.6,57.9,140.3,0.85,26.8
269,10,871.0,131.8,49.8,122.7,0.94,26.8
269,11,830.3,150.2,52.6,128.4,0.9,26.8
269,12,827.4,129.8,51.6,124.9,0.9,26.8
269,13,855.3,137.2,54.8,129.2,0.85,26.8
269,14,868.4,115.4,44.6,120.4,0.89,26.8
269,20,796.0,101.2,50.7,115.2,0.97,26.8
269,21,590.8,101.8,42.8,113.4,0.88,26.8
269,30,662.4,15.7,37.1,83.5,0.83,26.8
269,31,457.7,144.8,56.3,131.0,0.9,26.8
269,32,815.6,188.8,63.7,147.8,0.87,26.8
270,1,525.5,40.0,37.3,93.1,0.91,26.9
270,2,315.9,187.2,55.0,141.7,0.87,26.9
270,10,873.9,130.9,47.5,123.0,0.91,26.9
270,11,832.6,148.5,45.3,126.1,0.89,26.9
270,12,835.3,130.6,48.8,127.0,0.88,26.9
270,13,857.7,138.8,47.9,126.7,0.89,26.9
270,14,856.9,113.9,44.0,118.0,0.89,26.9
270,20,806.9,101.1,40.1,109.4,0.86,26.9
270,21,588.1,105.9,44.7,112.2,0.87,26.9
270,30,665.2,13.9,37.1,86.4,0.86,26.9
270,31,468.6,139.2,48.1,128.4,0.91,26.9
270,32,821.0,188.9,62.8,142.1,0.86,26.9
271,1,524.2,35.9,36.2,94.2,0.9,27.0
271,2,315.9,186.6,55.9,142.4,0.89,27.0
271,10,869.7,130.0,52.6,124.5,0.9,27.0
271,11,833.5,144.9,48.5,134.9,0.98,27.0
271,12,835.6,128.8,44.3,125.1,0.92,27.0
271,13,858.5,137.6,56.0,127.5,0.91,27.0
271,14,859.9,117.1,50.2,115.2,0.94,27.0
271,20,808.5,99.7,41.5,112.1,0.85,27.0
271,21,578.4,102.4,48.6,114.9,0.94,27.0
271,30,669.9,15.6,36.5,82.6,0.9,27.0
271,31,466.3,142.9,49.1,127.5,0.81,27.0
271,32,810.6,189.1,63.6,144.3,0.93,27.0
272,1,528.6,36.5,34.7,94.3,0.94,27.1
272,2,316.1,188.5,53.5,141.6,0.9,27.1
272,10,876.0,130.2,44.4,122.4,0.88,27.1
272,11,831.9,147.6,55.4,132.9,0.88,27.1
272,12,825.9,132.8,51.8,124.9,0.72,27.1
272,13,861.5,137.9,49.2,128.5,0.91,27.1
272,14,863.4,113.7,44.7,119.9,0.99,27.1
272,20,805.9,102.6,47.0,109.8,0.9,27.1
272,21,579.6,104.0,50.0,111.4,0.99,27.1
272,30,666.7,16.5,37.9,85.6,0.92,27.1
272,31,469.9,134.5,46.9,129.8,0.84,27.1
272,32,808.6,184.8,58.3,143.1,0.88,27.1
273,1,527.8,39.4,36.8,91.1,0.99,27.2
273,2,318.9,187.6,59.4,137.9,0.88,27.2
273,10,873.3,124.1,49.1,126.7,0.94,27.2
273,11,830.0,151.0,48.8,127.9,0.9,27.2
273,12,833.8,128.7,47.2,127.0,0.89,27.2
273,13,858.4,137.6,53.2,126.2,0.98,27.2
273,14,857.0,116.3,49.4,116.4,0.94,27.2
273,20,798.6,92.7,48.7,110.1,0.92,27.2
273,21,579.3,100.1,43.2,114.9,0.89,27.2
273,30,678.1,14.4,30.2,83.0,0.89,27.2
273,31,473.5,137.0,50.3,127.2,0.9,27.2
273,32,815.7,181.2,52.4,143.4,0.87,27.2
274,1,525.4,38.7,41.2,92.6,0.87,27.3
274,2,312.3,180.6,61.7,143.6,0.96,27.3
274,10,870.6,129.3,53.9,121.6,0.83,27.3
274,11,833.3,148.8,48.5,129.7,0.99,27.3
274,12,830.9,130.0,47.1,122.7,0.91,27.3
274,13,862.1,138.3,48.0,127.4,0.9,27.3
274,14,864.4,113.5,44.1,117.1,0.84,27.3
274,20,811.2,97.3,44.5,111.7,0.95,27.3
274,21,581.5,101.9,48.6,113.8,0.9,27.3
274,30,670.8,14.5,35.1,80.3,0.93,27.3
274,31,465.0,147.6,49.6,123.4,0.88,27.3
274,32,801.5,188.2,63.5,145.2,0.87,27.3
275,1,526.3,37.3,33.7,95.7,0.91,27.4
275,2,321.5,189.7,49.4,140.5,0.84,27.4
275,10,872.8,129.4,54.1,121.9,0.87,27.4
275,11,833.4,148.5,48.6,128.8,0.87,27.4
275,12,832.0,133.5,50.5,124.4,0.91,27.4
275,13,860.5,135.0,53.0,126.0,0.94,27.4
275,14,863.5,116.2,46.9,120.3,0.89,27.4
275,20,807.9,92.0,41.4,117.2,0.91,27.4
275,21,580.5,101.1,44.4,116.3,0.98,27.4
275,30,679.8,15.2,32.3,85.6,0.99,27.4
275,31,466.6,138.3,51.3,129.2,0.98,27.4
275,32,813.5,191.8,53.2,142.6,0.93,27.4
276,1,526.8,35.5,33.4,94.5,0.96,27.5
276,2,321.0,185.3,53.6,139.9,0.97,27.5
276,10,867.1,123.9,53.8,124.7,0.94,27.5
276,11,823.1,151.5,55.5,129.8,0.9,27.5
276,12,826.2,130.7,54.9,123.5,0.83,27.5
276,13,861.7,133.5,45.5,128.8,0.99,27.5
276,14,860.8,116.7,45.9,115.2,0.91,27.5
276,20,819.3,101.8,41.7,110.6,0.87,27.5
276,21,568.9,104.2,45.7,113.6,0.92,27.5
276,30,678.3,11.6,38.3,86.9,0.86,27.5
276,31,471.2,137.9,48.5,129.1,0.92,27.5
276,32,812.4,186.4,53.5,142.8,0.91,27.5
277,1,522.5,36.9,40.2,94.7,0.92,27.6
277,2,325.8,188.0,49.7,139.6,0.9,27.6
277,10,869.1,126.8,49.1,126.3,0.95,27.6
277,11,835.4,146.8,47.5,128.9,0.91,27.6
277,12,836.5,132.3,43.4,122.0,0.87,27.6
277,13,863.6,137.3,45.3,128.6,0.82,27.6
277,14,863.4,112.9,44.9,120.6,0.9,27.6
277,20,819.7,93.5,44.2,119.1,0.89,27.6
277,21,565.9,103.6,45.9,115.7,0.88,27.6
277,30,681.5,16.9,31.5,84.2,0.88,27.6
277,31,467.8,139.5,57.2,127.5,0.96,27.6
277,32,816.4,185.6,50.9,141.3,0.87,27.6
278,1,522.2,37.1,36.9,94.8,0.87,27.7
278,2,316.4,188.1,51.9,144.3,0.82,27.7
278,10,868.5,128.3,52.9,124.2,0.94,27.7
278,11,833.3,146.9,52.4,130.9,0.91,27.7
278,12,834.6,133.3,49.7,122.0,0.89,27.7
278,13,856.0,137.1,56.4,125.9,0.86,27.7
278,14,859.7,120.1,42.9,118.1,0.95,27.7
278,20,813.5,103.1,48.0,110.5,0.85,27.7
278,21,570.6,109.4,39.2,110.7,0.87,27.7
278,30,680.0,12.2,32.6,85.8,0.93,27.7
278,31,474.6,135.7,48.9,127.1,0.79,27.7
278,32,808.1,184.5,51.5,143.4,0.85,27.7
279,1,522.1,35.9,40.1,96.5,0.94,27.8
279,2,312.4,185.2,56.6,143.0,0.88,27.8
279,10,869.8,125.1,56.3,126.6,0.85,27.8
279,11,832.7,148.4,49.1,128.8,0.92,27.8
279,12,826.8,132.0,54.8,123.7,0.85,27.8
279,13,864.2,137.9,44.3,126.2,0.95,27.8
279,14,860.3,113.1,44.5,118.7,0.9,27.8
279,20,821.3,96.3,48.2,114.5,0.89,27.8
279,21,572.1,98.7,49.6,113.7,0.87,27.8
279,30,677.7,15.9,32.8,83.9,0.94,27.8
279,31,462.2,140.7,57.2,128.1,0.9,27.8
279,32,805.2,187.3,62.0,140.0,0.88,27.8
280,1,521.2,37.4,37.7,92.8,0.9,27.9
280,2,311.2,193.8,54.7,145.0,0.89,27.9
280,10,871.6,131.1,54.3,121.0,0.96,27.9
280,11,832.8,148.1,53.6,129.0,0.89,27.9
280,12,831.5,131.9,45.3,126.0,0.8,27.9
280,13,862.4,141.7,52.0,126.2,0.91,27.9
280,14,862.3,118.9,46.0,115.5,0.96,27.9
280,20,824.7,103.8,41.5,109.7,0.89,27.9
280,21,565.3,98.0,43.3,116.1,0.85,27.9
280,30,683.6,17.9,34.3,80.0,0.99,27.9
280,31,475.4,140.4,56.2,125.5,0.83,27.9
280,32,798.3,183.6,57.4,142.7,0.93,27.9
281,1,522.0,34.7,38.6,95.4,0.81,28.0
281,2,312.9,191.9,56.3,143.0,0.91,28.0
281,10,864.1,129.6,54.3,121.8,0.87,28.0
281,11,829.5,150.8,52.2,130.4,0.87,28.0
281,12,835.5,136.5,43.4,121.3,0.98,28.0
281,13,861.1,140.4,52.5,124.5,0.86,28.0
281,14,863.4,116.3,49.4,117.4,0.94,28.0
281,20,823.4,101.9,42.4,112.4,0.95,28.0
281,21,572.7,100.3,42.4,116.1,0.81,28.0
281,30,680.7,14.3,36.6,84.0,0.86,28.0
281,31,478.3,135.6,50.5,125.6,0.89,28.0
281,32,804.0,188.0,56.5,139.0,0.8,28.0
282,1,524.2,38.5,40.2,92.3,0.89,28.1
282,2,315.4,189.6,62.0,141.5,0.92,28.1
282,10,876.2,130.2,45.3,124.9,0.91,28.1
282,11,830.5,147.3,54.8,131.2,0.99,28.1
282,12,833.3,135.4,44.7,119.4,0.98,28.1
282,13,864.3,142.3,50.1,122.5,0.95,28.1
282,14,859.8,114.6,48.1,120.6,0.88,28.1
282,20,827.4,93.9,48.8,117.1,0.86,28.1
282,21,551.9,110.2,47.2,114.6,0.92,28.1
282,30,687.5,15.4,33.7,80.3,0.84,28.1
282,31,467.9,134.3,49.3,128.8,0.88,28.1
282,32,797.9,184.2,63.0,143.9,0.92,28.1
283,1,527.5,41.7,31.9,89.1,0.93,28.2
283,2,311.3,186.7,52.0,146.8,0.96,28.2
283,10,876.8,127.9,49.7,121.2,0.92,28.2
283,11,835.8,149.3,48.5,128.1,0.8,28.2
283,12,832.0,132.9,46.4,122.0,0.89,28.2
283,13,856.6,133.5,54.2,129.5,0.93,28.2
283,14,861.2,116.5,47.9,118.4,0.79,28.2
283,20,835.7,95.1,43.9,111.9,0.94,28.2
283,21,557.2,102.2,45.1,111.2,0.99,28.2
283,30,682.6,10.5,33.1,86.0,0.92,28.2
283,31,470.0,134.7,50.4,129.4,0.9,28.2
283,32,794.2,185.0,58.6,142.3,0.97,28.2
284,1,526.5,37.5,36.4,92.3,0.95,28.3
284,2,304.6,192.7,59.6,142.6,0.89,28.3
284,10,869.8,125.5,54.1,123.4,0.93,28.3
284,11,833.6,148.0,47.2,131.5,0.85,28.3
284,12,834.0,132.6,49.2,125.0,0.95,28.3
284,13,857.6,137.5,51.2,126.8,0.93,28.3
284,14,863.8,113.6,43.2,121.2,0.9,28.3
284,20,828.4,96.1,47.8,112.8,0.95,28.3
284,21,551.7,100.9,44.5,117.9,0.85,28.3
284,30,685.1,12.1,35.2,87.3,0.9,28.3
284,31,486.0,135.9,49.0,124.8,0.8,28.3
284,32,811.4,181.3,51.9,141.3,0.86,28.3
285,1,526.5,39.9,36.3,91.9,0.93,28.4
285,2,317.5,181.8,60.7,140.2,0.96,28.4
285,10,875.9,129.4,51.1,124.4,0.92,28.4
285,11,825.5,148.9,58.2,130.5,0.86,28.4
285,12,827.7,128.8,54.6,125.2,0.97,28.4
285,13,860.4,137.2,51.0,124.3,0.88,28.4
285,14,860.7,117.3,46.2,118.9,0.83,28.4
285,20,832.9,98.7,48.9,115.5,0.87,28.4
285,21,553.7,99.4,47.5,116.6,0.95,28.4
285,30,682.0,11.2,37.2,89.6,0.93,28.4
285,31,480.6,134.7,48.2,124.4,0.85,28.4
285,32,803.7,182.3,50.4,141.4,0.91,28.4
286,1,523.7,38.3,41.0,93.4,0.89,28.5
286,2,311.8,187.5,56.4,144.9,0.93,28.5
286,10,875.5,127.6,46.4,124.6,0.92,28.5
286,11,830.1,151.5,52.7,129.2,0.85,28.5
286,12,835.6,132.0,46.4,124.0,0.97,28.5
286,13,860.7,136.0,46.2,128.8,0.84,28.5
286,14,857.2,116.8,53.5,119.3,0.8,28.5
286,20,833.4,104.8,41.8,115.7,0.9,28.5
286,21,546.5,98.6,51.4,120.2,0.96,28.5
286,30,693.5,16.2,33.6,83.3,0.85,28.5
286,31,480.5,135.6,52.8,126.1,0.92,28.5
286,32,800.1,182.0,53.5,138.2,0.87,28.5
287,1,522.2,38.0,42.1,95.5,0.82,28.6
287,2,311.7,189.0,56.9,143.6,0.83,28.6
287,10,877.8,132.6,46.7,121.6,0.88,28.6
287,11,836.0,149.9,47.4,129.8,0.94,28.6
287,12,832.2,133.1,45.1,125.8,0.82,28.6
287,13,860.8,137.0,51.2,127.2,0.92,28.6
287,14,862.2,117.5,51.5,115.7,0.94,28.6
287,20,834.0,98.0,47.7,113.7,0.92,28.6
287,21,555.1,102.6,43.1,117.0,0.91,28.6
287,30,693.1,9.1,35.9,87.5,0.95,28.6
287,31,475.6,134.8,53.5,129.7,0.96,28.6
287,32,807.0,185.6,56.5,139.3,0.97,28.6
288,1,523.1,36.7,41.7,93.9,0.92,28.7
288,2,314.0,185.1,54.9,141.3,0.93,28.7
288,10,878.1,129.2,45.0,123.6,0.84,28.7
288,11,826.8,147.4,55.3,131.4,0.95,28.7
288,12,830.8,134.3,46.2,120.9,0.97,28.7
288,13,862.1,134.4,46.7,127.4,0.87,28.7
288,14,867.8,114.3,45.1,118.9,0.94,28.7
288,20,839.7,97.7,45.6,113.0,0.97,28.7
288,21,544.9,105.5,45.8,112.6,0.85,28.7
288,30,686.3,13.7,37.3,86.1,0.96,28.7
288,31,492.9,139.4,50.6,125.3,0.92,28.7
288,32,793.6,180.6,59.0,139.5,0.95,28.7
289,1,523.8,36.5,38.9,93.3,0.94,28.8
289,2,314.5,189.2,54.5,141.4,0.85,28.8
289,10,875.2,132.3,43.8,121.1,0.74,28.8
289,11,832.0,150.4,47.2,128.5,0.85,28.8
289,12,828.7,129.0,51.8,124.3,0.89,28.8
289,13,854.2,135.6,57.0,128.6,0.9,28.8
289,14,857.6,119.1,51.2,116.5,0.83,28.8
289,20,837.6,100.7,48.1,112.9,0.83,28.8
289,21,543.8,106.6,49.5,117.4,0.88,28.8
289,30,691.3,13.0,36.6,83.7,0.92,28.8
289,31,484.4,135.5,50.9,124.5,0.91,28.8
289,32,798.7,178.0,53.7,136.5,0.95,28.8
290,1,526.0,37.6,32.6,92.4,0.88,28.9
290,2,310.6,190.9,55.7,143.5,0.98,28.9
290,10,874.6,128.9,50.4,122.6,0.99,28.9
290,11,827.0,146.1,51.7,129.7,0.91,28.9
290,12,831.6,131.3,48.6,123.1,0.86,28.9
290,13,859.9,138.6,52.5,126.1,0.88,28.9
290,14,860.9,116.3,49.9,118.4,0.94,28.9
290,20,843.0,92.9,41.4,112.4,0.95,28.9
290,21,538.3,108.3,42.9,114.2,0.86,28.9
290,30,698.2,16.0,33.4,83.2,0.87,28.9
290,31,484.2,136.0,51.3,122.1,0.88,28.9
290,32,800.9,180.5,55.2,139.6,0.87,28.9
291,1,525.6,34.5,36.2,96.9,0.92,29.0
291,2,308.3,187.6,59.9,144.1,0.9,29.0
291,10,874.8,132.6,44.8,121.6,0.83,29.0
291,11,838.7,150.6,45.4,129.0,0.83,29.0
291,12,830.1,130.2,47.3,124.3,0.86,29.0
291,13,859.3,141.1,47.0,122.7,0.93,29.0
291,14,860.1,115.4,53.3,119.6,0.95,29.0
291,20,841.5,103.6,46.3,111.0,0.79,29.0
291,21,542.4,100.5,42.5,113.9,0.86,29.0
291,30,696.3,14.6,35.9,82.5,0.94,29.0
291,31,488.1,137.7,53.3,125.0,0.94,29.0
291,32,794.3,184.9,60.5,138.4,0.82,29.0
292,1,525.0,40.9,39.1,89.2,0.88,29.1
292,2,314.4,182.2,60.6,143.7,0.89,29.1
292,10,878.7,130.4,46.2,120.0,0.89,29.1
292,11,834.3,144.9,46.6,132.2,0.85,29.1
292,12,831.2,127.5,45.1,126.7,0.85,29.1
292,13,864.7,143.6,47.6,121.7,0.99,29.1
292,14,868.5,117.7,42.3,116.7,0.87,29.1
292,20,854.6,92.0,42.3,112.3,0.92,29.1
292,21,530.1,106.6,44.4,117.0,0.89,29.1
292,30,702.2,13.0,32.2,85.2,0.88,29.1
292,31,481.2,133.0,54.2,127.2,0.89,29.1
292,32,797.4,182.1,57.3,140.8,0.99,29.1
293,1,526.2,43.0,37.9,88.8,0.88,29.2
293,2,309.7,190.3,54.5,140.5,0.99,29.2
293,10,870.3,129.8,54.1,122.8,0.93,29.2
293,11,828.7,151.6,54.3,127.8,0.95,29.2
293,12,828.2,130.0,55.0,125.6,0.92,29.2
293,13,862.0,138.9,44.9,123.3,0.89,29.2
293,14,858.7,113.7,48.5,119.9,0.97,29.2
293,20,854.7,94.5,43.2,109.9,0.88,29.2
293,21,539.9,106.6,49.9,111.1,0.88,29.2
293,30,702.4,12.8,30.3,84.4,0.86,29.2
293,31,493.7,137.0,51.8,120.2,0.85,29.2
293,32,797.7,183.4,52.7,141.0,0.9,29.2
294,1,527.8,41.8,32.7,88.3,0.97,29.3
294,2,318.0,188.6,58.7,143.9,0.89,29.3
294,10,872.4,128.9,53.5,122.1,0.85,29.3
294,11,831.2,154.0,52.8,128.3,0.9,29.3
294,12,830.0,137.8,50.1,122.8,0.99,29.3
294,13,856.8,134.9,52.6,129.4,0.86,29.3
294,14,860.8,116.5,50.4,119.0,0.88,29.3
294,20,854.6,94.6,41.2,112.0,0.92,29.3
294,21,533.3,96.6,48.7,117.7,0.91,29.3
294,30,697.3,11.4,36.3,88.4,0.87,29.3
294,31,488.8,134.6,50.4,125.7,0.85,29.3
294,32,787.3,184.9,61.9,143.5,0.95,29.3
295,1,523.8,35.4,42.2,95.8,0.9,29.4
295,2,310.7,180.0,60.4,141.4,0.87,29.4
295,10,880.7,132.2,43.6,120.5,0.93,29.4
295,11,830.6,151.2,54.9,127.9,0.99,29.4
295,12,830.1,135.4,49.0,121.8,0.86,29.4
295,13,861.0,138.3,49.1,127.0,0.87,29.4
295,14,862.4,111.6,46.0,121.4,0.8,29.4
295,20,860.8,100.6,40.0,111.0,0.92,29.4
295,21,532.1,105.6,50.1,114.0,0.99,29.4
295,30,708.3,16.1,29.5,81.4,0.87,29.4
295,31,494.2,133.8,50.1,125.0,0.77,29.4
295,32,796.0,178.5,49.4,141.0,0.94,29.4
296,1,523.9,35.5,35.6,95.4,0.96,29.5
296,2,318.1,189.3,51.7,141.3,0.88,29.5
296,10,875.7,132.2,47.3,123.2,0.9,29.5
296,11,827.8,151.5,54.6,126.8,0.95,29.5
296,12,832.8,126.5,47.9,129.3,0.91,29.5
296,13,860.1,137.6,51.3,125.8,0.87,29.5
296,14,866.2,117.8,42.7,120.5,0.86,29.5
296,20,858.8,98.0,49.0,111.0,0.91,29.5
296,21,521.6,106.2,48.3,114.5,0.9,29.5
296,30,699.2,14.6,37.3,85.2,0.91,29.5
296,31,495.1,131.5,46.9,126.8,0.89,29.5
296,32,789.1,181.2,51.3,137.2,0.99,29.5
297,1,527.3,39.3,35.5,90.6,0.92,29.6
297,2,318.5,187.1,56.4,141.1,0.9,29.6
297,10,870.8,131.4,52.4,120.5,0.87,29.6
297,11,830.9,148.2,56.1,130.0,0.95,29.6
297,12,832.4,134.5,46.7,121.6,0.94,29.6
297,13,855.7,137.7,55.9,130.6,0.83,29.6
297,14,863.9,119.0,42.4,119.0,0.93,29.6
297,20,861.4,94.5,39.2,111.0,0.95,29.6
297,21,518.7,104.0,50.0,117.8,0.99,29.6
297,30,696.9,9.7,36.4,84.1,0.98,29.6
297,31,497.0,129.0,45.3,123.9,0.82,29.6
297,32,794.2,179.3,49.7,139.7,0.76,29.6
298,1,528.5,40.5,33.6,88.7,0.99,29.7
298,2,310.2,190.6,61.1,143.1,0.91,29.7
298,10,867.3,127.4,55.6,124.3,0.85,29.7
298,11,828.1,147.8,58.5,132.0,0.87,29.7
298,12,832.9,133.9,45.2,121.0,0.9,29.7
298,13,856.4,137.3,54.1,124.4,0.86,29.7
298,14,864.7,119.0,44.7,119.8,0.9,29.7
298,20,859.1,96.1,42.0,116.6,0.96,29.7
298,21,521.6,105.3,42.7,116.0,0.95,29.7
298,30,699.6,15.9,33.1,84.8,0.87,29.7
298,31,485.2,129.3,56.1,128.9,0.95,29.7
298,32,795.2,174.3,58.2,142.2,0.82,29.7
299,1,526.9,38.0,37.7,94.4,0.91,29.8
299,2,311.8,185.9,56.5,144.0,0.93,29.8
299,10,870.5,130.0,48.2,123.5,0.91,29.8
299,11,837.1,150.4,50.3,128.9,0.83,29.8
299,12,831.1,131.8,45.4,124.3,0.88,29.8
299,13,856.5,137.0,48.7,126.5,0.84,29.8
299,14,864.3,117.6,43.6,117.3,0.94,29.8
299,20,866.2,97.5,42.4,112.6,0.97,29.8
299,21,521.0,99.7,49.1,113.6,0.78,29.8
299,30,709.1,11.7,35.9,84.7,0.85,29.8
299,31,493.5,133.4,55.6,123.7,0.83,29.8
299,32,793.5,175.7,50.4,137.7,0.84,29.8
300,1,524.9,38.7,37.3,92.7,0.86,29.9
300,2,312.9,190.2,54.0,142.7,0.85,29.9
300,10,874.8,127.9,48.6,123.6,0.93,29.9
300,11,833.3,147.6,56.1,132.7,0.89,29.9
300,12,826.8,132.5,46.8,126.6,0.93,29.9
300,13,863.5,138.3,47.1,124.6,0.94,29.9
300,14,861.1,115.6,51.8,118.2,0.95,29.9
300,20,873.0,99.7,39.7,106.1,0.96,29.9
300,21,520.8,104.0,49.6,119.5,0.87,29.9
300,30,702.1,18.6,30.8,83.2,0.88,29.9
300,31,497.0,132.1,44.2,123.4,0.87,29.9
300,32,792.9,173.4,62.5,139.1,0.92,29.9
301,1,524.0,39.1,33.6,90.5,0.97,30.0
301,2,310.4,191.9,57.0,142.4,0.86,30.0
301,10,871.8,131.1,52.2,122.4,0.95,30.0
301,11,837.3,147.6,48.0,130.2,0.99,30.0
301,12,835.3,131.8,49.6,124.5,0.96,30.0
301,13,860.9,139.1,54.9,124.9,0.89,30.0
301,14,864.9,118.2,42.2,118.9,0.97,30.0
301,20,870.5,96.0,44.8,110.2,0.98,30.0
301,21,512.7,107.2,51.4,114.3,0.88,30.0
301,30,705.1,14.3,33.3,83.4,0.9,30.0
301,31,499.9,132.3,44.7,126.5,0.91,30.0
301,32,794.8,180.1,55.4,135.9,0.89,30.0
302,1,525.3,39.2,38.1,90.4,0.9,30.1
302,2,315.1,185.3,52.4,142.0,0.82,30.1
302,10,873.6,128.0,43.8,124.5,0.93,30.1
302,11,834.4,145.9,47.5,132.8,0.88,30.1
302,12,833.7,134.6,45.6,123.6,0.82,30.1
302,13,861.8,135.5,51.3,127.1,0.88,30.1
302,14,863.5,116.9,47.0,117.7,0.97,30.1
302,20,876.3,101.8,43.6,109.3,0.95,30.1
302,21,516.8,105.3,45.7,116.8,0.84,30.1
302,30,712.4,12.8,32.5,88.4,0.9,30.1
302,31,507.0,130.2,44.5,121.5,0.99,30.1
302,32,774.7,181.6,56.3,139.9,0.89,30.1
303,1,523.9,39.3,41.0,94.0,0.95,30.2
303,2,318.5,185.4,59.9,144.0,0.86,30.2
303,10,872.3,125.0,54.8,123.5,0.9,30.2
303,11,831.7,149.5,56.5,131.2,0.99,30.2
303,12,826.6,137.6,50.3,120.5,0.89,30.2
303,13,857.5,137.3,51.1,127.0,0.92,30.2
303,14,862.8,116.6,45.5,119.5,0.91,30.2
303,20,876.8,94.7,42.7,112.6,0.89,30.2
303,21,521.4,104.7,42.0,117.3,0.87,30.2
303,30,714.0,10.3,30.9,84.3,0.97,30.2
303,31,504.8,128.0,48.3,123.1,0.94,30.2
303,32,786.3,179.1,51.9,134.9,0.93,30.2
304,1,523.2,37.3,39.2,92.6,0.92,30.3
304,2,313.6,190.7,49.7,140.6,0.97,30.3
304,10,872.2,126.2,55.1,122.5,0.88,30.3
304,11,831.1,147.4,55.7,133.5,0.89,30.3
304,12,828.9,137.7,49.9,123.0,0.98,30.3
304,13,860.0,136.8,52.0,126.9,0.88,30.3
304,14,864.0,117.5,45.5,118.5,0.93,30.3
304,20,883.8,100.4,42.6,114.7,0.87,30.3
304,21,511.1,106.8,42.2,115.5,0.92,30.3
304,30,705.1,15.2,34.3,85.7,0.85,30.3
304,31,490.5,136.6,47.6,122.5,0.89,30.3
304,32,786.9,177.2,53.1,140.5,0.89,30.3
305,1,523.3,38.3,41.0,94.4,0.99,30.4
305,2,316.2,188.6,49.8,141.8,0.95,30.4
305,10,871.4,130.0,52.8,119.8,0.89,30.4
305,11,830.6,152.2,53.3,128.7,0.89,30.4
305,12,827.0,131.7,55.0,126.2,0.88,30.4
305,13,863.0,139.2,45.0,126.0,0.85,30.4
305,14,865.1,116.9,41.6,116.2,0.88,30.4
305,20,880.2,99.5,40.7,113.3,0.93,30.4
305,21,507.7,99.5,47.6,118.4,0.88,30.4
305,30,714.1,11.0,30.7,85.6,0.86,30.4
305,31,500.7,136.4,49.2,119.8,0.85,30.4
305,32,784.9,180.4,53.0,138.5,0.98,30.4
306,1,521.9,37.5,40.4,93.7,0.82,30.5
306,2,310.6,192.3,59.1,139.3,0.99,30.5
306,10,877.2,129.7,48.6,120.0,0.97,30.5
306,11,832.3,148.5,57.7,132.0,0.77,30.5
306,12,832.1,134.6,44.8,126.0,0.86,30.5
306,13,854.5,138.5,53.7,124.9,0.94,30.5
306,14,860.0,119.4,47.2,116.2,0.89,30.5
306,20,878.3,99.2,42.9,106.4,0.92,30.5
306,21,512.2,107.5,42.8,115.4,0.81,30.5
306,30,711.2,15.2,32.9,85.6,0.94,30.5
306,31,505.1,125.9,45.3,123.8,0.99,30.5
306,32,780.6,177.5,58.7,139.1,0.9,30.5
307,1,528.3,38.3,40.1,90.6,0.91,30.6
307,2,319.3,188.7,51.0,135.7,0.86,30.6
307,10,871.4,132.6,45.9,119.8,0.77,30.6
307,11,834.1,153.7,49.7,126.9,0.87,30.6
307,12,827.6,134.6,52.2,124.0,0.96,30.6
307,13,857.1,136.8,53.0,126.4,0.88,30.6
307,14,864.8,114.4,44.6,121.6,0.88,30.6
307,20,886.1,96.4,39.8,110.0,0.88,30.6
307,21,500.6,104.4,40.9,115.1,0.9,30.6
307,30,719.8,13.8,31.2,84.5,0.98,30.6
307,31,500.4,130.0,55.1,122.6,0.89,30.6
307,32,780.3,181.7,50.8,135.0,0.91,30.6
308,1,526.4,41.6,32.0,88.8,0.87,30.7
308,2,320.7,188.9,52.1,142.3,0.94,30.7
308,10,872.2,127.7,49.9,121.5,0.88,30.7
308,11,830.8,149.3,51.5,130.3,0.84,30.7
308,12,833.9,134.2,45.0,122.8,0.9,30.7
308,13,863.7,139.1,44.2,123.9,0.84,30.7
308,14,861.0,117.6,45.3,116.8,0.9,30.7
308,20,889.0,97.8,42.6,114.3,0.84,30.7
308,21,509.8,102.7,40.4,114.1,0.91,30.7
308,30,713.1,13.4,32.8,84.3,0.93,30.7
308,31,504.2,129.8,54.8,123.1,0.85,30.7
308,32,775.0,172.9,60.8,136.2,0.93,30.7
309,1,524.4,36.0,37.3,95.8,0.91,30.8
309,2,312.5,185.9,63.5,141.7,0.89,30.8
309,10,875.3,126.0,48.3,122.2,0.81,30.8
309,11,833.4,149.2,52.3,127.2,0.87,30.8
309,12,831.1,133.2,48.9,121.7,0.84,30.8
309,13,852.0,135.0,55.9,128.6,0.8,30.8
309,14,857.7,112.6,49.4,119.5,0.99,30.8
309,20,888.5,97.0,39.6,112.6,0.91,30.8
309,21,491.3,112.1,50.4,117.8,0.92,30.8
309,30,719.9,16.7,33.2,84.4,0.87,30.8
309,31,504.4,128.1,52.6,122.8,0.92,30.8
309,32,778.0,174.0,55.0,137.8,0.96,30.8
310,1,527.0,34.2,37.7,94.5,0.85,30.9
310,2,307.0,186.3,64.4,143.5,0.82,30.9
310,10,873.5,128.1,44.7,122.9,0.99,30.9
310,11,831.6,148.6,56.6,128.0,0.85,30.9
310,12,821.8,131.6,53.8,127.0,0.88,30.9
310,13,856.7,138.2,51.1,126.8,0.91,30.9
310,14,863.2,117.0,44.5,120.2,0.85,30.9
310,20,891.8,99.3,43.0,110.5,0.95,30.9
310,21,492.0,108.1,51.9,117.1,0.93,30.9
310,30,716.8,14.2,36.0,83.0,0.84,30.9
310,31,506.0,131.3,45.0,123.9,0.94,30.9
310,32,783.9,172.0,51.6,134.8,0.97,30.9
311,1,529.2,38.0,32.9,92.1,0.83,31.0
311,2,315.7,183.5,60.1,146.5,0.89,31.0
311,10,876.6,133.4,47.5,121.2,0.85,31.0
311,11,834.5,150.2,46.5,129.1,0.94,31.0
311,12,831.1,135.3,45.3,123.4,0.96,31.0
311,13,864.5,135.9,44.3,123.7,0.92,31.0
311,14,860.1,117.6,50.8,120.6,0.93,31.0
311,20,889.2,92.3,41.4,112.2,0.98,31.0
311,21,502.3,103.4,46.1,115.7,0.95,31.0
311,30,720.8,14.4,34.2,87.4,0.86,31.0
311,31,507.3,125.1,47.0,122.2,0.92,31.0
311,32,782.0,169.9,54.5,139.5,0.84,31.0
312,1,528.7,40.9,36.7,89.2,0.87,31.1
312,2,317.0,188.3,52.5,141.7,0.99,31.1
312,10,878.5,130.9,44.9,120.9,0.9,31.1
312,11,828.9,149.9,56.3,129.5,0.84,31.1
312,12,834.2,136.2,43.0,122.4,0.9,31.1
312,13,854.2,136.5,57.4,128.3,0.83,31.1
312,14,858.6,114.3,52.6,120.5,0.86,31.1
312,20,892.1,97.1,50.6,112.8,0.86,31.1
312,21,489.7,111.9,49.6,116.5,0.84,31.1
312,30,713.8,11.6,35.8,86.2,0.88,31.1
312,31,506.4,131.6,49.7,125.6,0.88,31.1
312,32,769.4,172.1,48.3,134.9,0.96,31.1
313,1,524.9,39.4,36.6,92.1,0.87,31.2
313,2,310.3,187.4,55.7,144.0,0.83,31.2
313,10,870.8,130.9,43.7,122.1,0.87,31.2
313,11,832.7,148.2,52.6,129.3,0.84,31.2
313,12,835.5,130.2,42.8,121.3,0.87,31.2
313,13,856.2,138.3,50.4,127.3,0.95,31.2
313,14,856.5,113.7,52.9,120.4,0.87,31.2
313,20,901.9,95.9,48.6,112.4,0.88,31.2
313,21,488.3,107.9,48.5,121.5,0.97,31.2
313,30,723.1,16.2,36.2,82.1,0.99,31.2
313,31,517.2,122.4,48.1,123.7,0.83,31.2
313,32,776.4,171.8,49.6,140.7,0.93,31.2
314,1,527.2,38.5,36.9,92.8,0.86,31.3
314,2,321.5,185.5,51.2,140.8,0.81,31.3
314,10,879.1,131.8,45.8,122.7,0.89,31.3
314,11,833.6,148.4,53.3,129.3,0.86,31.3
314,12,834.8,132.8,43.1,122.8,0.83,31.3
314,13,862.6,141.9,49.4,121.6,0.87,31.3
314,14,860.2,114.2,44.7,117.7,0.87,31.3
314,20,894.5,96.3,49.6,113.3,0.87,31.3
314,21,485.6,110.1,42.4,117.8,0.99,31.3
314,30,718.6,13.9,36.7,84.7,0.89,31.3
314,31,514.0,128.2,53.7,121.9,0.92,31.3
314,32,771.0,169.8,61.1,136.1,0.82,31.3
315,1,522.9,35.3,36.9,96.2,0.87,31.4
315,2,310.6,183.1,54.8,143.2,0.97,31.4
315,10,876.0,128.1,46.8,121.7,0.91,31.4
315,11,838.0,149.4,52.7,129.5,0.83,31.4
315,12,833.0,137.2,49.2,120.3,0.86,31.4
315,13,856.1,135.2,53.4,124.2,0.92,31.4
315,14,856.7,115.6,51.8,119.3,0.95,31.4
315,20,903.5,97.4,38.0,108.4,0.9,31.4
315,21,487.6,105.1,44.8,116.4,0.88,31.4
315,30,723.2,10.0,36.6,85.8,0.78,31.4
315,31,512.7,128.2,53.7,122.0,0.95,31.4
315,32,768.0,168.5,59.8,137.0,0.87,31.4
316,1,525.2,35.2,35.0,95.8,0.87,31.5
316,2,309.5,183.7,54.3,146.1,0.92,31.5
316,10,872.9,131.5,48.8,124.5,0.89,31.5
316,11,830.2,149.5,51.7,127.7,0.88,31.5
316,12,827.6,127.6,57.5,128.2,0.87,31.5
316,13,860.6,139.7,52.4,128.3,0.89,31.5
316,14,858.3,115.2,50.6,118.6,0.87,31.5
316,20,898.2,98.2,48.1,112.8,0.9,31.5
316,21,483.7,105.6,52.3,116.6,0.88,31.5
316,30,726.5,15.7,29.2,83.3,0.95,31.5
316,31,513.0,123.1,55.0,125.0,0.95,31.5
316,32,775.5,169.4,50.9,139.6,0.9,31.5
317,1,522.3,38.8,39.2,92.5,0.97,31.6
317,2,307.7,190.1,53.6,140.1,0.88,31.6
317,10,872.1,123.2,45.9,126.8,0.85,31.6
317,11,832.9,149.2,57.6,129.1,0.87,31.6
317,12,826.4,127.0,52.6,128.6,0.87,31.6
317,13,860.9,133.4,56.3,130.1,0.88,31.6
317,14,862.3,114.9,47.9,116.9,0.91,31.6
317,20,897.8,95.3,51.2,115.5,0.99,31.6
317,21,483.5,113.5,41.0,110.8,0.92,31.6
317,30,722.5,12.7,36.7,83.8,0.87,31.6
317,31,508.6,129.2,50.0,122.6,0.84,31.6
317,32,773.0,167.2,58.1,135.1,0.92,31.6
318,1,526.9,38.6,34.1,90.7,0.9,31.7
318,2,305.4,189.2,56.3,140.2,0.88,31.7
318,10,873.7,130.3,53.9,121.0,0.95,31.7
318,11,829.5,149.9,52.0,131.3,0.88,31.7
318,12,825.4,136.7,50.3,118.7,0.9,31.7
318,13,857.5,139.5,49.3,126.1,0.92,31.7
318,14,859.9,115.9,51.3,120.4,0.86,31.7
318,20,904.2,97.2,45.6,112.4,0.85,31.7
318,21,475.2,109.9,43.3,110.7,0.92,31.7
318,30,723.0,8.9,37.9,87.1,0.87,31.7
318,31,516.6,122.4,51.8,120.3,0.89,31.7
318,32,769.9,177.1,50.6,138.9,0.84,31.7
319,1,528.1,40.2,35.2,90.8,0.9,31.8
319,2,313.1,190.9,58.0,142.8,0.86,31.8
319,10,871.1,132.2,49.4,123.0,0.99,31.8
319,11,831.2,149.9,53.3,130.8,0.92,31.8
319,12,827.9,129.4,47.1,124.3,0.84,31.8
319,13,861.6,140.6,45.8,124.3,0.79,31.8
319,14,863.8,116.6,47.6,119.1,0.94,31.8
319,20,908.5,96.7,49.0,110.9,0.94,31.8
319,21,481.1,110.2,41.6,115.9,0.87,31.8
319,30,733.0,15.0,29.2,81.0,0.93,31.8
319,31,520.0,121.1,44.8,123.5,0.86,31.8
319,32,770.3,174.6,59.4,132.2,0.89,31.8
320,1,522.0,37.1,41.7,95.4,0.93,31.9
320,2,312.3,183.6,57.4,145.8,0.98,31.9
320,10,874.1,128.6,51.1,122.8,0.93,31.9
320,11,838.3,152.9,45.6,126.9,0.92,31.9
320,12,832.3,134.0,45.7,123.5,0.88,31.9
320,13,863.1,138.8,44.8,125.2,0.89,31.9
320,14,863.1,115.3,44.3,118.3,0.99,31.9
320,20,905.3,94.3,40.3,113.3,0.87,31.9
320,21,475.1,108.7,48.2,115.4,0.94,31.9
320,30,728.7,12.7,35.5,84.6,0.91,31.9
320,31,517.1,121.9,47.2,126.3,0.99,31.9
320,32,763.8,172.7,55.9,139.0,0.88,31.9
321,1,527.1,35.7,33.6,95.1,0.89,32.0
321,2,307.0,188.9,56.1,140.3,0.88,32.0
321,10,870.1,133.4,51.7,122.9,0.86,32.0
321,11,840.2,146.6,49.1,129.0,0.88,32.0
321,12,829.5,132.4,50.5,123.2,0.9,32.0
321,13,861.1,139.7,52.3,126.3,0.85,32.0
321,14,860.7,119.4,49.1,118.5,0.93,32.0
321,20,905.5,87.7,48.0,114.4,0.97,32.0
321,21,473.5,114.0,45.5,112.3,0.92,32.0
321,30,727.6,18.3,32.7,82.8,0.88,32.0
321,31,530.5,119.2,43.5,119.6,0.9,32.0
321,32,774.1,172.9,56.0,129.8,0.91,32.0
322,1,525.9,36.2,39.3,93.8,0.93,32.1
322,2,306.7,192.3,59.8,143.2,0.97,32.1
322,10,871.8,128.5,53.5,126.4,0.88,32.1
322,11,829.0,150.4,55.8,128.5,0.99,32.1
322,12,829.4,134.2,46.5,121.8,0.86,32.1
322,13,857.1,136.5,52.8,125.6,0.92,32.1
322,14,864.6,117.7,42.9,116.8,0.91,32.1
322,20,912.2,95.7,45.1,113.0,0.84,32.1
322,21,464.9,106.2,48.2,115.8,0.97,32.1
322,30,730.8,14.6,34.0,82.0,0.88,32.1
322,31,521.1,124.1,49.1,119.2,0.87,32.1
322,32,762.2,169.1,55.4,138.5,0.96,32.1
323,1,525.9,37.7,39.8,92.3,0.85,32.2
323,2,309.9,188.6,60.6,146.1,0.91,32.2
323,10,876.0,130.5,49.3,120.6,0.88,32.2
323,11,836.1,153.7,56.7,129.4,0.95,32.2
323,12,825.1,132.9,55.6,123.5,0.88,32.2
323,13,850.0,135.5,57.4,127.8,0.93,32.2
323,14,864.9,115.4,43.8,119.5,0.86,32.2
323,20,917.2,94.9,47.0,109.8,0.85,32.2
323,21,465.3,105.5,51.3,118.7,0.9,32.2
323,30,730.2,13.4,32.8,85.4,0.96,32.2
323,31,523.8,128.4,43.3,121.3,0.86,32.2
323,32,768.6,171.9,52.7,135.8,0.91,32.2
324,1,522.3,36.4,42.2,96.0,0.98,32.3
324,2,304.0,191.3,62.9,141.7,0.84,32.3
324,10,872.6,136.2,49.7,118.9,0.87,32.3
324,11,834.3,148.4,55.7,129.3,0.94,32.3
324,12,826.1,134.4,50.1,123.6,0.81,32.3
324,13,857.1,140.0,50.1,124.8,0.99,32.3
324,14,863.8,119.7,44.3,114.6,0.95,32.3
324,20,917.3,95.4,45.4,115.9,0.94,32.3
324,21,456.8,103.5,52.3,116.6,0.86,32.3
324,30,733.7,15.3,37.7,85.5,0.87,32.3
324,31,520.3,128.0,47.7,120.8,0.89,32.3
324,32,774.9,165.1,51.6,136.8,0.92,32.3
325,1,525.5,36.9,37.7,90.9,0.99,32.4
325,2,310.4,190.1,53.5,142.2,0.8,32.4
325,10,880.0,124.8,43.9,123.7,0.86,32.4
325,11,833.0,149.4,48.7,128.3,0.9,32.4
325,12,829.7,130.5,47.6,126.8,0.93,32.4
325,13,861.4,136.9,45.1,126.5,0.86,32.4
325,14,862.4,116.2,44.3,120.5,0.78,32.4
325,20,918.9,95.9,41.2,113.6,0.88,32.4
325,21,461.0,112.3,49.0,114.7,0.84,32.4
325,30,734.9,16.7,32.3,80.8,0.86,32.4
325,31,526.3,128.5,43.3,119.9,0.89,32.4
325,32,761.9,170.3,59.6,137.5,0.95,32.4
326,1,529.1,42.4,34.2,91.3,0.91,32.5
326,2,318.9,185.6,58.4,141.7,0.96,32.5
326,10,875.9,129.9,48.0,122.1,0.97,32.5
326,11,828.5,154.4,56.9,128.2,0.87,32.5
326,12,833.8,139.7,46.1,117.6,0.84,32.5
326,13,861.1,138.6,51.2,126.0,0.9,32.5
326,14,855.2,118.3,51.7,117.4,0.85,32.5
326,20,927.7,91.6,42.6,110.8,0.91,32.5
326,21,461.2,110.4,45.8,111.6,0.92,32.5
326,30,736.1,11.3,33.9,87.0,0.94,32.5
326,31,527.5,120.4,46.6,121.1,0.99,32.5
326,32,770.5,170.0,47.1,132.2,0.98,32.5
327,1,527.6,33.7,35.3,94.7,0.9,32.6
327,2,308.2,193.8,53.1,143.0,0.92,32.6
327,10,870.9,131.2,50.7,121.6,0.84,32.6
327,11,833.2,147.5,50.4,131.7,0.94,32.6
327,12,831.3,127.2,50.9,125.4,0.92,32.6
327,13,858.4,141.4,52.2,125.8,0.96,32.6
327,14,861.1,116.8,46.5,114.4,0.9,32.6
327,20,926.1,96.1,41.9,115.1,0.99,32.6
327,21,462.1,104.3,45.7,118.9,0.89,32.6
327,30,735.4,16.9,30.9,84.3,0.93,32.6
327,31,523.6,123.1,54.7,123.4,0.85,32.6
327,32,763.2,168.2,48.7,134.3,0.97,32.6
328,1,528.5,38.9,32.1,91.4,0.85,32.7
328,2,303.1,193.0,61.2,138.2,0.89,32.7
328,10,873.5,131.5,44.0,119.9,0.91,32.7
328,11,835.9,146.1,50.0,129.9,0.99,32.7
328,12,826.3,136.5,54.5,122.3,0.89,32.7
328,13,863.2,135.8,46.5,127.1,0.92,32.7
328,14,857.6,116.0,51.4,118.8,0.99,32.7
328,20,921.5,97.8,50.8,114.0,0.92,32.7
328,21,460.4,107.4,47.2,116.2,0.86,32.7
328,30,738.0,13.8,33.9,85.3,0.9,32.7
328,31,531.5,121.2,45.2,121.3,0.91,32.7
328,32,770.9,165.2,51.2,134.7,0.96,32.7
329,1,525.4,37.4,39.6,92.0,0.85,32.8
329,2,303.4,185.7,65.3,146.8,0.95,32.8
329,10,872.2,125.9,49.3,125.4,0.99,32.8
329,11,834.6,147.1,49.1,130.1,0.92,32.8
329,12,832.2,131.6,47.5,128.7,0.93,32.8
329,13,862.0,141.4,43.7,124.0,0.95,32.8
329,14,860.2,115.8,51.3,120.4,0.99,32.8
329,20,930.5,102.5,44.8,110.3,0.84,32.8
329,21,450.2,111.0,42.7,117.9,0.86,32.8
329,30,738.3,12.5,38.3,86.3,0.79,32.8
329,31,534.2,118.8,48.4,119.8,0.81,32.8
329,32,762.6,170.1,47.9,135.9,0.8,32.8
330,1,528.9,39.9,33.5,91.4,0.83,32.9
330,2,300.6,191.6,60.3,143.6,0.83,32.9
330,10,873.9,127.9,49.2,122.4,0.83,32.9
330,11,834.8,147.8,47.1,130.5,0.86,32.9
330,12,834.2,133.8,49.2,123.4,0.93,32.9
330,13,861.2,136.6,48.0,124.9,0.93,32.9
330,14,866.7,117.1,41.4,114.8,0.86,32.9
330,20,933.5,99.7,42.6,113.3,0.96,32.9
330,21,457.3,106.6,49.3,115.0,0.82,32.9
330,30,738.6,14.0,31.0,84.0,0.85,32.9
330,31,531.5,118.9,53.0,120.0,0.9,32.9
330,32,758.5,168.0,48.2,135.7,0.88,32.9
331,1,525.3,39.5,33.5,92.0,0.88,33.0
331,2,307.4,190.0,62.6,144.9,0.99,33.0
331,10,876.6,128.5,51.8,124.7,0.93,33.0
331,11,833.7,152.0,47.5,127.9,0.98,33.0
331,12,830.3,128.2,47.8,126.6,0.9,33.0
331,13,862.0,138.0,49.8,128.2,0.94,33.0
331,14,859.9,115.5,53.1,120.7,0.84,33.0
331,20,930.4,92.8,49.1,110.7,0.98,33.0
331,21,454.2,108.0,42.6,115.7,0.87,33.0
331,30,748.4,19.3,34.1,81.9,0.93,33.0
331,31,534.7,119.1,55.1,122.7,0.87,33.0
331,32,752.8,169.9,50.9,133.2,0.87,33.0
332,1,532.3,38.7,32.3,92.2,0.87,33.1
332,2,301.3,188.3,65.3,145.4,0.85,33.1
332,10,879.2,131.2,47.6,120.7,0.91,33.1
332,11,834.7,153.6,49.8,125.4,0.9,33.1
332,12,830.2,130.8,46.9,125.2,0.95,33.1
332,13,865.1,143.0,44.9,123.8,0.94,33.1
332,14,865.0,118.3,42.3,117.5,0.84,33.1
332,20,933.0,103.7,42.7,106.7,0.91,33.1
332,21,454.4,105.0,41.0,117.1,0.98,33.1
332,30,745.4,13.7,29.9,83.4,0.99,33.1
332,31,540.8,114.3,44.8,119.3,0.8,33.1
332,32,759.8,167.3,51.7,135.1,0.98,33.1
333,1,526.5,36.5,36.0,94.0,0.88,33.2
333,2,305.7,192.1,57.6,140.4,0.86,33.2
333,10,872.4,131.5,50.3,124.2,0.96,33.2
333,11,833.4,146.2,53.3,131.4,0.97,33.2
333,12,827.2,131.0,52.3,124.0,0.94,33.2
333,13,865.1,139.7,49.2,127.4,0.89,33.2
333,14,859.1,111.7,44.1,121.4,0.99,33.2
333,20,940.1,94.8,44.1,111.6,0.91,33.2
333,21,444.6,111.6,51.9,117.0,0.94,33.2
333,30,736.3,16.5,35.3,80.4,0.79,33.2
333,31,539.3,119.6,45.6,119.4,0.91,33.2
333,32,752.7,166.0,56.1,136.1,0.9,33.2
334,1,529.9,35.5,34.3,93.1,0.92,33.3
334,2,313.3,187.3,62.2,146.4,0.89,33.3
334,10,869.1,124.9,56.6,127.1,0.94,33.3
334,11,832.6,148.9,56.3,130.2,0.89,33.3
334,12,834.2,138.0,42.8,122.2,0.89,33.3
334,13,859.1,138.5,52.8,124.7,0.89,33.3
334,14,867.3,117.5,43.0,116.8,0.91,33.3
334,20,946.9,93.6,40.6,112.5,0.83,33.3
334,21,437.1,109.1,51.7,116.3,0.89,33.3
334,30,743.3,11.6,37.3,85.6,0.88,33.3
334,31,531.7,118.3,45.6,121.2,0.85,33.3
334,32,754.5,169.2,57.1,136.3,0.89,33.3
335,1,526.1,34.5,39.0,95.7,0.81,33.4
335,2,302.3,189.6,60.1,144.6,0.88,33.4
335,10,878.7,133.2,43.5,116.7,0.81,33.4
335,11,833.4,147.4,49.2,130.5,0.93,33.4
335,12,830.1,134.9,53.7,121.2,0.99,33.4
335,13,853.1,136.8,54.5,127.0,0.83,33.4
335,14,869.7,112.5,42.1,119.8,0.95,33.4
335,20,940.1,96.4,49.0,112.0,0.86,33.4
335,21,448.7,107.7,43.8,114.5,0.91,33.4
335,30,743.3,12.1,37.9,87.1,0.82,33.4
335,31,530.6,120.1,48.0,120.6,0.79,33.4
335,32,758.6,161.6,54.7,133.4,0.85,33.4
336,1,531.1,36.9,34.4,93.5,0.89,33.5
336,2,303.6,186.2,61.1,143.8,0.88,33.5
336,10,877.7,131.1,45.7,122.3,0.89,33.5
336,11,834.5,152.7,47.9,130.7,0.85,33.5
336,12,831.0,133.7,52.3,123.7,0.99,33.5
336,13,861.3,135.4,49.2,128.3,0.89,33.5
336,14,864.9,114.1,48.8,119.5,0.94,33.5
336,20,937.1,92.9,45.6,114.1,0.96,33.5
336,21,438.4,113.5,40.5,114.0,0.85,33.5
336,30,746.3,18.4,29.6,80.1,0.95,33.5
336,31,548.3,113.9,43.6,118.6,0.88,33.5
336,32,753.1,161.7,51.1,136.0,0.87,33.5
337,1,528.3,35.0,40.4,94.3,0.83,33.6
337,2,304.8,187.9,57.9,144.5,0.86,33.6
337,10,873.9,128.8,56.0,125.2,0.88,33.6
337,11,830.8,148.7,56.5,128.5,0.8,33.6
337,12,831.5,130.8,46.1,125.9,0.91,33.6
337,13,854.7,138.5,51.0,124.7,0.9,33.6
337,14,861.5,115.9,52.4,118.4,0.93,33.6
337,20,954.3,91.3,42.4,113.0,0.95,33.6
337,21,437.6,106.1,48.4,114.7,0.86,33.6
337,30,748.4,12.5,34.4,83.4,0.94,33.6
337,31,541.1,118.1,45.0,119.1,0.93,33.6
337,32,751.9,165.4,59.7,133.4,0.92,33.6
338,1,527.4,38.0,37.2,93.0,0.89,33.7
338,2,311.5,190.5,54.6,145.1,0.92,33.7
338,10,875.4,130.1,53.2,122.0,0.92,33.7
338,11,836.7,150.5,49.4,128.1,0.87,33.7
338,12,827.8,132.7,52.8,125.5,0.96,33.7
338,13,861.7,134.8,49.1,126.7,0.92,33.7
338,14,860.9,115.1,50.2,120.8,0.88,33.7
338,20,946.1,92.0,49.9,111.6,0.85,33.7
338,21,432.1,113.1,43.2,118.0,0.9,33.7
338,30,754.2,9.0,35.5,90.3,0.84,33.7
338,31,532.0,120.7,47.4,119.6,0.96,33.7
338,32,749.7,170.7,57.1,138.5,0.92,33.7
339,1,523.4,35.6,40.2,95.3,0.84,33.8
339,2,308.5,188.7,63.4,141.7,0.99,33.8
339,10,874.6,134.7,44.7,121.8,0.98,33.8
339,11,832.1,146.4,55.7,132.0,0.94,33.8
339,12,830.3,137.1,49.6,118.3,0.9,33.8
339,13,860.6,139.5,49.1,125.0,0.99,33.8
339,14,858.3,120.1,52.1,116.3,0.89,33.8
339,20,945.7,90.8,43.2,112.1,0.93,33.8
339,21,439.0,110.1,50.8,113.7,0.99,33.8
339,30,746.9,11.7,36.7,87.2,0.88,33.8
339,31,543.7,120.1,44.1,123.1,0.9,33.8
339,32,746.4,169.8,60.2,133.8,0.98,33.8
340,1,527.6,39.7,39.6,90.5,0.88,33.9
340,2,304.0,188.0,59.8,146.8,0.88,33.9
340,10,869.1,125.8,52.2,123.8,0.89,33.9
340,11,837.0,143.0,50.6,135.3,0.91,33.9
340,12,829.9,135.2,45.8,122.4,0.89,33.9
340,13,861.5,138.9,51.8,128.1,0.82,33.9
340,14,859.2,114.8,52.0,120.4,0.97,33.9
340,20,954.7,96.7,43.7,107.6,0.84,33.9
340,21,425.2,109.9,50.2,114.8,0.92,33.9
340,30,749.3,17.6,31.1,78.8,0.84,33.9
340,31,546.6,112.8,46.2,120.8,0.97,33.9
340,32,749.4,157.2,58.2,133.0,0.99,33.9
341,1,522.3,35.2,40.1,95.5,0.92,34.0
341,2,304.4,190.5,60.0,142.7,0.88,34.0
341,10,874.6,132.1,51.6,123.4,0.81,34.0
341,11,834.3,146.3,56.7,131.1,0.82,34.0
341,12,830.0,133.2,51.4,123.1,0.9,34.0
341,13,856.6,137.2,54.3,126.8,0.87,34.0
341,14,854.4,116.2,50.5,118.2,0.89,34.0
341,20,957.9,93.4,44.2,111.8,0.99,34.0
341,21,432.5,112.9,48.2,115.7,0.9,34.0
341,30,757.7,11.3,33.5,87.1,0.94,34.0
341,31,543.8,119.2,49.1,120.7,0.97,34.0
341,32,749.6,168.3,56.4,133.3,0.81,34.0
342,1,524.6,37.4,38.6,92.8,0.86,34.1
342,2,312.9,191.0,50.7,142.0,0.9,34.1
342,10,877.4,132.1,44.1,122.2,0.88,34.1
342,11,831.3,151.9,54.4,130.7,0.95,34.1
342,12,827.6,135.6,48.6,123.8,0.9,34.1
342,13,858.3,138.7,53.8,126.2,0.87,34.1
342,14,862.6,115.1,52.3,121.0,0.89,34.1
342,20,957.1,96.1,42.3,111.8,0.91,34.1
342,21,429.6,110.8,46.3,118.4,0.89,34.1
342,30,757.1,15.1,29.8,84.8,0.93,34.1
342,31,540.7,119.3,50.8,118.9,0.79,34.1
342,32,753.1,164.5,51.8,133.4,0.97,34.1
343,1,528.1,34.7,35.8,93.9,0.94,34.2
343,2,304.2,190.8,59.2,148.3,0.93,34.2
343,10,871.9,128.8,44.7,122.7,0.99,34.2
343,11,836.7,154.4,45.7,130.0,0.91,34.2
343,12,833.8,129.1,46.9,123.9,0.97,34.2
343,13,858.1,139.4,55.7,127.0,0.94,34.2
343,14,865.6,117.3,44.6,117.6,0.9,34.2
343,20,952.5,94.1,42.6,113.2,0.95,34.2
343,21,421.4,105.4,42.7,118.2,0.83,34.2
343,30,759.5,12.9,30.5,84.2,0.86,34.2
343,31,534.8,123.0,48.4,116.8,0.93,34.2
343,32,747.3,159.4,57.3,135.4,0.99,34.2
344,1,523.5,36.0,37.5,95.2,0.89,34.3
344,2,304.2,189.3,57.7,148.6,0.89,34.3
344,10,871.8,130.5,45.7,123.5,0.87,34.3
344,11,830.2,150.4,56.9,129.8,0.86,34.3
344,12,831.9,132.3,51.9,124.2,0.84,34.3
344,13,856.7,137.9,44.8,126.6,0.95,34.3
344,14,865.0,116.7,49.5,118.6,0.9,34.3
344,20,962.2,99.5,42.7,110.4,0.92,34.3
344,21,418.7,110.4,47.1,114.6,0.88,34.3
344,30,762.2,9.5,30.2,84.5,0.98,34.3
344,31,554.8,110.7,44.4,115.9,0.88,34.3
344,32,754.7,161.7,48.0,132.8,0.93,34.3
345,1,525.0,34.8,41.6,92.7,0.92,34.4
345,2,310.8,189.6,59.0,140.1,0.86,34.4
345,10,868.6,128.0,53.4,122.0,0.86,34.4
345,11,836.1,146.8,55.6,129.7,0.88,34.4
345,12,831.1,134.9,47.8,124.4,0.86,34.4
345,13,863.6,136.2,44.4,126.9,0.8,34.4
345,14,861.0,116.3,46.8,120.2,0.97,34.4
345,20,959.3,96.8,41.6,107.4,0.87,34.4
345,21,417.5,109.9,45.3,115.1,0.9,34.4
345,30,755.1,12.9,35.4,84.6,0.91,34.4
345,31,551.9,110.6,48.0,117.4,0.92,34.4
345,32,746.5,162.8,49.0,134.3,0.84,34.4
346,1,526.2,38.4,40.6,92.5,0.94,34.5
346,2,304.0,189.0,58.5,142.8,0.98,34.5
346,10,877.6,131.3,45.4,123.2,0.86,34.5
346,11,826.3,147.3,58.0,130.9,0.93,34.5
346,12,830.9,133.0,55.2,125.9,0.99,34.5
346,13,854.3,136.6,49.9,126.9,0.9,34.5
346,14,865.0,117.6,46.1,118.4,0.94,34.5
346,20,967.1,100.0,44.1,110.6,0.9,34.5
346,21,419.8,110.8,44.1,116.4,0.85,34.5
346,30,760.6,13.9,34.8,83.0,0.84,34.5
346,31,543.5,116.8,53.2,119.0,0.89,34.5
346,32,748.0,167.4,46.5,132.4,0.83,34.5
347,1,527.1,36.9,35.5,92.1,0.89,34.6
347,2,302.8,188.2,60.3,145.8,0.84,34.6
347,10,871.4,130.2,54.7,123.4,0.86,34.6
347,11,836.7,149.3,49.3,127.0,0.85,34.6
347,12,832.2,130.0,46.1,124.4,0.94,34.6
347,13,857.7,139.5,50.6,127.5,0.99,34.6
347,14,863.4,117.2,43.2,118.2,0.99,34.6
347,20,961.0,92.6,49.0,110.3,0.94,34.6
347,21,416.7,109.0,49.9,118.7,0.84,34.6
347,30,756.9,9.4,30.5,84.1,0.91,34.6
347,31,547.8,120.6,49.0,116.5,0.98,34.6
347,32,747.0,155.6,54.6,136.3,0.99,34.6
348,1,529.1,38.1,34.9,92.9,0.91,34.7
348,2,307.8,190.6,55.9,147.6,0.84,34.7
348,10,878.4,126.8,43.9,125.2,0.89,34.7
348,11,831.7,150.4,58.1,130.4,0.96,34.7
348,12,825.7,132.6,48.0,126.3,0.84,34.7
348,13,857.8,138.3,55.5,123.6,0.92,34.7
348,14,866.6,118.8,45.0,117.0,0.88,34.7
348,20,965.5,90.3,46.4,113.1,0.93,34.7
348,21,406.1,107.6,52.0,120.2,0.86,34.7
348,30,760.2,9.5,36.4,87.1,0.89,34.7
348,31,551.1,115.7,49.1,116.9,0.85,34.7
348,32,737.8,160.1,57.8,132.2,0.93,34.7
349,1,532.1,36.2,34.2,94.8,0.91,34.8
349,2,307.1,193.1,61.6,139.7,0.83,34.8
349,10,871.0,134.2,51.2,119.4,0.92,34.8
349,11,834.9,149.8,58.6,132.0,0.95,34.8
349,12,835.2,130.5,45.3,124.9,0.82,34.8
349,13,852.1,138.1,55.2,126.7,0.9,34.8
349,14,857.8,112.7,49.5,121.1,0.93,34.8
349,20,972.4,92.9,42.1,110.2,0.9,34.8
349,21,409.5,104.3,42.5,116.0,0.9,34.8
349,30,759.7,14.8,34.7,80.5,0.9,34.8
349,31,557.3,113.4,47.5,117.8,0.89,34.8
349,32,754.7,160.0,50.8,132.7,0.97,34.8
350,1,528.4,35.2,35.4,95.2,0.91,34.9
350,2,299.6,192.2,58.0,142.4,0.88,34.9
350,10,873.3,127.1,54.7,127.0,0.96,34.9
350,11,831.5,152.5,57.3,130.1,0.99,34.9
350,12,830.8,131.5,46.3,124.5,0.82,34.9
350,13,859.6,136.1,53.5,127.0,0.85,34.9
350,14,859.9,115.5,48.9,118.1,0.86,34.9
350,20,976.1,98.7,44.3,108.1,0.89,34.9
350,21,409.1,113.5,44.5,116.9,0.87,34.9
350,30,763.7,15.3,34.4,85.1,0.87,34.9
350,31,555.3,114.8,43.9,117.4,0.99,34.9
350,32,748.0,154.2,50.2,134.3,0.94,34.9
351,1,527.8,39.7,37.0,91.7,0.85,35.0
351,2,306.6,190.3,58.7,144.4,0.9,35.0
351,10,875.7,130.0,48.1,120.1,0.96,35.0
351,11,835.0,149.4,51.5,129.4,0.95,35.0
351,12,827.6,135.2,51.0,124.1,0.96,35.0
351,13,862.6,138.3,47.0,124.4,0.93,35.0
351,14,860.0,118.9,42.2,119.7,0.91,35.0
351,20,980.2,90.3,38.2,108.8,0.89,35.0
351,21,403.2,109.9,51.9,116.4,0.83,35.0
351,30,766.3,10.3,31.6,90.1,0.91,35.0
351,31,553.0,115.8,48.0,119.2,0.83,35.0
351,32,737.3,160.3,53.8,132.0,0.93,35.0
352,1,527.7,37.8,40.0,92.2,0.84,35.1
352,2,311.4,189.5,60.3,148.3,0.92,35.1
352,10,874.0,131.1,53.6,121.3,0.94,35.1
352,11,831.7,148.7,49.8,130.0,0.91,35.1
352,12,831.3,130.6,47.7,126.1,0.93,35.1
352,13,860.4,139.7,53.6,125.7,0.99,35.1
352,14,860.1,117.9,47.7,115.5,0.96,35.1
352,20,969.4,95.2,46.9,114.8,0.88,35.1
352,21,395.7,114.4,46.1,116.9,0.93,35.1
352,30,765.1,16.2,33.4,82.4,0.89,35.1
352,31,556.2,114.1,43.5,114.3,0.83,35.1
352,32,751.3,157.0,47.8,130.7,0.9,35.1
353,1,524.5,39.9,40.5,90.2,0.99,35.2
353,2,314.8,191.4,52.3,139.6,0.88,35.2
353,10,876.3,128.4,43.5,123.5,0.85,35.2
353,11,835.2,150.2,48.2,130.0,0.82,35.2
353,12,835.8,130.5,50.4,123.8,0.85,35.2
353,13,856.5,137.5,48.4,123.3,0.93,35.2
353,14,857.3,115.6,48.4,121.1,0.99,35.2
353,20,974.2,91.8,46.6,110.0,0.91,35.2
353,21,402.9,109.7,44.5,119.0,0.92,35.2
353,30,769.8,12.0,37.9,85.2,0.89,35.2
353,31,558.0,108.9,41.9,115.1,0.77,35.2
353,32,739.0,159.1,49.6,136.0,0.9,35.2
354,1,526.8,40.2,38.0,92.2,0.88,35.3
354,2,309.3,188.2,51.3,145.5,0.93,35.3
354,10,875.0,127.1,45.3,127.1,0.92,35.3
354,11,829.4,150.8,49.5,128.7,0.79,35.3
354,12,834.1,132.5,43.7,122.6,0.95,35.3
354,13,861.9,136.9,55.4,128.3,0.99,35.3
354,14,864.4,116.9,42.9,117.4,0.83,35.3
354,20,979.2,96.4,46.4,110.2,0.93,35.3
354,21,397.7,110.4,48.9,116.1,0.94,35.3
354,30,767.1,13.9,37.2,82.8,0.88,35.3
354,31,563.7,112.9,49.5,114.3,0.87,35.3
354,32,746.3,160.0,52.2,132.9,0.84,35.3
355,1,525.3,39.5,38.7,90.7,0.99,35.4
355,2,301.9,190.4,62.3,145.2,0.95,35.4
355,10,871.5,128.8,48.8,121.8,0.91,35.4
355,11,831.9,149.0,55.1,132.0,0.95,35.4
355,12,832.0,135.3,44.4,122.2,0.88,35.4
355,13,858.8,134.6,45.5,125.7,0.9,35.4
355,14,864.0,117.9,42.7,118.2,0.88,35.4
355,20,979.6,92.3,50.3,114.9,0.89,35.4
355,21,392.9,111.7,42.9,117.2,0.9,35.4
355,30,772.9,16.0,30.9,83.5,0.97,35.4
355,31,554.3,115.3,51.7,119.1,0.87,35.4
355,32,741.6,154.2,53.2,133.5,0.9,35.4
356,1,528.9,35.0,34.0,95.4,0.93,35.5
356,2,308.5,189.4,63.0,141.1,0.88,35.5
356,10,876.0,131.0,45.1,124.7,0.86,35.5
356,11,840.2,149.3,46.5,130.8,0.88,35.5
356,12,829.2,132.8,54.9,123.9,0.97,35.5
356,13,858.4,137.0,53.4,124.1,0.95,35.5
356,14,862.9,116.5,44.1,114.8,0.92,35.5
356,20,985.3,95.2,46.6,111.4,0.96,35.5
356,21,392.1,108.8,46.8,118.1,0.97,35.5
356,30,772.9,10.8,32.2,86.2,0.91,35.5
356,31,558.6,114.0,48.3,116.8,0.86,35.5
356,32,732.7,155.7,53.1,130.8,0.88,35.5
357,1,531.1,37.7,33.8,90.3,0.95,35.6
357,2,313.4,189.9,55.1,144.2,0.9,35.6
357,10,876.9,129.9,49.5,119.4,0.81,35.6
357,11,829.4,148.6,55.9,127.5,0.95,35.6
357,12,827.2,132.6,53.0,124.1,0.91,35.6
357,13,860.2,140.7,47.3,122.6,0.95,35.6
357,14,861.2,112.7,43.7,119.8,0.85,35.6
357,20,990.8,94.0,47.2,111.6,0.96,35.6
357,21,398.3,113.7,46.0,114.4,0.86,35.6
357,30,769.6,14.7,29.1,82.7,0.86,35.6
357,31,552.2,114.0,51.3,119.1,0.76,35.6
357,32,736.1,160.2,46.9,130.7,0.86,35.6
358,1,526.7,35.0,34.9,94.8,0.88,35.7
358,2,305.9,192.5,50.2,141.3,0.9,35.7
358,10,880.0,132.0,45.2,123.1,0.92,35.7
358,11,837.4,148.6,47.6,129.4,0.84,35.7
358,12,830.5,136.0,43.0,122.6,0.95,35.7
358,13,859.2,139.9,50.6,125.8,0.97,35.7
358,14,863.0,117.9,47.4,118.8,0.9,35.7
358,20,991.3,94.1,40.9,113.9,0.76,35.7
358,21,382.0,110.2,43.4,116.8,0.81,35.7
358,30,773.6,14.6,31.7,83.4,0.94,35.7
358,31,561.6,107.5,50.1,117.6,0.91,35.7
358,32,732.5,157.6,49.6,132.9,0.86,35.7
359,1,521.6,37.6,40.3,92.1,0.85,35.8
359,2,310.4,193.7,51.9,143.1,0.91,35.8
359,10,869.7,121.8,53.3,125.9,0.99,35.8
359,11,834.3,151.7,54.5,131.1,0.9,35.8
359,12,831.7,130.7,47.1,127.5,0.82,35.8
359,13,865.1,140.7,47.8,121.6,0.95,35.8
359,14,863.3,113.1,52.2,118.7,0.92,35.8
359,20,993.9,92.2,42.5,110.7,0.92,35.8
359,21,384.8,111.5,43.0,116.7,0.89,35.8
359,30,771.9,12.6,38.8,88.2,0.83,35.8
359,31,559.5,112.4,43.5,120.6,0.84,35.8
359,32,736.4,155.6,48.2,131.6,0.91,35.8
360,1,527.2,37.1,33.0,93.4,0.82,35.9
360,2,305.9,193.5,57.4,142.9,0.85,35.9
360,10,876.6,131.5,45.3,123.2,0.83,35.9
360,11,829.5,151.3,52.3,129.8,0.91,35.9
360,12,832.2,132.6,44.3,124.4,0.92,35.9
360,13,853.7,138.3,56.3,125.9,0.91,35.9
360,14,861.3,115.4,52.5,118.4,0.91,35.9
360,20,992.1,94.7,47.0,112.1,0.91,35.9
360,21,378.4,115.5,46.1,114.7,0.88,35.9
360,30,773.7,8.7,34.0,85.4,0.93,35.9
360,31,565.2,108.4,43.4,115.9,0.89,35.9
360,32,740.7,154.0,48.1,131.2,0.87,35.9
361,1,528.1,37.6,38.0,92.8,0.84,36.0
361,2,309.3,182.5,62.3,147.1,0.91,36.0
361,10,878.1,126.1,50.0,124.7,0.9,36.0
361,11,838.9,150.4,47.5,131.6,0.94,36.0
361,12,833.1,133.1,48.3,126.2,0.87,36.0
361,13,866.0,138.4,44.9,124.0,0.94,36.0
361,14,871.6,118.9,42.7,118.6,0.94,36.0
361,20,990.4,90.5,49.9,113.4,0.9,36.0
361,21,380.2,109.1,49.9,118.4,0.9,36.0
361,30,774.9,13.6,30.6,82.5,0.93,36.0
361,31,566.5,108.6,42.0,118.5,0.9,36.0
361,32,737.0,155.7,56.7,135.3,0.91,36.0
362,1,525.6,36.8,35.6,94.0,0.94,36.1
362,2,299.4,190.7,62.2,146.7,0.77,36.1
362,10,881.9,130.0,42.9,118.2,0.94,36.1
362,11,829.8,145.5,49.3,132.7,0.82,36.1
362,12,836.8,137.9,42.1,120.1,0.79,36.1
362,13,863.5,137.5,46.2,124.1,0.91,36.1
362,14,868.4,116.3,43.4,120.1,0.85,36.1
362,20,991.9,86.1,42.8,111.1,0.85,36.1
362,21,380.1,109.8,47.6,119.0,0.85,36.1
362,30,782.7,12.7,32.0,81.9,0.99,36.1
362,31,568.8,111.3,43.0,116.5,0.88,36.1
362,32,730.5,160.6,47.7,131.4,0.89,36.1
363,1,526.4,35.4,41.9,94.1,0.82,36.2
363,2,312.0,191.7,58.5,142.8,0.89,36.2
363,10,875.2,129.3,46.7,122.5,0.96,36.2
363,11,832.9,150.8,46.9,130.2,0.94,36.2
363,12,834.8,129.7,46.0,126.8,0.91,36.2
363,13,861.5,136.8,46.3,124.2,0.9,36.2
363,14,862.5,116.9,49.1,117.3,0.87,36.2
363,20,996.6,94.2,48.2,111.4,0.95,36.2
363,21,379.0,108.5,43.6,120.0,0.85,36.2
363,30,772.5,9.5,39.3,88.8,0.87,36.2
363,31,566.7,110.5,49.6,117.4,0.97,36.2
363,32,726.4,155.4,53.0,136.5,0.97,36.2
364,1,525.0,39.7,36.4,91.8,0.87,36.3
364,2,312.5,192.2,57.2,144.6,0.84,36.3
364,10,880.2,132.6,44.0,122.5,0.9,36.3
364,11,833.7,143.3,53.8,131.0,0.96,36.3
364,12,827.1,137.8,53.8,121.9,0.99,36.3
364,13,859.9,135.8,49.4,127.3,0.85,36.3
364,14,860.4,113.3,48.8,120.2,0.88,36.3
364,20,1000.1,95.1,41.5,114.2,0.89,36.3
364,21,372.7,112.2,50.4,118.2,0.83,36.3
364,30,785.7,11.9,29.3,82.1,0.97,36.3
364,31,566.1,115.4,46.0,116.5,0.9,36.3
364,32,736.4,150.7,45.7,130.5,0.88,36.3
365,1,524.9,40.1,38.8,91.5,0.99,36.4
365,2,316.8,187.2,50.2,143.5,0.92,36.4
365,10,877.0,127.3,49.3,122.6,0.9,36.4
365,11,831.2,150.6,55.2,131.1,0.94,36.4
365,12,831.8,131.6,49.5,125.2,0.88,36.4
365,13,857.6,139.2,57.0,127.7,0.99,36.4
365,14,861.1,117.3,53.3,120.7,0.9,36.4
365,20,1001.2,97.1,43.3,110.8,0.82,36.4
365,21,374.4,116.9,41.5,116.0,0.91,36.4
365,30,778.2,12.8,29.3,82.9,0.9,36.4
365,31,565.7,114.3,48.8,115.0,0.95,36.4
365,32,723.2,154.3,56.1,130.7,0.86,36.4
366,1,525.9,37.1,37.5,94.6,0.95,36.5
366,2,311.2,192.4,63.9,142.7,0.89,36.5
366,10,877.0,135.4,49.0,118.1,0.83,36.5
366,11,834.4,149.9,51.0,130.4,0.95,36.5
366,12,828.2,134.5,47.6,122.5,0.8,36.5
366,13,859.8,131.6,47.6,127.7,0.94,36.5
366,14,859.0,113.0,52.7,120.7,0.9,36.5
366,20,1006.5,98.5,49.4,112.9,0.82,36.5
366,21,367.6,109.8,47.9,120.6,0.86,36.5
366,30,786.4,16.0,30.6,81.6,0.84,36.5
366,31,571.9,108.4,43.4,111.9,0.91,36.5
366,32,732.7,152.0,52.8,133.2,0.87,36.5
367,1,523.8,37.0,38.9,93.9,0.89,36.6
367,2,310.6,185.0,54.8,146.4,0.94,36.6
367,10,872.9,123.2,45.1,125.4,0.94,36.6
367,11,831.3,147.5,55.0,130.3,0.89,36.6
367,12,825.8,131.1,54.0,129.8,0.94,36.6
367,13,859.2,137.4,49.8,126.5,0.91,36.6
367,14,856.8,118.8,52.2,116.8,0.83,36.6
367,20,1008.2,90.3,46.9,110.5,0.81,36.6
367,21,378.2,115.5,46.3,114.0,0.92,36.6
367,30,782.5,13.1,31.3,85.8,0.96,36.6
367,31,568.4,113.1,40.6,112.2,0.86,36.6
367,32,729.7,151.8,48.2,133.8,0.94,36.6
368,1,527.6,37.9,35.4,91.5,0.93,36.7
368,2,317.1,186.3,50.1,141.9,0.93,36.7
368,10,876.1,129.6,51.7,122.6,0.87,36.7
368,11,836.4,153.3,46.4,126.8,0.97,36.7
368,12,830.3,132.9,52.1,123.1,0.97,36.7
368,13,861.7,133.4,46.8,129.6,0.85,36.7
368,14,867.8,120.0,42.8,117.4,0.88,36.7
368,20,1012.9,96.3,49.1,113.5,0.93,36.7
368,21,369.7,110.3,44.1,115.7,0.96,36.7
368,30,786.3,16.3,32.1,80.8,0.92,36.7
368,31,579.4,107.8,45.6,112.4,0.83,36.7
368,32,720.4,157.3,49.5,130.7,0.89,36.7
369,1,523.8,39.7,36.2,92.0,0.85,36.8
369,2,310.7,188.4,63.7,142.0,0.75,36.8
369,10,873.9,125.3,45.2,127.0,0.78,36.8
369,11,836.1,153.6,50.1,127.9,0.86,36.8
369,12,828.8,134.2,46.4,121.8,0.92,36.8
369,13,863.5,137.6,49.3,125.9,0.81,36.8
369,14,865.0,117.4,49.1,118.4,0.99,36.8
369,20,1007.9,96.2,41.1,110.6,0.95,36.8
369,21,362.5,112.7,44.1,117.1,0.87,36.8
369,30,781.8,13.5,32.6,82.2,0.95,36.8
369,31,572.1,108.7,43.4,115.9,0.96,36.8
369,32,729.1,151.2,57.8,136.0,0.89,36.8
370,1,527.2,34.2,35.4,95.4,0.93,36.9
370,2,311.7,186.3,57.9,145.5,0.99,36.9
370,10,873.3,127.3,54.1,125.2,0.98,36.9
370,11,832.0,152.6,55.7,129.7,0.88,36.9
370,12,827.6,132.8,51.0,124.4,0.89,36.9
370,13,858.2,139.6,52.2,122.0,0.91,36.9
370,14,860.4,120.4,52.3,117.1,0.86,36.9
370,20,1016.4,91.7,46.8,112.4,0.87,36.9
370,21,360.0,114.9,51.6,117.2,0.83,36.9
370,30,792.7,13.4,35.9,83.0,0.89,36.9
370,31,578.6,105.5,41.1,115.6,0.82,36.9
370,32,722.0,153.0,57.4,128.0,0.87,36.9
371,1,527.2,37.1,33.9,95.2,0.9,37.0
371,2,309.7,188.3,58.7,142.7,0.88,37.0
371,10,871.1,130.2,49.7,126.2,0.9,37.0
371,11,835.2,146.5,47.1,130.6,0.96,37.0
371,12,833.7,133.6,46.8,122.0,0.93,37.0
371,13,856.3,141.6,48.3,122.3,0.95,37.0
371,14,858.3,115.8,50.9,118.4,0.93,37.0
371,20,1008.7,94.2,42.2,109.8,0.94,37.0
371,21,360.3,114.4,44.1,118.4,0.9,37.0
371,30,786.5,12.7,31.7,83.7,0.84,37.0
371,31,569.3,108.8,50.2,114.6,0.92,37.0
371,32,722.9,149.1,48.8,130.7,0.87,37.0
372,1,523.9,36.9,35.8,92.3,0.87,37.1
372,2,307.7,194.4,54.0,144.8,0.98,37.1
372,10,880.3,133.1,43.2,118.8,0.93,37.1
372,11,834.6,152.5,52.4,127.8,0.97,37.1
372,12,833.3,131.7,53.3,123.9,0.99,37.1
372,13,859.3,136.2,51.7,124.8,0.93,37.1
372,14,866.2,112.8,48.2,120.1,0.88,37.1
372,20,1019.0,95.2,41.5,113.9,0.9,37.1
372,21,351.6,111.9,47.8,120.1,0.95,37.1
372,30,790.0,14.7,33.5,84.4,0.99,37.1
372,31,580.3,108.9,44.9,114.6,0.88,37.1
372,32,731.2,155.7,56.9,127.0,0.91,37.1
373,1,524.9,40.4,35.3,92.3,0.89,37.2
373,2,315.9,186.2,54.3,148.1,0.9,37.2
373,10,873.4,130.3,51.0,123.1,0.85,37.2
373,11,836.0,145.0,49.9,132.5,0.86,37.2
373,12,828.1,138.3,45.7,122.6,0.9,37.2
373,13,859.2,136.3,50.5,126.6,0.85,37.2
373,14,861.9,113.9,48.8,122.3,0.9,37.2
373,20,1018.1,92.3,49.0,111.1,0.83,37.2
373,21,357.4,114.3,40.9,116.7,0.92,37.2
373,30,794.3,14.5,31.2,81.2,0.89,37.2
373,31,580.2,104.4,45.5,114.0,0.92,37.2
373,32,728.9,153.6,47.8,132.0,0.96,37.2
374,1,526.0,40.5,38.0,91.4,0.96,37.3
374,2,307.4,194.5,59.9,141.4,0.9,37.3
374,10,874.3,132.0,45.3,121.3,0.99,37.3
374,11,840.1,153.1,47.9,128.4,0.9,37.3
374,12,833.6,133.4,47.9,123.8,0.93,37.3
374,13,856.6,137.0,52.9,124.6,0.97,37.3
374,14,861.9,117.1,49.5,120.2,0.82,37.3
374,20,1020.2,93.1,46.0,112.3,0.93,37.3
374,21,354.8,111.8,42.6,116.0,0.87,37.3
374,30,796.0,14.4,33.8,84.5,0.94,37.3
374,31,578.7,106.3,50.1,115.5,0.84,37.3
374,32,724.7,146.2,49.8,132.8,0.88,37.3
375,1,525.2,35.9,36.7,93.8,0.89,37.4
375,2,315.0,188.5,59.1,142.1,0.87,37.4
375,10,871.7,129.4,49.6,123.1,0.85,37.4
375,11,832.0,146.9,54.1,131.2,0.88,37.4
375,12,833.3,133.7,44.0,124.7,0.92,37.4
375,13,858.0,135.7,55.1,126.9,0.89,37.4
375,14,867.1,117.8,45.7,118.1,0.81,37.4
375,20,1022.7,93.7,48.7,108.4,0.9,37.4
375,21,344.1,108.9,48.1,123.1,0.95,37.4
375,30,791.0,11.3,35.3,85.6,0.83,37.4
375,31,575.9,105.3,46.4,114.5,0.89,37.4
375,32,724.0,147.4,52.7,130.6,0.94,37.4
376,1,528.7,37.1,33.8,93.9,0.89,37.5
376,2,310.5,185.3,63.4,142.2,0.95,37.5
376,10,873.7,126.6,46.3,123.9,0.82,37.5
376,11,835.7,148.4,53.5,129.4,0.87,37.5
376,12,826.6,127.1,56.3,128.0,0.87,37.5
376,13,857.2,133.8,51.8,127.6,0.94,37.5
376,14,867.0,115.4,45.2,117.9,0.96,37.5
376,20,1029.3,92.1,41.6,110.6,0.86,37.5
376,21,347.6,114.7,51.6,115.9,0.88,37.5
376,30,797.2,18.1,31.5,81.4,0.86,37.5
376,31,581.0,105.3,50.7,114.7,0.81,37.5
376,32,725.8,146.9,48.2,130.7,0.87,37.5
377,1,527.4,36.1,37.0,94.6,0.85,37.6
377,2,311.8,194.9,55.4,144.7,0.89,37.6
377,10,881.6,128.6,44.1,124.1,0.93,37.6
377,11,837.1,147.6,56.4,131.2,0.91,37.6
377,12,826.0,131.7,45.1,124.4,0.9,37.6
377,13,856.9,136.0,54.8,129.0,0.91,37.6
377,14,862.3,120.8,47.8,118.8,0.89,37.6
377,20,1022.6,94.4,39.6,112.0,0.96,37.6
377,21,346.3,111.6,47.8,117.3,0.96,37.6
377,30,790.5,13.1,34.0,84.2,0.91,37.6
377,31,577.8,102.6,42.6,115.4,0.92,37.6
377,32,718.3,147.7,52.3,131.7,0.77,37.6
378,1,529.1,40.1,32.2,91.1,0.99,37.7
378,2,311.8,185.1,63.3,141.3,0.94,37.7
378,10,875.1,123.3,50.0,125.5,0.89,37.7
378,11,834.9,149.0,58.2,130.6,0.93,37.7
378,12,832.8,133.8,51.6,127.5,0.91,37.7
378,13,862.4,134.5,45.3,128.2,0.99,37.7
378,14,868.9,113.4,44.0,119.3,0.89,37.7
378,20,1032.6,93.2,46.6,111.6,0.83,37.7
378,21,346.9,110.9,43.1,120.5,0.96,37.7
378,30,798.2,14.7,30.7,81.2,0.9,37.7
378,31,581.6,105.5,44.2,115.6,0.91,37.7
378,32,729.4,144.9,45.3,127.1,0.91,37.7
379,1,530.0,42.8,31.4,89.2,0.83,37.8
379,2,315.6,189.4,55.3,140.8,0.9,37.8
379,10,871.0,128.9,54.6,124.8,0.87,37.8
379,11,835.2,150.6,56.9,128.0,0.91,37.8
379,12,828.3,130.6,51.0,125.3,0.97,37.8
379,13,857.0,138.9,56.7,126.9,0.88,37.8
379,14,862.6,114.4,47.7,121.0,0.93,37.8
379,20,1033.6,96.0,41.0,107.9,0.94,37.8
379,21,337.8,118.3,46.7,115.9,0.89,37.8
379,30,793.2,12.4,39.1,87.0,0.95,37.8
379,31,597.3,106.9,40.9,112.2,0.9,37.8
379,32,730.4,146.1,47.7,130.9,0.99,37.8
380,1,526.1,37.6,34.3,90.8,0.88,37.9
380,2,304.8,191.0,62.7,144.0,0.89,37.9
380,10,878.2,125.8,43.7,122.7,0.91,37.9
380,11,833.8,152.3,52.1,129.6,0.92,37.9
380,12,827.4,133.0,55.2,125.5,0.78,37.9
380,13,860.9,136.7,49.6,126.9,0.85,37.9
380,14,863.5,116.0,48.0,121.4,0.84,37.9
380,20,1038.3,93.4,44.3,108.8,0.89,37.9
380,21,345.0,107.4,44.9,119.4,0.95,37.9
380,30,801.5,15.9,31.6,85.8,0.93,37.9
380,31,579.3,100.5,50.6,117.6,0.83,37.9
380,32,717.9,151.8,49.7,129.2,0.91,37.9
381,1,529.7,40.4,32.2,92.0,0.87,38.0
381,2,313.3,187.0,56.4,144.4,0.89,38.0
381,10,874.8,131.8,50.9,121.6,0.88,38.0
381,11,832.0,149.7,58.9,132.8,0.97,38.0
381,12,829.1,127.6,53.6,125.1,0.91,38.0
381,13,862.8,139.0,46.6,123.8,0.96,38.0
381,14,869.9,116.7,41.8,118.4,0.92,38.0
381,20,1041.4,88.3,41.5,111.4,0.79,38.0
381,21,338.4,109.1,46.6,119.7,0.9,38.0
381,30,798.9,14.1,32.6,83.3,0.87,38.0
381,31,587.7,106.0,43.3,114.2,0.76,38.0
381,32,720.5,152.6,46.1,129.4,0.89,38.0
382,1,525.9,39.6,36.2,89.3,0.94,38.1
382,2,310.3,189.7,54.2,143.7,0.85,38.1
382,10,879.6,130.2,46.3,121.2,0.92,38.1
382,11,834.4,150.3,48.5,130.1,0.87,38.1
382,12,839.8,136.3,44.1,123.6,0.89,38.1
382,13,859.7,140.2,50.5,121.9,0.97,38.1
382,14,867.6,117.0,43.1,119.3,0.84,38.1
382,20,1039.3,90.9,46.8,113.1,0.87,38.1
382,21,343.3,108.9,41.5,113.3,0.99,38.1
382,30,800.1,13.1,38.1,85.9,0.91,38.1
382,31,593.9,104.5,41.1,117.2,0.84,38.1
382,32,716.2,155.8,54.0,129.9,0.98,38.1
383,1,526.8,37.5,35.3,94.7,0.91,38.2
383,2,309.9,187.2,61.3,142.3,0.85,38.2
383,10,871.4,126.2,46.2,124.7,0.87,38.2
383,11,839.2,151.0,47.4,127.7,0.93,38.2
383,12,832.1,132.3,43.5,124.0,0.92,38.2
383,13,854.9,140.3,51.8,123.5,0.84,38.2
383,14,864.5,114.4,44.0,117.5,0.93,38.2
383,20,1047.4,91.9,39.7,109.3,0.87,38.2
383,21,327.5,114.1,53.9,120.1,0.98,38.2
383,30,805.3,14.6,36.9,82.6,0.85,38.2
383,31,592.5,103.6,43.4,113.5,0.84,38.2
383,32,717.8,148.0,52.3,129.7,0.98,38.2
384,1,530.5,37.4,34.0,94.3,0.9,38.3
384,2,310.3,191.2,56.1,142.7,0.95,38.3
384,10,874.3,127.6,46.0,126.7,0.9,38.3
384,11,832.8,145.8,56.9,133.9,0.85,38.3
384,12,833.5,136.3,46.4,122.4,0.86,38.3
384,13,859.8,138.7,51.2,123.8,0.99,38.3
384,14,864.9,116.0,48.1,120.2,0.9,38.3
384,20,1039.8,91.8,45.1,108.1,0.85,38.3
384,21,330.4,110.6,48.4,117.9,0.92,38.3
384,30,802.2,11.7,29.9,83.8,0.87,38.3
384,31,598.9,105.6,40.5,110.0,0.87,38.3
384,32,711.0,147.4,54.2,128.4,0.83,38.3
385,1,523.9,37.8,41.4,92.3,0.99,38.4
385,2,315.8,186.5,52.8,141.9,0.9,38.4
385,10,870.1,129.3,46.7,122.6,0.96,38.4
385,11,834.9,148.8,51.0,131.6,0.94,38.4
385,12,827.7,135.4,53.6,123.3,0.85,38.4
385,13,863.1,137.4,47.7,124.1,0.83,38.4
385,14,865.2,108.3,44.7,125.0,0.92,38.4
385,20,1042.3,90.7,48.4,113.8,0.99,38.4
385,21,332.1,116.0,47.7,119.8,0.96,38.4
385,30,806.5,18.7,31.2,80.7,0.96,38.4
385,31,590.1,102.4,49.1,113.1,0.9,38.4
385,32,718.6,152.6,50.0,130.7,0.84,38.4
386,1,524.8,41.4,40.1,89.4,0.85,38.5
386,2,321.2,185.6,54.9,138.6,0.83,38.5
386,10,878.2,127.3,50.2,125.4,0.86,38.5
386,11,830.8,150.0,54.2,129.7,0.89,38.5
386,12,830.3,132.2,47.6,126.4,0.82,38.5
386,13,852.6,134.4,55.4,127.3,0.96,38.5
386,14,867.9,116.0,46.6,119.3,0.91,38.5
386,20,1040.7,91.1,45.7,111.4,0.85,38.5
386,21,323.4,118.2,46.5,113.4,0.9,38.5
386,30,800.9,9.0,35.2,85.5,0.9,38.5
386,31,582.9,108.0,46.0,111.8,0.97,38.5
386,32,718.5,140.2,51.2,125.7,0.96,38.5
387,1,524.2,38.3,35.3,95.4,0.85,38.6
387,2,314.6,190.3,50.8,140.6,0.86,38.6
387,10,878.0,123.3,47.8,126.2,0.88,38.6
387,11,836.8,154.8,47.0,125.2,0.95,38.6
387,12,831.2,131.2,49.6,127.4,0.92,38.6
387,13,857.9,137.7,45.9,126.1,0.91,38.6
387,14,859.8,114.0,48.3,118.7,0.91,38.6
387,20,1052.6,92.9,44.2,110.4,0.87,38.6
387,21,310.8,114.0,52.8,120.2,0.95,38.6
387,30,811.1,10.9,31.2,83.3,0.9,38.6
387,31,598.1,95.3,45.8,113.1,0.83,38.6
387,32,705.5,146.1,45.7,130.4,0.87,38.6
388,1,528.8,38.4,36.5,94.1,0.93,38.7
388,2,308.7,189.9,62.7,144.5,0.94,38.7
388,10,871.3,128.9,49.9,126.8,0.97,38.7
388,11,840.1,149.4,47.3,133.0,0.92,38.7
388,12,829.6,133.5,50.6,127.2,0.91,38.7
388,13,859.3,140.3,46.8,124.6,0.84,38.7
388,14,865.4,117.1,45.7,119.3,0.89,38.7
388,20,1051.3,90.3,45.2,108.9,0.92,38.7
388,21,311.3,116.1,51.3,118.8,0.92,38.7
388,30,804.3,11.9,34.4,87.6,0.94,38.7
388,31,596.9,102.3,48.9,111.7,0.97,38.7
388,32,712.5,146.2,46.9,129.8,0.91,38.7
389,1,521.6,38.7,42.1,93.5,0.9,38.8
389,2,316.9,189.8,58.1,140.5,0.9,38.8
389,10,875.8,126.8,48.7,126.2,0.93,38.8
389,11,833.0,153.5,55.3,125.2,0.97,38.8
389,12,822.7,131.1,55.6,125.3,0.88,38.8
389,13,858.4,133.1,56.7,128.0,0.92,38.8
389,14,863.4,118.6,44.4,117.5,0.9,38.8
389,20,1055.4,95.3,42.1,108.2,0.93,38.8
389,21,318.5,110.7,53.9,121.9,0.83,38.8
389,30,809.4,14.7,32.8,81.6,0.99,38.8
389,31,600.6,102.5,42.6,112.2,0.95,38.8
389,32,712.8,150.6,55.0,129.0,0.89,38.8
390,1,524.8,39.1,41.4,92.6,0.93,38.9
390,2,314.6,185.2,55.8,148.0,0.87,38.9
390,10,872.4,128.2,49.8,124.8,0.86,38.9
390,11,829.5,150.1,56.7,134.4,0.89,38.9
390,12,832.1,135.5,44.5,121.0,0.97,38.9
390,13,855.9,140.1,53.5,123.9,0.88,38.9
390,14,862.7,116.8,51.0,118.6,0.89,38.9
390,20,1056.7,94.1,43.5,109.8,0.92,38.9
390,21,311.3,118.9,42.0,118.1,0.96,38.9
390,30,815.2,9.3,34.0,85.3,0.87,38.9
390,31,593.0,101.6,42.2,112.7,0.89,38.9
390,32,711.1,141.3,50.8,128.6,0.92,38.9
391,1,527.2,37.5,38.4,94.4,0.85,39.0
391,2,302.4,192.6,58.1,146.0,0.82,39.0
391,10,869.6,128.5,55.4,126.7,0.84,39.0
391,11,835.2,153.1,44.7,127.5,0.9,39.0
391,12,827.4,134.2,51.8,126.3,0.95,39.0
391,13,859.0,128.2,55.6,130.7,0.86,39.0
391,14,860.6,118.9,49.1,118.1,0.94,39.0
391,20,1060.4,96.7,38.2,105.4,0.98,39.0
391,21,310.3,116.5,52.4,116.9,0.91,39.0
391,30,807.6,12.3,33.8,88.2,0.91,39.0
391,31,597.0,95.3,42.0,114.9,0.94,39.0
391,32,703.8,145.0,50.5,129.9,0.85,39.0
392,1,527.0,40.1,37.0,91.9,0.94,39.1
392,2,305.0,192.2,60.5,141.8,0.88,39.1
392,10,881.9,130.5,49.3,123.2,0.85,39.1
392,11,835.8,146.6,50.2,133.0,0.9,39.1
392,12,828.8,131.4,50.4,123.0,0.95,39.1
392,13,858.3,134.8,53.6,123.7,0.89,39.1
392,14,863.6,118.5,50.2,117.7,0.93,39.1
392,20,1057.1,99.8,45.7,106.3,0.93,39.1
392,21,305.8,114.6,49.0,119.3,0.96,39.1
392,30,812.0,13.3,37.2,85.0,0.87,39.1
392,31,599.5,101.1,49.6,113.2,0.92,39.1
392,32,707.1,142.8,57.1,127.2,0.9,39.1
393,1,528.9,34.9,34.4,94.2,0.97,39.2
393,2,313.7,190.7,56.8,142.7,0.97,39.2
393,10,871.7,125.3,53.3,122.6,0.91,39.2
393,11,832.8,148.9,49.4,129.8,0.93,39.2
393,12,831.4,135.5,43.8,122.6,0.96,39.2
393,13,855.4,135.1,55.7,130.0,0.95,39.2
393,14,862.7,115.1,44.1,117.6,0.91,39.2
393,20,1060.9,95.7,39.7,108.0,0.95,39.2
393,21,308.0,112.9,52.0,116.4,0.88,39.2
393,30,812.7,14.2,34.8,82.5,0.91,39.2
393,31,606.5,97.1,43.8,114.5,0.81,39.2
393,32,708.1,142.1,56.0,125.6,0.91,39.2
394,1,528.1,35.2,33.7,95.4,0.86,39.3
394,2,313.3,194.2,49.5,140.9,0.95,39.3
394,10,873.0,133.1,46.2,122.9,0.9,39.3
394,11,832.5,150.6,52.4,128.3,0.97,39.3
394,12,828.4,134.8,51.9,124.3,0.99,39.3
394,13,865.3,138.5,52.9,123.8,0.91,39.3
394,14,864.1,120.2,45.7,116.7,0.85,39.3
394,20,1072.7,97.0,44.2,109.2,0.9,39.3
394,21,306.8,116.5,49.3,122.5,0.86,39.3
394,30,811.4,11.8,37.2,85.8,0.97,39.3
394,31,593.8,100.2,50.7,114.1,0.87,39.3
394,32,695.1,146.1,52.5,124.4,0.96,39.3
395,1,524.5,36.8,33.8,96.5,0.91,39.4
395,2,306.9,189.3,58.2,143.0,0.83,39.4
395,10,874.6,128.7,46.0,123.5,0.91,39.4
395,11,839.7,153.5,47.1,126.8,0.8,39.4
395,12,830.8,131.3,49.1,126.4,0.99,39.4
395,13,858.7,137.9,45.6,124.0,0.93,39.4
395,14,866.2,118.8,46.0,117.4,0.84,39.4
395,20,1069.4,90.8,44.2,112.9,0.9,39.4
395,21,305.8,118.3,47.8,118.0,0.89,39.4
395,30,818.3,12.0,35.5,85.2,0.91,39.4
395,31,598.8,97.4,45.4,113.7,0.89,39.4
395,32,709.3,148.8,52.5,129.1,0.96,39.4
396,1,530.3,40.3,32.9,92.5,0.83,39.5
396,2,315.6,188.2,50.4,142.1,0.91,39.5
396,10,877.1,134.6,49.2,121.1,0.91,39.5
396,11,831.0,151.7,55.5,129.0,0.9,39.5
396,12,829.1,132.7,44.7,124.5,0.85,39.5
396,13,861.6,135.1,46.0,126.5,0.95,39.5
396,14,859.6,115.9,52.2,117.8,0.87,39.5
396,20,1069.9,91.6,40.8,108.8,0.95,39.5
396,21,308.0,111.7,52.5,118.7,0.73,39.5
396,30,822.4,15.6,31.2,82.7,0.93,39.5
396,31,606.5,94.4,42.1,116.7,0.96,39.5
396,32,697.1,140.8,54.5,126.5,0.84,39.5
397,1,524.9,38.4,38.6,94.5,0.99,39.6
397,2,314.1,194.6,54.2,141.1,0.91,39.6
397,10,876.3,126.8,46.6,125.3,0.99,39.6
397,11,837.6,152.4,48.2,127.3,0.9,39.6
397,12,829.9,136.5,45.8,121.0,0.9,39.6
397,13,855.4,137.1,53.8,125.0,0.97,39.6
397,14,865.2,115.0,43.2,120.1,0.88,39.6
397,20,1070.0,93.2,46.1,111.4,0.9,39.6
397,21,295.1,112.0,48.9,120.7,0.88,39.6
397,30,816.0,11.1,32.8,85.5,0.88,39.6
397,31,603.2,94.4,45.3,112.6,0.97,39.6
397,32,709.2,141.5,46.5,128.8,0.94,39.6
398,1,525.8,40.8,37.1,90.7,0.93,39.7
398,2,309.7,190.7,58.8,144.1,0.88,39.7
398,10,874.4,128.5,51.6,123.2,0.83,39.7
398,11,836.3,148.7,52.0,129.0,0.9,39.7
398,12,828.0,133.5,55.7,125.4,0.93,39.7
398,13,857.8,139.1,55.2,123.4,0.86,39.7
398,14,863.5,117.5,51.8,116.8,0.85,39.7
398,20,1073.4,95.4,48.6,109.7,0.96,39.7
398,21,299.3,111.8,46.1,121.4,0.92,39.7
398,30,818.4,13.4,34.1,85.1,0.98,39.7
398,31,609.9,98.4,42.8,111.1,0.89,39.7
398,32,710.1,146.2,46.5,127.7,0.9,39.7
399,1,521.3,35.8,42.1,96.0,0.93,39.8
399,2,313.3,188.6,60.7,140.9,0.89,39.8
399,10,875.0,129.4,47.7,124.3,0.9,39.8
399,11,837.3,151.4,51.3,128.9,0.89,39.8
399,12,834.4,134.6,43.7,122.7,0.95,39.8
399,13,854.0,135.4,56.7,126.2,0.87,39.8
399,14,861.5,115.2,49.0,123.9,0.96,39.8
399,20,1078.0,88.4,48.2,113.8,0.93,39.8
399,21,291.2,114.3,46.0,120.0,0.97,39.8
399,30,823.6,12.0,32.1,85.0,0.9,39.8
399,31,608.3,100.0,44.1,111.6,0.98,39.8
399,32,707.7,145.2,47.7,123.0,0.93,39.8
400,1,528.3,41.0,33.9,88.8,0.85,39.9
400,2,311.8,188.7,59.8,142.6,0.8,39.9
400,10,877.0,126.7,47.6,130.3,0.86,39.9
400,11,837.2,150.0,45.6,129.0,0.99,39.9
400,12,832.5,135.3,50.7,124.1,0.98,39.9
400,13,859.3,132.0,48.4,128.8,0.89,39.9
400,14,869.0,113.4,43.0,120.1,0.9,39.9
400,20,1074.2,86.2,49.6,111.0,0.88,39.9
400,21,287.6,114.7,52.3,122.4,0.86,39.9
400,30,826.4,10.0,32.7,82.7,0.84,39.9
400,31,611.3,94.5,45.0,114.5,0.93,39.9
400,32,699.1,144.5,56.1,132.9,0.99,39.9
401,1,528.8,42.2,31.3,89.0,0.79,40.0
401,2,311.2,191.3,55.5,142.3,0.91,40.0
401,10,879.2,130.5,44.2,124.6,0.85,40.0
401,11,830.9,151.1,52.5,126.0,0.89,40.0
401,12,829.9,132.8,49.0,126.6,0.99,40.0
401,13,859.5,139.8,46.6,124.3,0.89,40.0
401,14,864.6,111.1,51.3,122.0,0.89,40.0
401,30,822.1,11.4,32.9,84.3,0.91,40.0
401,31,607.9,94.4,44.5,111.8,0.95,40.0
401,32,697.8,139.1,57.1,130.9,0.9,40.0
402,1,527.5,41.9,39.0,90.5,0.86,40.1
402,2,314.4,183.0,63.0,144.2,0.94,40.1
402,10,871.5,126.3,52.5,127.7,0.92,40.1
402,11,831.6,154.2,53.4,127.6,0.92,40.1
402,12,825.2,130.2,54.9,123.8,0.9,40.1
402,13,860.3,137.2,47.2,122.2,0.92,40.1
402,14,865.0,115.7,41.9,119.0,0.84,40.1
402,30,826.2,11.6,32.4,86.4,0.88,40.1
402,31,607.0,98.7,44.3,111.2,0.91,40.1
402,32,701.2,137.6,45.8,126.8,0.91,40.1
403,1,525.9,38.0,36.7,93.7,0.94,40.2
403,2,307.9,187.4,55.8,146.2,0.99,40.2
403,10,874.5,131.1,48.0,122.6,0.98,40.2
403,11,832.8,149.7,50.1,127.6,0.99,40.2
403,12,826.1,136.0,53.2,123.7,0.89,40.2
403,13,860.8,136.1,52.3,127.5,0.93,40.2
403,14,864.8,116.4,43.9,120.0,0.82,40.2
403,30,826.2,10.8,33.3,83.0,0.88,40.2
403,31,606.8,97.0,44.6,112.5,0.86,40.2
403,32,697.6,138.6,45.2,127.7,0.82,40.2
404,1,523.6,36.9,42.0,94.3,0.9,40.3
404,2,311.1,186.1,55.9,147.0,0.94,40.3
404,10,878.7,129.1,46.4,123.9,0.99,40.3
404,11,833.7,149.5,48.4,130.3,0.86,40.3
404,12,829.3,131.9,50.1,126.0,0.9,40.3
404,13,855.6,134.6,51.1,127.5,0.94,40.3
404,14,865.3,116.4,43.9,120.0,0.87,40.3
404,30,829.1,10.6,32.4,86.4,0.91,40.3
404,31,620.3,98.1,38.3,108.6,0.86,40.3
404,32,691.5,134.6,52.0,129.1,0.99,40.3
405,1,522.6,37.8,40.0,93.4,0.91,40.4
405,2,321.9,186.4,51.4,141.6,0.88,40.4
405,10,883.0,131.4,46.2,124.3,0.95,40.4
405,11,834.0,150.8,50.6,129.5,0.91,40.4
405,12,828.5,128.4,47.5,126.0,0.86,40.4
405,13,857.4,138.2,50.4,126.0,0.91,40.4
405,14,863.1,118.3,46.0,117.7,0.98,40.4
405,30,823.0,13.8,34.8,82.4,0.97,40.4
405,31,604.7,93.0,50.4,113.6,0.88,40.4
405,32,684.4,138.0,57.2,128.0,0.96,40.4
406,1,525.3,38.2,36.8,91.7,0.86,40.5
406,2,304.3,191.8,60.8,145.6,0.89,40.5
406,10,879.3,129.9,47.6,124.5,0.88,40.5
406,11,835.7,151.7,54.0,131.4,0.9,40.5
406,12,833.0,135.9,49.1,121.8,0.84,40.5
406,13,861.5,137.8,44.1,124.9,0.93,40.5
406,14,865.1,113.7,44.1,119.0,0.86,40.5
406,30,830.1,18.1,34.3,82.4,0.89,40.5
406,31,605.4,97.4,47.1,113.9,0.89,40.5
406,32,696.9,141.5,55.1,125.3,0.88,40.5
407,1,528.5,38.1,32.9,93.8,0.87,40.6
407,2,315.8,192.7,58.1,137.9,0.89,40.6
407,10,880.3,130.0,48.2,120.1,0.97,40.6
407,11,841.6,150.1,47.0,127.0,0.96,40.6
407,12,825.3,128.7,55.8,128.3,0.9,40.6
407,13,860.3,133.2,47.4,126.6,0.99,40.6
407,14,862.8,117.4,50.8,118.0,0.83,40.6
407,30,824.8,13.6,37.9,85.3,0.79,40.6
407,31,617.3,93.6,40.2,111.1,0.93,40.6
407,32,695.5,144.5,47.0,125.6,0.9,40.6
408,1,524.9,39.8,33.0,91.5,0.95,40.7
408,2,310.4,186.9,60.5,143.5,0.92,40.7
408,10,879.7,129.5,47.7,121.4,0.96,40.7
408,11,829.3,151.1,57.5,131.0,0.93,40.7
408,12,830.0,131.5,54.2,128.4,0.89,40.7
408,13,861.0,135.9,53.6,128.1,0.92,40.7
408,14,862.6,115.5,45.5,119.0,0.9,40.7
408,30,826.5,9.5,37.2,85.2,0.96,40.7
408,31,614.0,92.8,44.8,110.2,0.94,40.7
408,32,697.2,145.1,56.4,129.6,0.94,40.7
409,1,526.6,39.4,37.7,93.3,0.94,40.8
409,2,305.4,188.2,63.8,146.6,0.99,40.8
409,10,875.0,131.5,48.0,122.6,0.88,40.8
409,11,831.5,152.2,55.2,130.2,0.93,40.8
409,12,826.6,131.5,50.3,129.2,0.99,40.8
409,13,859.8,134.5,45.8,128.6,0.99,40.8
409,14,863.7,115.5,44.8,119.3,0.87,40.8
409,30,829.5,16.1,32.1,82.8,0.87,40.8
409,31,619.3,97.9,42.9,113.3,0.88,40.8
409,32,695.0,140.1,49.8,125.6,0.87,40.8
410,1,527.3,39.7,37.4,91.8,0.95,40.9
410,2,307.4,189.3,62.3,146.0,0.97,40.9
410,10,878.9,128.1,48.6,122.5,0.87,40.9
410,11,834.5,151.1,52.4,132.8,0.86,40.9
410,12,830.5,131.3,46.6,125.9,0.97,40.9
410,13,863.1,138.6,47.4,124.1,0.9,40.9
410,14,867.7,121.7,47.1,117.4,0.97,40.9
410,30,833.8,16.6,34.8,80.4,0.85,40.9
410,31,609.9,98.7,46.1,110.0,0.87,40.9
410,32,690.8,138.5,50.9,129.7,0.88,40.9
411,1,524.4,38.7,38.0,91.5,0.9,41.0
411,2,315.4,188.8,56.7,139.8,0.97,41.0
411,10,871.8,129.4,54.7,123.8,0.96,41.0
411,11,836.4,151.6,52.8,131.1,0.9,41.0
411,12,826.1,132.6,54.7,124.2,0.89,41.0
411,13,859.7,141.5,57.1,127.0,0.95,41.0
411,14,855.6,115.2,50.4,121.1,0.88,41.0
411,30,835.8,12.8,35.1,85.2,0.85,41.0
411,31,618.1,97.5,40.9,111.3,0.98,41.0
411,32,688.1,136.1,57.6,129.1,0.92,41.0
412,1,525.5,36.7,38.2,95.3,0.84,41.1
412,2,318.6,186.5,56.0,137.2,0.93,41.1
412,10,872.5,127.3,55.1,127.3,0.95,41.1
412,11,831.5,150.1,55.5,130.3,0.91,41.1
412,12,826.3,137.0,49.3,123.0,0.9,41.1
412,13,856.6,138.7,55.0,122.8,0.96,41.1
412,14,866.2,117.0,46.2,117.8,0.91,41.1
412,30,837.2,14.2,32.1,83.3,0.99,41.1
412,31,614.1,93.3,40.8,112.1,0.9,41.1
412,32,689.8,138.6,54.0,123.6,0.93,41.1
413,1,526.0,38.5,39.7,94.3,0.99,41.2
413,2,311.5,184.5,63.9,146.7,0.98,41.2
413,10,885.2,130.5,46.9,123.1,0.9,41.2
413,11,835.1,146.7,49.0,130.9,0.86,41.2
413,12,825.6,131.3,55.9,128.3,0.99,41.2
413,13,859.4,130.1,45.2,128.2,0.95,41.2
413,14,862.1,116.7,54.5,121.7,0.86,41.2
413,30,834.7,16.0,31.8,86.1,0.87,41.2
413,31,616.3,92.4,48.3,113.8,0.96,41.2
413,32,679.3,137.0,55.1,125.8,0.9,41.2
414,1,525.6,37.5,38.1,92.5,0.92,41.3
414,2,324.2,185.5,51.4,140.3,0.84,41.3
414,10,875.9,126.7,45.5,123.8,0.93,41.3
414,11,840.9,151.9,46.0,130.2,0.87,41.3
414,12,832.4,138.9,44.8,120.6,0.88,41.3
414,13,865.1,134.8,44.7,127.1,0.97,41.3
414,14,862.7,115.4,42.6,120.2,0.88,41.3
414,30,842.3,15.1,34.6,86.8,0.95,41.3
414,31,619.6,92.5,48.2,111.4,0.83,41.3
414,32,691.6,141.9,56.8,127.2,0.82,41.3
415,1,523.6,35.0,39.8,96.8,0.99,41.4
415,2,317.6,192.8,57.5,141.4,0.84,41.4
415,10,873.2,128.6,52.9,122.6,0.96,41.4
415,11,837.1,155.8,44.7,127.6,0.92,41.4
415,12,824.5,129.6,49.5,127.2,0.83,41.4
415,13,863.2,138.9,46.8,125.9,0.84,41.4
415,14,867.5,116.7,48.3,116.2,0.99,41.4
415,30,836.5,12.4,36.2,84.9,0.82,41.4
415,31,622.8,95.2,40.0,112.8,0.92,41.4
415,32,694.0,140.2,48.4,122.1,0.78,41.4
416,1,528.0,40.2,32.3,90.7,0.86,41.5
416,2,320.1,187.0,56.5,144.3,0.84,41.5
416,10,878.9,128.7,45.4,125.2,0.86,41.5
416,11,833.1,148.0,51.6,128.9,0.92,41.5
416,12,832.4,132.4,46.2,123.5,0.83,41.5
416,13,856.9,138.0,49.8,122.8,0.93,41.5
416,14,863.8,115.3,46.2,119.2,0.9,41.5
416,30,837.6,14.1,36.7,87.2,0.91,41.5
416,31,623.9,95.6,40.4,109.9,0.89,41.5
416,32,682.8,140.4,52.6,128.7,0.88,41.5
417,1,525.7,37.8,38.3,93.2,0.87,41.6
417,2,321.8,186.3,56.8,140.7,0.89,41.6
417,10,877.7,134.4,43.7,122.5,0.91,41.6
417,11,838.6,145.7,48.6,132.3,0.84,41.6
417,12,826.6,127.8,57.0,127.9,0.91,41.6
417,13,862.0,137.1,53.1,125.3,0.99,41.6
417,14,865.3,118.4,48.7,119.1,0.9,41.6
417,30,842.8,13.8,31.5,84.2,0.89,41.6
417,31,625.5,96.1,45.3,109.0,0.99,41.6
417,32,681.8,135.5,52.6,127.9,0.91,41.6
418,1,525.4,40.3,34.9,91.6,0.94,41.7
418,2,319.2,186.7,57.6,142.3,0.95,41.7
418,10,873.3,128.6,50.9,124.3,0.87,41.7
418,11,831.6,151.0,56.7,130.1,0.84,41.7
418,12,828.1,136.5,51.9,125.2,0.86,41.7
418,13,859.4,134.5,46.8,126.0,0.89,41.7
418,14,863.2,115.2,48.8,120.2,0.74,41.7
418,30,844.2,15.7,33.2,82.0,0.92,41.7
418,31,621.1,97.7,44.1,106.5,0.85,41.7
418,32,694.9,136.4,47.0,126.6,0.79,41.7
419,1,524.7,38.4,37.2,93.5,0.88,41.8
419,2,313.2,186.7,54.6,141.4,0.9,41.8
419,10,879.2,130.6,45.9,124.2,0.92,41.8
419,11,834.2,150.6,54.2,131.9,0.78,41.8
419,12,834.3,131.7,43.5,123.1,0.97,41.8
419,13,858.3,140.9,51.7,124.7,0.85,41.8
419,14,856.8,118.0,53.1,120.1,0.86,41.8
419,30,840.7,13.5,31.3,86.4,0.86,41.8
419,31,629.3,86.0,42.8,112.3,0.91,41.8
419,32,681.7,140.1,54.4,126.1,0.95,41.8
420,1,524.8,39.2,40.8,91.1,0.96,41.9
420,2,313.8,185.7,64.0,143.2,0.86,41.9
420,10,880.1,131.0,47.1,122.8,0.9,41.9
420,11,834.4,150.6,54.9,131.3,0.89,41.9
420,12,833.1,134.7,45.8,127.4,0.95,41.9
420,13,861.5,139.6,49.1,123.3,0.91,41.9
420,14,864.3,117.8,44.3,117.2,0.88,41.9
420,30,843.3,16.1,33.8,83.6,0.79,41.9
420,31,623.2,94.2,47.1,113.8,0.9,41.9
420,32,685.0,137.2,50.4,125.3,0.94,41.9
421,1,522.9,37.9,39.1,95.5,0.76,42.0
421,2,322.7,185.8,52.6,140.0,0.86,42.0
421,10,877.0,128.0,52.0,123.7,0.89,42.0
421,11,832.1,152.3,52.7,129.1,0.88,42.0
421,12,836.9,133.6,47.7,125.8,0.91,42.0
421,13,861.5,143.6,53.6,121.7,0.93,42.0
421,14,866.5,114.9,46.0,120.8,0.89,42.0
421,30,835.3,13.4,38.1,84.7,0.9,42.0
421,31,627.9,91.1,42.7,108.8,0.88,42.0
421,32,693.2,129.9,47.3,123.0,0.84,42.0
422,1,527.3,40.4,31.8,88.8,0.88,42.1
422,2,306.6,190.5,56.1,145.4,0.82,42.1
422,10,878.9,130.2,47.8,124.6,0.82,42.1
422,11,832.7,153.7,48.0,130.4,0.88,42.1
422,12,824.0,133.5,53.6,126.0,0.92,42.1
422,13,861.1,142.5,48.3,125.6,0.9,42.1
422,14,867.5,118.4,44.4,118.1,0.89,42.1
422,30,845.9,15.5,36.3,81.3,0.93,42.1
422,31,632.4,89.2,42.3,109.7,0.95,42.1
422,32,686.2,137.1,48.3,121.3,0.94,42.1
423,1,524.4,40.3,33.0,91.4,0.96,42.2
423,2,323.2,186.7,53.2,141.3,0.83,42.2
423,10,880.6,130.4,46.9,119.4,0.83,42.2
423,11,827.4,147.7,59.3,132.4,0.81,42.2
423,12,832.0,135.3,51.7,122.8,0.8,42.2
423,13,857.3,140.2,53.1,124.5,0.85,42.2
423,14,862.1,120.4,51.4,115.5,0.94,42.2
423,30,844.0,15.3,32.9,85.2,0.87,42.2
423,31,630.2,85.2,46.3,113.6,0.96,42.2
423,32,679.7,137.1,54.0,123.8,0.85,42.2
424,1,526.5,38.6,35.2,92.9,0.89,42.3
424,2,313.4,192.1,59.2,142.4,0.88,42.3
424,10,871.9,131.8,53.4,123.0,0.83,42.3
424,11,828.7,147.1,57.1,132.2,0.88,42.3
424,12,831.3,131.5,50.5,125.4,0.93,42.3
424,13,860.0,138.5,47.0,125.9,0.9,42.3
424,14,863.4,117.3,42.7,117.9,0.89,42.3
424,30,853.0,13.4,31.4,85.2,0.88,42.3
424,31,634.2,89.8,41.4,109.6,0.88,42.3
424,32,682.1,136.8,43.7,124.1,0.87,42.3
425,1,528.1,35.9,38.9,92.6,0.92,42.4
425,2,317.1,188.5,58.1,143.2,0.97,42.4
425,10,866.9,131.2,55.1,123.0,0.92,42.4
425,11,834.4,150.0,52.3,129.7,0.87,42.4
425,12,831.7,131.7,46.6,122.0,0.89,42.4
425,13,857.9,134.3,51.9,129.1,0.93,42.4
425,14,867.1,116.4,45.6,117.2,0.79,42.4
425,30,851.2,14.7,31.0,85.5,0.85,42.4
425,31,638.1,89.3,47.1,110.0,0.93,42.4
425,32,682.6,136.2,49.5,124.1,0.94,42.4
426,1,522.7,38.7,42.2,94.8,0.84,42.5
426,2,318.3,185.7,63.8,143.2,0.9,42.5
426,10,880.8,129.7,44.8,122.3,0.92,42.5
426,11,835.0,149.9,56.6,131.3,0.88,42.5
426,12,829.1,136.4,45.4,122.3,0.91,42.5
426,13,862.8,139.5,54.8,124.8,0.89,42.5
426,14,864.1,116.3,43.2,117.5,0.89,42.5
426,30,848.3,17.6,30.5,85.9,0.99,42.5
426,31,633.4,92.4,40.7,109.4,0.9,42.5
426,32,682.6,134.4,46.2,124.5,0.99,42.5
427,1,524.7,37.0,35.2,94.3,0.88,42.6
427,2,315.3,188.1,60.1,143.0,0.87,42.6
427,10,874.9,124.9,49.4,126.2,0.86,42.6
427,11,832.8,154.9,53.2,125.7,0.89,42.6
427,12,828.3,135.3,49.8,120.8,0.95,42.6
427,13,857.9,135.6,55.3,125.3,0.87,42.6
427,14,865.4,119.0,44.8,119.0,0.98,42.6
427,30,853.2,15.8,32.0,85.0,0.91,42.6
427,31,630.6,93.9,38.5,109.4,0.9,42.6
427,32,676.5,135.9,54.8,123.2,0.85,42.6
428,1,525.8,43.0,34.8,87.6,0.85,42.7
428,2,319.8,185.9,50.5,144.0,0.97,42.7
428,10,875.3,131.9,48.3,120.3,0.83,42.7
428,11,840.2,150.7,46.6,132.0,0.93,42.7
428,12,828.1,130.9,49.3,128.5,0.88,42.7
428,13,859.7,136.1,50.3,124.3,0.87,42.7
428,14,866.9,114.5,43.4,116.8,0.81,42.7
428,30,857.0,14.1,30.2,83.8,0.92,42.7
428,31,632.1,93.8,41.2,107.7,0.94,42.7
428,32,672.7,134.8,52.4,127.9,0.97,42.7
429,1,525.4,39.0,34.4,94.4,0.91,42.8
429,2,317.3,185.8,56.7,145.4,0.89,42.8
429,10,877.3,129.7,43.6,122.0,0.95,42.8
429,11,833.2,149.6,49.1,129.9,0.85,42.8
429,12,830.8,135.9,46.0,123.0,0.88,42.8
429,13,861.0,137.7,51.0,126.4,0.97,42.8
429,14,863.6,116.9,50.7,117.6,0.95,42.8
429,30,856.6,16.9,36.8,86.9,0.94,42.8
429,31,645.3,88.2,37.7,107.7,0.93,42.8
429,32,678.5,129.8,48.2,126.8,0.98,42.8
430,1,527.4,34.6,39.7,96.7,0.9,42.9
430,2,313.9,189.2,53.1,144.4,0.98,42.9
430,10,873.0,130.5,54.3,122.1,0.82,42.9
430,11,837.7,153.5,48.1,128.1,0.87,42.9
430,12,828.1,130.0,55.3,128.0,0.89,42.9
430,13,856.5,134.0,55.0,131.8,0.91,42.9
430,14,866.5,116.5,44.3,118.6,0.97,42.9
430,30,854.7,15.5,37.9,87.2,0.87,42.9
430,31,634.6,87.2,46.3,109.6,0.89,42.9
430,32,681.3,133.2,44.6,123.9,0.88,42.9
431,1,530.5,38.2,33.3,93.6,0.9,43.0
431,2,312.0,187.7,61.2,142.8,0.88,43.0
431,10,878.6,129.0,53.2,123.3,0.88,43.0
431,11,833.5,149.0,48.9,133.5,0.86,43.0
431,12,835.5,133.7,43.6,123.1,0.96,43.0
431,13,865.6,134.9,44.9,127.7,0.85,43.0
431,14,864.0,118.2,42.9,117.1,0.97,43.0
431,30,856.2,20.4,34.0,83.4,0.93,43.0
431,31,643.6,83.0,39.5,110.8,0.84,43.0
431,32,679.4,134.3,52.2,125.6,0.91,43.0
432,1,526.8,41.9,40.2,89.7,0.87,43.1
432,2,313.8,191.5,60.7,140.6,0.86,43.1
432,10,878.6,124.6,45.9,127.4,0.89,43.1
432,11,829.8,153.3,57.2,130.4,0.9,43.1
432,12,831.8,138.8,53.4,122.1,0.97,43.1
432,13,862.7,132.4,46.1,128.8,0.92,43.1
432,14,862.3,116.6,48.3,119.4,0.95,43.1
432,30,856.1,13.7,33.4,88.4,0.89,43.1
432,31,637.8,83.2,46.5,112.2,0.84,43.1
432,32,676.9,133.7,46.2,126.0,0.93,43.1
433,1,526.9,35.1,34.0,97.1,0.95,43.2
433,2,306.1,188.2,61.4,145.7,0.91,43.2
433,10,876.3,121.0,46.1,128.9,0.96,43.2
433,11,839.0,148.4,45.8,130.2,0.83,43.2
433,12,830.8,132.2,44.6,126.0,0.99,43.2
433,13,856.9,132.3,53.5,128.0,0.9,43.2
433,14,863.0,113.2,44.8,120.1,0.97,43.2
433,30,857.1,13.3,39.2,88.9,0.84,43.2
433,31,638.0,84.9,41.6,108.2,0.86,43.2
433,32,677.1,129.7,48.2,122.7,0.83,43.2
434,1,530.8,39.7,36.1,93.1,0.87,43.3
434,2,314.3,188.8,54.2,146.0,0.99,43.3
434,10,875.2,131.2,43.8,119.7,0.83,43.3
434,11,831.6,154.2,55.4,125.7,0.93,43.3
434,12,829.6,137.7,49.6,122.3,0.9,43.3
434,13,860.5,138.6,45.5,123.6,0.96,43.3
434,14,864.5,118.2,49.5,119.2,0.89,43.3
434,30,861.7,20.0,39.1,87.3,0.86,43.3
434,31,640.6,86.9,46.1,108.9,0.88,43.3
434,32,680.8,127.3,45.3,122.2,0.89,43.3
435,1,523.7,39.5,36.9,93.5,0.86,43.4
435,2,318.8,188.9,51.6,141.8,0.93,43.4
435,10,878.8,131.0,45.2,124.3,0.88,43.4
435,11,833.0,151.1,56.0,129.4,0.9,43.4
435,12,828.5,130.9,56.3,125.2,0.89,43.4
435,13,852.2,136.3,56.4,127.3,0.99,43.4
435,14,863.6,113.6,50.4,120.6,0.82,43.4
435,30,863.0,21.2,31.0,82.5,0.94,43.4
435,31,639.4,84.5,43.8,110.8,0.84,43.4
435,32,657.1,137.6,52.4,120.3,0.93,43.4
436,1,523.0,38.7,40.9,92.6,0.99,43.5
436,2,328.1,185.9,50.8,143.9,0.95,43.5
436,10,869.4,127.0,54.4,125.2,0.92,43.5
436,11,830.8,145.9,54.3,132.2,0.95,43.5
436,12,832.3,129.5,45.5,125.1,0.96,43.5
436,13,863.6,137.0,46.4,125.3,0.91,43.5
436,14,859.7,114.3,52.3,119.9,0.84,43.5
436,30,860.1,24.8,34.5,80.4,0.83,43.5
436,31,640.0,90.4,43.6,108.1,0.94,43.5
436,32,677.3,135.4,42.5,120.8,0.86,43.5
437,1,528.7,39.1,33.4,92.8,0.89,43.6
437,2,318.4,187.1,64.5,143.7,0.93,43.6
437,10,873.7,127.9,47.9,124.8,0.86,43.6
437,11,839.6,153.6,44.8,128.0,0.96,43.6
437,12,828.3,133.9,50.3,127.9,0.94,43.6
437,13,853.9,132.6,47.9,129.4,0.9,43.6
437,14,865.5,112.8,48.3,121.0,0.88,43.6
437,30,860.3,21.1,38.4,89.0,0.83,43.6
437,31,640.4,87.3,49.2,110.1,0.9,43.6
437,32,677.4,132.5,48.8,121.8,0.9,43.6
438,1,525.0,38.4,38.5,93.5,0.88,43.7
438,2,320.7,184.3,54.2,146.7,0.81,43.7
438,10,876.7,129.1,53.6,123.2,0.97,43.7
438,11,835.2,150.6,51.5,130.9,0.83,43.7
438,12,826.9,133.8,47.4,122.0,0.93,43.7
438,13,853.6,136.2,54.7,124.9,0.86,43.7
438,14,868.8,123.5,41.8,113.1,0.93,43.7
438,30,860.4,19.9,32.8,88.3,0.9,43.7
438,31,641.4,87.4,38.4,107.5,0.92,43.7
438,32,671.0,131.5,44.8,125.3,0.86,43.7
439,1,526.8,38.9,34.7,93.5,0.91,43.8
439,2,319.2,181.2,63.1,147.4,0.97,43.8
439,10,877.7,132.5,46.6,123.6,0.86,43.8
439,11,833.7,147.2,51.0,134.2,0.8,43.8
439,12,832.0,137.9,44.8,123.7,0.87,43.8
439,13,863.9,135.8,47.7,121.6,0.87,43.8
439,14,865.4,117.0,50.2,120.4,0.89,43.8
439,30,870.2,10.9,32.6,90.0,0.85,43.8
439,31,648.9,81.6,43.0,111.4,0.85,43.8
439,32,669.6,127.5,44.8,125.5,0.92,43.8
440,1,521.2,36.8,37.8,96.0,0.98,43.9
440,2,316.1,186.5,56.6,142.2,0.87,43.9
440,10,880.2,128.1,43.6,123.6,0.89,43.9
440,11,841.0,153.2,51.8,130.1,0.85,43.9
440,12,829.3,132.5,50.9,122.6,0.86,43.9
440,13,858.9,139.1,46.9,124.9,0.9,43.9
440,14,862.6,115.3,52.5,117.3,0.87,43.9
440,30,874.7,16.7,34.6,84.8,0.91,43.9
440,31,647.5,86.7,39.3,105.9,0.9,43.9
440,32,670.5,131.7,48.3,122.6,0.78,43.9
441,1,525.0,37.8,35.8,92.4,0.88,44.0
441,2,320.3,186.2,54.5,143.7,0.98,44.0
441,10,875.6,128.9,51.4,122.7,0.87,44.0
441,11,836.3,144.8,47.5,135.1,0.83,44.0
441,12,826.3,136.2,47.2,123.0,0.91,44.0
441,13,854.6,135.6,56.1,125.2,0.93,44.0
441,14,864.2,116.1,49.8,119.6,0.94,44.0
441,30,868.7,17.3,31.8,83.8,0.93,44.0
441,31,651.5,80.8,44.2,108.4,0.93,44.0
441,32,666.7,126.1,50.6,125.1,0.84,44.0
442,1,526.7,40.6,33.7,91.5,0.99,44.1
442,2,318.5,190.1,57.3,144.5,0.79,44.1
442,10,874.8,132.2,54.4,122.0,0.75,44.1
442,11,824.6,152.5,58.2,130.9,0.94,44.1
442,12,826.2,137.4,49.7,121.9,0.88,44.1
442,13,863.8,133.0,50.8,129.9,0.94,44.1
442,14,861.4,121.3,50.8,116.7,0.88,44.1
442,30,868.9,14.7,34.8,89.2,0.92,44.1
442,31,652.5,85.4,41.6,107.7,0.95,44.1
442,32,665.6,129.6,45.6,120.4,0.89,44.1
443,1,525.4,38.1,33.4,94.9,0.96,44.2
443,2,318.7,186.4,52.5,141.9,0.91,44.2
443,10,871.8,131.5,51.9,122.2,0.89,44.2
443,11,836.0,151.7,53.3,128.2,0.84,44.2
443,12,828.7,136.3,51.4,121.7,0.95,44.2
443,13,861.3,138.2,50.6,125.0,0.99,44.2
443,14,861.5,117.9,51.7,116.6,0.83,44.2
443,30,871.9,21.0,37.7,88.6,0.89,44.2
443,31,647.5,83.5,47.3,107.7,0.91,44.2
443,32,672.9,127.9,51.9,123.0,0.94,44.2
444,1,521.7,37.3,39.8,94.3,0.82,44.3
444,2,309.0,190.8,59.0,146.2,0.9,44.3
444,10,878.4,128.4,44.8,126.0,0.87,44.3
444,11,830.9,143.8,52.8,134.9,0.89,44.3
444,12,835.3,136.8,45.8,123.3,0.93,44.3
444,13,860.8,140.1,47.9,124.7,0.86,44.3
444,14,868.7,113.6,43.2,121.0,0.98,44.3
444,30,869.6,18.0,35.4,80.5,0.93,44.3
444,31,649.7,89.9,44.5,106.1,0.87,44.3
444,32,666.5,126.1,51.8,120.6,0.89,44.3
445,1,525.0,39.5,35.5,92.5,0.8,44.4
445,2,317.6,186.6,59.8,145.4,0.93,44.4
445,10,878.4,130.7,49.3,123.4,0.88,44.4
445,11,834.7,151.2,54.4,129.6,0.86,44.4
445,12,830.1,134.0,53.2,126.8,0.95,44.4
445,13,862.6,138.1,52.4,120.7,0.86,44.4
445,14,862.0,114.0,48.6,119.4,0.99,44.4
445,30,874.9,17.7,34.8,85.7,0.82,44.4
445,31,655.3,81.5,41.1,106.8,0.93,44.4
445,32,675.8,124.8,49.5,123.4,0.87,44.4
446,1,526.8,36.0,35.7,94.8,0.94,44.5
446,2,314.7,188.6,56.1,142.0,0.92,44.5
446,10,877.0,131.2,47.0,124.0,0.88,44.5
446,11,837.7,152.5,49.5,128.7,0.87,44.5
446,12,824.8,129.9,57.4,128.8,0.96,44.5
446,13,857.6,136.5,53.2,125.6,0.96,44.5
446,14,861.2,115.1,49.3,119.1,0.9,44.5
446,30,880.4,17.6,33.8,87.1,0.97,44.5
446,31,654.0,80.9,40.1,106.5,0.77,44.5
446,32,658.6,128.6,51.7,122.0,0.95,44.5
447,1,524.5,34.3,40.7,97.7,0.88,44.6
447,2,324.1,184.7,51.4,144.9,0.89,44.6
447,10,872.9,130.1,52.1,120.7,0.9,44.6
447,11,838.0,155.6,50.4,126.2,0.95,44.6
447,12,826.9,134.7,52.4,125.7,0.9,44.6
447,13,857.1,141.9,52.3,122.3,0.88,44.6
447,14,866.3,114.2,45.7,119.3,0.86,44.6
447,30,873.6,20.1,32.8,82.8,0.83,44.6
447,31,650.5,81.9,38.3,105.1,0.86,44.6
447,32,662.0,127.9,45.0,123.6,0.99,44.6
448,1,523.8,37.1,35.4,92.7,0.87,44.7
448,2,317.8,191.4,59.1,146.1,0.9,44.7
448,10,869.8,129.4,47.6,123.9,0.94,44.7
448,11,835.5,148.1,54.8,128.7,0.96,44.7
448,12,828.7,136.0,47.1,126.5,0.86,44.7
448,13,862.2,137.9,45.6,128.2,0.96,44.7
448,14,858.2,117.5,50.5,118.6,0.93,44.7
448,30,879.8,16.4,31.7,88.2,0.99,44.7
448,31,655.6,87.6,41.4,105.7,0.97,44.7
448,32,654.8,129.3,51.6,124.3,0.89,44.7
449,1,525.2,40.1,37.1,91.7,0.92,44.8
449,2,321.3,186.8,49.9,140.4,0.94,44.8
449,10,877.0,129.1,44.4,125.1,0.91,44.8
449,11,834.2,151.9,47.3,128.6,0.87,44.8
449,12,825.2,137.5,53.8,122.0,0.9,44.8
449,13,864.0,139.4,45.9,125.5,0.92,44.8
449,14,862.0,115.4,48.6,120.1,0.87,44.8
449,30,881.7,17.7,35.6,87.3,0.92,44.8
449,31,659.5,81.0,45.3,105.1,0.94,44.8
449,32,664.3,126.0,52.2,123.0,0.95,44.8
450,1,523.6,43.1,39.7,88.9,0.98,44.9
450,2,310.2,191.6,63.4,143.8,0.82,44.9
450,10,869.4,127.8,54.2,124.3,0.88,44.9
450,11,836.9,152.6,53.2,132.4,0.89,44.9
450,12,829.5,135.0,47.6,123.3,0.85,44.9
450,13,857.9,133.4,47.1,127.2,0.92,44.9
450,14,868.2,117.9,45.2,117.7,0.93,44.9
450,30,881.4,15.8,38.1,86.8,0.93,44.9
450,31,655.9,81.7,41.1,104.6,0.99,44.9
450,32,658.0,127.4,43.8,119.1,0.83,44.9
451,1,526.6,39.1,33.7,94.1,0.89,45.0
451,2,320.1,185.7,63.7,144.1,0.92,45.0
451,10,877.3,130.6,49.8,120.7,0.99,45.0
451,11,834.2,148.3,52.6,131.6,0.91,45.0
451,12,833.1,135.0,51.9,123.2,0.95,45.0
451,13,858.0,138.2,49.2,126.7,0.92,45.0
451,14,870.6,117.7,41.5,117.6,0.91,45.0
451,30,873.7,16.6,35.5,91.2,0.9,45.0
451,31,650.4,83.4,39.9,104.8,0.99,45.0
451,32,662.0,125.0,48.2,119.7,0.94,45.0
452,1,521.7,38.0,41.3,92.7,0.83,45.1
452,2,319.3,183.3,60.8,144.4,0.9,45.1
452,10,875.5,125.6,53.2,126.6,0.86,45.1
452,11,831.2,150.8,49.8,132.3,0.88,45.1
452,12,828.4,135.0,49.4,122.9,0.86,45.1
452,13,858.0,131.2,48.0,129.1,0.88,45.1
452,14,867.9,115.8,44.5,118.6,0.85,45.1
452,30,878.1,18.7,37.2,86.8,0.91,45.1
452,31,660.1,81.7,47.3,105.7,0.85,45.1
452,32,656.8,126.2,45.1,125.5,0.91,45.1
453,1,522.0,41.0,39.0,91.4,0.9,45.2
453,2,322.5,187.0,59.0,141.9,0.96,45.2
453,10,873.7,131.5,54.8,123.0,0.84,45.2
453,11,831.0,152.4,56.8,135.1,0.88,45.2
453,12,828.2,134.7,51.5,124.4,0.93,45.2
453,13,855.5,141.7,52.4,126.0,0.79,45.2
453,14,861.5,114.8,53.1,119.0,0.9,45.2
453,30,876.8,18.3,38.4,85.6,0.95,45.2
453,31,653.5,78.8,48.0,106.6,0.88,45.2
453,32,657.2,126.5,53.6,121.6,0.86,45.2
454,1,527.9,37.5,36.0,94.0,0.92,45.3
454,2,316.8,191.7,59.2,140.4,0.95,45.3
454,10,878.1,134.0,50.6,119.4,0.92,45.3
454,11,829.8,155.5,58.5,130.1,0.91,45.3
454,12,825.2,133.2,52.0,125.2,0.85,45.3
454,13,855.8,137.7,56.3,125.5,0.87,45.3
454,14,863.8,114.0,44.5,121.1,0.87,45.3
454,30,883.2,15.5,38.7,90.9,0.91,45.3
454,31,661.7,81.9,38.2,107.6,0.85,45.3
454,32,659.1,127.0,51.6,119.8,0.9,45.3
455,1,519.1,35.4,42.0,94.7,0.91,45.4
455,2,322.4,187.4,51.6,142.0,0.92,45.4
455,10,877.3,128.4,43.8,124.0,0.92,45.4
455,11,837.6,149.6,50.3,129.4,0.92,45.4
455,12,829.8,135.2,50.9,126.1,0.93,45.4
455,13,853.9,137.7,55.3,126.4,0.92,45.4
455,14,859.7,117.2,50.3,118.7,0.88,45.4
455,30,882.2,20.9,32.0,87.6,0.96,45.4
455,31,659.6,77.0,45.6,111.7,0.88,45.4
455,32,657.8,130.4,47.0,118.0,0.91,45.4
456,1,522.9,38.8,39.0,92.7,0.9,45.5
456,2,316.3,188.7,61.8,143.8,0.93,45.5
456,10,879.4,131.5,46.3,119.8,0.91,45.5
456,11,833.0,152.2,56.9,130.6,0.96,45.5
456,12,831.0,136.0,45.7,123.4,0.83,45.5
456,13,853.2,139.6,53.6,120.6,0.89,45.5
456,14,862.2,116.9,50.1,119.1,0.91,45.5
456,30,888.8,23.2,35.6,83.4,0.99,45.5
456,31,660.2,80.8,47.5,106.3,0.88,45.5
456,32,660.1,124.4,47.7,123.6,0.87,45.5
457,1,523.0,36.7,39.5,95.6,0.86,45.6
457,2,327.5,190.8,52.0,141.0,0.96,45.6
457,10,876.7,133.9,47.8,118.6,0.88,45.6
457,11,830.9,151.1,58.8,131.8,0.9,45.6
457,12,828.0,134.6,49.8,123.7,0.84,45.6
457,13,860.0,138.5,45.1,124.0,0.89,45.6
457,14,860.2,118.4,49.5,118.5,0.9,45.6
457,30,887.1,15.9,40.0,88.9,0.94,45.6
457,31,661.5,79.1,41.8,105.1,0.83,45.6
457,32,659.7,126.0,52.8,120.1,0.9,45.6
458,1,524.9,41.1,34.8,92.4,0.88,45.7
458,2,321.1,186.6,61.8,142.7,0.89,45.7
458,10,876.2,129.1,49.1,122.2,0.85,45.7
458,11,838.9,150.4,47.8,132.0,0.95,45.7
458,12,829.2,132.7,45.0,123.5,0.81,45.7
458,13,857.7,136.5,49.4,128.6,0.89,45.7
458,14,866.3,117.4,51.3,120.9,0.83,45.7
458,30,888.0,21.9,38.1,85.7,0.86,45.7
458,31,660.6,80.7,41.4,106.7,0.86,45.7
458,32,646.2,125.2,54.4,124.1,0.86,45.7
459,1,524.8,37.4,35.9,93.8,0.94,45.8
459,2,313.2,188.6,64.3,143.4,0.88,45.8
459,10,870.4,134.4,52.6,119.9,0.88,45.8
459,11,837.3,147.2,47.0,131.5,0.99,45.8
459,12,828.8,136.6,46.6,124.5,0.99,45.8
459,13,859.3,135.1,52.4,125.6,0.91,45.8
459,14,870.1,113.1,44.6,122.4,0.95,45.8
459,30,884.9,26.4,38.0,85.8,0.97,45.8
459,31,667.1,74.8,42.9,100.7,0.93,45.8
459,32,652.8,117.7,51.0,125.1,0.85,45.8
460,1,527.5,34.9,35.2,95.4,0.85,45.9
460,2,321.6,186.9,61.1,138.6,0.91,45.9
460,10,882.2,130.0,41.9,119.7,0.89,45.9
460,11,835.4,152.2,50.4,129.3,0.89,45.9
460,12,826.9,133.5,51.7,125.1,0.91,45.9
460,13,865.5,140.8,42.3,120.5,0.89,45.9
460,14,864.4,118.8,45.6,117.6,0.83,45.9
460,30,889.2,18.9,37.7,87.5,0.91,45.9
460,31,669.1,82.0,40.4,105.5,0.96,45.9
460,32,659.6,128.2,41.7,117.7,0.93,45.9
461,1,527.5,41.1,33.1,91.3,0.88,46.0
461,2,319.2,190.5,57.9,139.1,0.9,46.0
461,10,874.3,132.4,55.3,122.9,0.93,46.0
461,11,830.3,151.9,51.8,129.6,0.97,46.0
461,12,830.3,135.0,45.2,126.6,0.82,46.0
461,13,857.0,136.2,51.9,127.7,0.91,46.0
461,14,864.0,114.9,46.9,117.4,0.9,46.0
461,30,890.0,18.3,37.1,87.6,0.92,46.0
461,31,666.9,78.3,38.0,107.5,0.95,46.0
461,32,645.1,127.3,53.0,119.4,0.9,46.0
462,1,524.3,42.9,35.8,91.3,0.88,46.1
462,2,315.7,189.8,58.3,144.7,0.86,46.1
462,10,879.6,131.8,45.4,120.6,0.86,46.1
462,11,838.2,150.8,44.8,127.5,0.83,46.1
462,12,827.0,132.2,49.3,127.6,0.9,46.1
462,13,850.2,137.1,56.4,126.5,0.96,46.1
462,14,867.1,116.8,45.5,118.3,0.9,46.1
462,30,889.2,21.2,33.3,85.9,0.91,46.1
462,31,668.4,73.3,44.6,105.1,0.93,46.1
462,32,661.7,127.2,43.7,117.7,0.89,46.1
463,1,524.8,42.4,32.7,92.3,0.96,46.2
463,2,318.2,192.1,60.9,142.0,0.9,46.2
463,10,874.6,130.8,48.2,122.6,0.93,46.2
463,11,831.8,149.1,56.3,131.3,0.84,46.2
463,12,830.5,134.7,46.4,124.6,0.84,46.2
463,13,859.2,135.0,46.8,125.7,0.87,46.2
463,14,860.1,115.4,49.0,119.2,0.9,46.2
463,30,891.4,21.3,36.1,85.2,0.86,46.2
463,31,680.0,80.0,36.7,103.0,0.87,46.2
463,32,649.7,121.0,52.2,117.3,0.95,46.2
464,1,523.5,37.7,40.4,93.1,0.91,46.3
464,2,322.6,187.2,55.5,142.8,0.88,46.3
464,10,877.0,127.8,49.0,125.6,0.92,46.3
464,11,836.4,150.7,58.1,130.7,0.87,46.3
464,12,827.9,133.4,53.0,125.8,0.94,46.3
464,13,862.1,138.1,53.8,122.9,0.88,46.3
464,14,864.5,118.1,45.8,117.5,0.94,46.3
464,30,901.1,22.9,29.7,83.8,0.85,46.3
464,31,671.0,75.6,44.3,106.0,0.84,46.3
464,32,660.9,123.3,44.7,118.0,0.91,46.3
465,1,526.2,38.8,35.7,92.2,0.91,46.4
465,2,317.2,188.1,58.4,141.8,0.86,46.4
465,10,879.4,131.9,41.9,119.2,0.89,46.4
465,11,835.9,150.2,54.6,130.5,0.86,46.4
465,12,828.6,134.4,54.3,124.6,0.95,46.4
465,13,862.1,141.9,48.9,120.7,0.92,46.4
465,14,861.7,118.0,52.7,120.1,0.97,46.4
465,30,893.5,22.4,32.9,83.7,0.85,46.4
465,31,671.9,76.3,39.7,107.0,0.89,46.4
465,32,644.7,122.5,47.3,120.7,0.89,46.4
466,1,520.7,38.7,42.3,94.1,0.86,46.5
466,2,321.6,185.2,61.3,140.2,0.92,46.5
466,10,879.4,128.1,45.0,126.0,0.91,46.5
466,11,833.5,153.9,45.1,128.6,0.93,46.5
466,12,831.0,135.1,54.0,124.0,0.85,46.5
466,13,859.8,136.4,50.8,125.3,0.9,46.5
466,14,858.3,113.8,53.3,121.5,0.87,46.5
466,30,893.8,27.2,32.9,84.1,0.84,46.5
466,31,665.3,80.0,47.5,107.2,0.87,46.5
466,32,650.4,122.8,51.7,123.4,0.8,46.5
467,1,525.0,37.0,39.2,94.6,0.82,46.6
467,2,321.9,189.3,53.4,139.4,0.85,46.6
467,10,875.9,129.6,50.8,123.8,0.89,46.6
467,11,832.1,147.3,54.1,133.0,0.88,46.6
467,12,827.4,138.2,44.7,122.1,0.86,46.6
467,13,861.1,138.7,44.9,126.6,0.87,46.6
467,14,860.5,117.6,50.7,120.3,0.94,46.6
467,30,897.6,20.1,37.6,90.6,0.83,46.6
467,31,675.1,78.5,44.9,104.9,0.91,46.6
467,32,646.0,125.5,47.7,116.1,0.83,46.6
468,1,523.7,38.7,41.4,95.0,0.86,46.7
468,2,322.5,186.4,56.3,144.6,0.88,46.7
468,10,878.4,127.3,52.7,124.6,0.82,46.7
468,11,830.0,148.5,56.2,132.6,0.85,46.7
468,12,832.0,135.0,45.6,124.0,0.9,46.7
468,13,859.0,134.1,55.1,127.0,0.87,46.7
468,14,861.9,115.3,49.2,119.6,0.97,46.7
468,30,901.1,20.2,37.6,88.3,0.89,46.7
468,31,673.4,75.4,44.6,104.2,0.8,46.7
468,32,645.2,125.0,51.4,119.6,0.9,46.7
469,1,526.3,39.7,38.2,93.2,0.84,46.8
469,2,319.2,185.1,56.2,146.0,0.95,46.8
469,10,880.1,133.3,47.3,118.4,0.88,46.8
469,11,840.5,153.6,45.5,129.2,0.87,46.8
469,12,830.1,131.1,46.6,123.7,0.78,46.8
469,13,857.3,132.4,49.0,128.7,0.87,46.8
469,14,865.9,120.6,49.0,117.3,0.8,46.8
469,30,906.4,17.9,32.3,90.2,0.95,46.8
469,31,676.4,74.0,47.4,108.9,0.92,46.8
469,32,648.9,121.5,48.2,120.4,0.96,46.8
470,1,529.2,35.5,34.9,94.6,0.84,46.9
470,2,328.0,179.7,53.3,141.0,0.93,46.9
470,10,876.5,130.3,53.9,125.2,0.87,46.9
470,11,837.6,154.9,53.9,129.6,0.98,46.9
470,12,825.2,139.8,47.8,122.6,0.86,46.9
470,13,860.7,140.9,52.0,123.6,0.91,46.9
470,14,869.0,118.6,44.5,113.8,0.84,46.9
470,30,899.6,23.8,31.6,86.8,0.9,46.9
470,31,678.4,73.5,37.0,104.6,0.9,46.9
470,32,649.9,120.6,49.6,115.7,0.92,46.9
471,1,526.6,38.1,33.2,93.3,0.88,47.0
471,2,314.8,187.2,63.9,145.6,0.99,47.0
471,10,876.0,133.4,48.3,123.0,0.97,47.0
471,11,827.3,151.5,56.8,127.0,0.87,47.0
471,12,828.6,136.1,47.8,124.8,0.9,47.0
471,13,860.3,132.8,50.5,126.2,0.88,47.0
471,14,863.8,113.7,50.3,122.3,0.89,47.0
471,30,901.9,24.2,37.3,86.1,0.88,47.0
471,31,670.5,76.9,44.8,103.9,0.83,47.0
471,32,649.7,123.2,42.2,117.7,0.92,47.0
472,1,522.6,37.3,42.3,94.4,0.85,47.1
472,2,316.3,185.7,56.1,144.2,0.91,47.1
472,10,875.3,125.2,53.0,126.2,0.92,47.1
472,11,830.0,151.1,52.3,131.3,0.92,47.1
472,12,823.0,135.3,54.2,121.6,0.99,47.1
472,13,861.8,141.1,48.8,123.7,0.82,47.1
472,14,863.5,117.4,48.3,118.2,0.99,47.1
472,30,909.3,26.5,30.6,83.8,0.91,47.1
472,31,674.1,77.0,47.9,106.5,0.88,47.1
472,32,646.9,119.4,43.3,119.7,0.95,47.1
473,1,522.1,40.7,39.6,94.0,0.96,47.2
473,2,329.1,184.9,56.6,142.0,0.9,47.2
473,10,876.0,128.9,47.8,126.5,0.88,47.2
473,11,831.6,150.5,54.7,129.4,0.89,47.2
473,12,829.3,130.9,52.5,127.7,0.82,47.2
473,13,858.1,138.2,53.4,128.0,0.9,47.2
473,14,866.2,119.9,49.2,117.5,0.88,47.2
473,30,907.2,28.0,32.9,85.3,0.97,47.2
473,31,682.6,75.8,43.1,104.2,0.93,47.2
473,32,644.5,117.8,48.5,119.9,0.73,47.2
474,1,526.1,41.0,33.0,91.9,0.86,47.3
474,2,324.3,183.6,57.4,141.8,0.92,47.3
474,10,876.1,128.5,53.4,122.5,0.89,47.3
474,11,833.6,150.2,52.8,131.5,0.94,47.3
474,12,832.4,133.5,45.6,125.3,0.9,47.3
474,13,858.6,136.9,45.1,126.8,0.91,47.3
474,14,866.4,116.0,46.9,119.8,0.92,47.3
474,30,908.0,25.0,32.9,86.6,0.96,47.3
474,31,683.4,72.4,37.1,104.0,0.95,47.3
474,32,652.8,123.4,47.7,119.7,0.96,47.3
475,1,522.9,35.7,39.7,96.8,0.97,47.4
475,2,331.4,186.7,50.6,142.3,0.93,47.4
475,10,874.9,132.4,50.9,121.1,0.93,47.4
475,11,830.9,151.5,52.2,126.8,0.83,47.4
475,12,827.9,134.3,51.1,123.2,0.87,47.4
475,13,856.5,135.6,50.9,128.9,0.88,47.4
475,14,867.1,112.1,51.9,122.6,0.88,47.4
475,30,901.3,28.6,38.6,90.6,0.94,47.4
475,31,684.1,73.6,44.5,105.4,0.99,47.4
475,32,649.9,119.9,41.9,117.0,0.95,47.4
476,1,523.6,41.1,38.7,91.9,0.93,47.5
476,2,321.1,189.8,55.2,143.7,0.99,47.5
476,10,871.2,130.5,56.8,127.3,0.99,47.5
476,11,832.9,152.6,55.1,130.7,0.87,47.5
476,12,824.3,138.6,53.5,123.1,0.94,47.5
476,13,858.8,140.3,54.1,125.5,0.83,47.5
476,14,858.3,119.1,51.3,116.0,0.89,47.5
476,30,902.6,21.8,35.9,88.0,0.9,47.5
476,31,686.7,79.4,36.6,102.7,0.98,47.5
476,32,640.3,117.8,43.1,119.8,0.85,47.5
477,1,528.0,42.8,32.4,91.6,0.94,47.6
477,2,329.2,185.1,51.3,141.3,0.88,47.6
477,10,875.1,132.9,52.2,120.1,0.87,47.6
477,11,836.0,151.6,49.0,127.6,0.85,47.6
477,12,830.1,133.1,55.3,123.6,0.92,47.6
477,13,859.6,133.2,51.8,128.3,0.99,47.6
477,14,863.2,119.9,49.3,118.0,0.91,47.6
477,30,908.4,26.1,34.3,89.8,0.78,47.6
477,31,681.4,71.4,43.1,104.9,0.99,47.6
477,32,641.1,116.5,50.3,116.8,0.85,47.6
478,1,526.6,37.8,33.4,95.4,0.9,47.7
478,2,316.5,189.1,63.1,141.7,0.97,47.7
478,10,880.2,126.6,46.4,125.7,0.89,47.7
478,11,832.6,154.8,45.2,128.2,0.98,47.7
478,12,823.4,128.9,55.9,129.2,0.94,47.7
478,13,858.5,136.5,49.4,125.4,0.93,47.7
478,14,863.1,116.7,46.8,119.7,0.89,47.7
478,30,908.6,22.0,35.4,90.4,0.92,47.7
478,31,693.7,75.4,40.6,104.2,0.93,47.7
478,32,642.7,123.2,44.4,117.5,0.86,47.7
479,1,523.4,37.8,35.6,94.6,0.84,47.8
479,2,325.3,181.1,55.0,141.6,0.93,47.8
479,10,879.0,128.9,47.8,120.9,0.96,47.8
479,11,830.4,149.1,56.6,129.4,0.96,47.8
479,12,832.8,133.7,43.9,124.7,0.97,47.8
479,13,858.7,136.7,48.9,128.3,0.8,47.8
479,14,858.8,118.9,50.9,118.7,0.92,47.8
479,30,910.2,18.6,34.2,90.6,0.88,47.8
479,31,685.9,77.2,37.5,104.1,0.94,47.8
479,32,632.7,112.0,44.9,122.3,0.87,47.8
480,1,527.9,41.8,32.6,91.8,0.96,47.9
480,2,327.1,183.3,53.4,141.3,0.92,47.9
480,10,873.9,129.8,51.3,125.4,0.92,47.9
480,11,829.9,146.7,52.9,131.2,0.87,47.9
480,12,828.9,132.7,52.6,126.0,0.92,47.9
480,13,866.0,138.1,42.8,121.2,0.98,47.9
480,14,863.2,120.0,49.1,114.9,0.86,47.9
480,30,915.9,22.7,32.6,87.4,0.99,47.9
480,31,686.4,73.7,39.2,104.7,0.91,47.9
480,32,645.2,120.3,43.2,117.4,0.96,47.9
481,1,521.9,37.0,42.2,96.6,0.91,48.0
481,2,326.7,188.0,60.4,141.5,0.91,48.0
481,10,881.8,133.9,44.9,117.6,0.92,48.0
481,11,834.7,149.3,46.9,131.0,0.87,48.0
481,12,829.8,136.0,47.5,127.6,0.85,48.0
481,13,859.0,139.5,51.0,123.0,0.88,48.0
481,14,871.2,118.7,42.8,118.7,0.88,48.0
481,30,913.9,25.1,37.2,88.3,0.88,48.0
481,31,688.0,75.2,36.5,101.9,0.77,48.0
481,32,632.1,118.3,51.0,120.2,0.83,48.0
482,1,525.7,39.0,35.1,95.0,0.89,48.1
482,2,323.4,184.0,52.7,142.9,0.94,48.1
482,10,876.6,131.4,43.8,122.8,0.84,48.1
482,11,832.1,148.1,50.8,133.2,0.92,48.1
482,12,824.3,135.8,56.6,126.2,0.81,48.1
482,13,857.4,133.6,50.2,129.7,0.92,48.1
482,14,863.9,115.9,42.6,119.4,0.84,48.1
482,30,921.1,21.8,35.4,87.4,0.84,48.1
482,31,685.9,68.3,45.6,106.5,0.82,48.1
482,32,635.6,117.1,46.1,118.0,0.88,48.1
483,1,524.5,40.7,38.4,91.4,0.92,48.2
483,2,317.2,186.1,59.8,139.6,0.87,48.2
483,10,873.0,127.5,52.1,125.0,0.93,48.2
483,11,831.5,157.9,56.6,127.5,0.87,48.2
483,12,835.4,135.3,44.1,124.4,0.93,48.2
483,13,862.8,136.3,50.2,127.8,0.84,48.2
483,14,869.3,118.5,49.4,120.6,0.88,48.2
483,30,914.6,24.3,37.8,87.8,0.89,48.2
483,31,689.4,71.1,44.1,103.6,0.9,48.2
483,32,634.1,114.6,43.0,120.9,0.91,48.2
484,1,526.4,36.4,37.6,92.6,0.93,48.3
484,2,324.6,194.1,53.9,141.8,0.85,48.3
484,10,876.6,130.2,51.9,121.7,0.83,48.3
484,11,828.3,151.2,55.9,130.0,0.89,48.3
484,12,823.0,131.0,52.9,127.9,0.88,48.3
484,13,863.9,134.3,47.3,126.6,0.89,48.3
484,14,867.6,113.9,44.0,118.0,0.86,48.3
484,30,917.1,29.8,37.3,88.6,0.97,48.3
484,31,690.5,68.7,45.7,106.6,0.94,48.3
484,32,638.4,114.0,50.4,119.4,0.88,48.3
485,1,525.1,35.7,41.0,92.5,0.9,48.4
485,2,324.3,187.8,60.8,140.8,0.87,48.4
485,10,869.1,128.2,53.4,122.4,0.82,48.4
485,11,831.6,145.4,58.6,133.2,0.91,48.4
485,12,825.4,136.7,54.7,122.1,0.94,48.4
485,13,858.9,133.4,51.1,127.5,0.96,48.4
485,14,867.0,115.1,47.2,119.1,0.87,48.4
485,30,916.4,17.2,37.7,89.9,0.87,48.4
485,31,684.0,73.7,43.0,103.9,0.83,48.4
485,32,640.5,117.8,41.1,116.5,0.85,48.4
486,1,519.0,39.1,41.6,94.1,0.92,48.5
486,2,327.0,184.9,50.5,141.1,0.94,48.5
486,10,877.8,127.7,45.2,121.7,0.81,48.5
486,11,833.6,153.8,54.0,128.5,0.84,48.5
486,12,828.3,133.6,46.4,126.6,0.93,48.5
486,13,858.1,134.7,53.8,128.4,0.79,48.5
486,14,863.3,110.2,54.6,123.8,0.84,48.5
486,30,920.6,25.5,32.5,87.2,0.84,48.5
486,31,691.2,75.6,45.8,105.9,0.97,48.5
486,32,637.8,114.3,49.0,118.3,0.93,48.5
487,1,526.0,37.1,36.9,94.1,0.9,48.6
487,2,332.1,184.4,55.3,143.7,0.93,48.6
487,10,876.1,130.2,47.1,120.1,0.99,48.6
487,11,832.6,156.1,55.9,127.5,0.92,48.6
487,12,829.2,133.1,54.4,127.8,0.97,48.6
487,13,862.9,136.4,47.7,128.6,0.91,48.6
487,14,866.0,113.1,45.3,121.1,0.92,48.6
487,30,919.6,25.9,36.3,85.6,0.85,48.6
487,31,692.2,71.5,43.5,104.0,0.91,48.6
487,32,641.2,119.2,42.6,116.5,0.85,48.6
488,1,524.3,42.0,33.3,92.3,0.84,48.7
488,2,325.5,189.6,63.7,143.4,0.86,48.7
488,10,878.5,132.5,52.0,124.7,0.88,48.7
488,11,828.5,151.2,53.1,127.8,0.97,48.7
488,12,831.6,133.8,43.1,122.7,0.88,48.7
488,13,862.8,134.7,46.4,126.0,0.94,48.7
488,14,860.4,119.3,52.5,117.3,0.95,48.7
488,30,916.2,27.0,39.5,91.4,0.88,48.7
488,31,693.2,69.5,45.7,108.0,0.89,48.7
488,32,632.7,117.6,48.6,116.6,0.96,48.7
489,1,520.6,39.0,40.5,96.4,0.93,48.8
489,2,316.6,182.6,61.9,144.3,0.87,48.8
489,10,874.2,131.2,47.5,122.4,0.87,48.8
489,11,840.1,148.0,47.8,134.5,0.89,48.8
489,12,827.2,135.0,55.2,127.1,0.88,48.8
489,13,857.2,138.3,47.8,125.3,0.88,48.8
489,14,857.7,120.5,53.6,119.5,0.85,48.8
489,30,923.4,25.2,37.2,87.9,0.88,48.8
489,31,697.5,73.3,43.3,101.9,0.85,48.8
489,32,629.0,115.2,50.2,116.1,0.85,48.8
490,1,525.0,35.9,35.5,97.2,0.99,48.9
490,2,325.2,186.3,50.3,142.2,0.84,48.9
490,10,875.7,127.9,44.7,124.6,0.94,48.9
490,11,836.9,150.9,49.4,132.3,0.8,48.9
490,12,830.9,138.3,46.7,121.1,0.96,48.9
490,13,865.0,136.3,45.9,126.1,0.86,48.9
490,14,862.2,118.2,45.7,115.2,0.99,48.9
490,30,930.6,21.3,36.8,90.4,0.85,48.9
490,31,694.3,69.9,43.9,106.4,0.89,48.9
490,32,633.4,112.4,46.5,116.4,0.92,48.9
491,1,528.1,40.0,35.1,92.7,0.88,49.0
491,2,321.7,193.2,50.9,144.9,0.85,49.0
491,10,881.4,128.9,46.3,123.1,0.82,49.0
491,11,827.8,148.8,55.6,133.6,0.87,49.0
491,12,829.5,131.3,48.1,126.2,0.94,49.0
491,13,857.5,141.5,46.6,125.2,0.86,49.0
491,14,862.7,116.7,52.6,121.1,0.93,49.0
491,30,925.8,20.6,38.5,90.5,0.99,49.0
491,31,696.6,66.2,43.1,104.1,0.93,49.0
491,32,630.4,113.4,43.8,115.8,0.98,49.0
492,1,521.0,38.7,40.5,93.9,0.89,49.1
492,2,318.3,190.0,60.7,139.4,0.88,49.1
492,10,877.9,130.3,43.5,120.8,0.89,49.1
492,11,834.5,150.1,56.8,129.1,0.84,49.1
492,12,830.0,132.3,51.2,126.0,0.93,49.1
492,13,859.9,136.4,51.3,126.4,0.9,49.1
492,14,861.7,116.0,49.9,117.4,0.92,49.1
492,30,927.3,23.9,38.9,87.7,0.82,49.1
492,31,691.7,68.9,43.6,103.8,0.88,49.1
492,32,634.1,115.6,41.6,117.9,0.88,49.1
493,1,526.0,34.8,35.1,96.3,0.91,49.2
493,2,328.0,186.6,54.2,142.0,0.93,49.2
493,10,880.9,124.4,43.9,122.2,0.9,49.2
493,11,839.0,151.3,55.5,129.7,0.91,49.2
493,12,829.2,135.9,51.7,123.6,0.9,49.2
493,13,858.2,135.6,46.8,127.0,0.86,49.2
493,14,861.1,114.4,48.3,119.1,0.84,49.2
493,30,931.1,32.6,33.3,86.3,0.94,49.2
493,31,695.6,72.7,46.3,107.0,0.9,49.2
493,32,636.5,111.2,42.1,118.9,0.94,49.2
494,1,526.0,40.7,33.7,91.1,0.89,49.3
494,2,328.3,184.1,54.0,141.2,0.89,49.3
494,10,875.0,132.4,48.5,120.5,0.92,49.3
494,11,830.1,150.4,49.7,131.1,0.93,49.3
494,12,830.9,135.3,48.0,124.2,0.84,49.3
494,13,863.3,136.6,45.4,127.0,0.99,49.3
494,14,866.0,118.2,44.1,117.0,0.95,49.3
494,30,929.0,22.2,35.3,87.4,0.84,49.3
494,31,698.6,67.4,43.1,105.4,0.76,49.3
494,32,625.7,107.7,48.1,118.7,0.89,49.3
495,1,526.3,40.8,36.2,92.0,0.99,49.4
495,2,327.9,189.2,49.5,141.0,0.84,49.4
495,10,871.7,130.4,54.2,124.3,0.88,49.4
495,11,831.1,150.2,54.7,132.9,0.92,49.4
495,12,826.0,132.1,52.2,124.6,0.9,49.4
495,13,860.1,136.0,45.4,126.5,0.92,49.4
495,14,867.2,119.6,42.3,116.4,0.89,49.4
495,30,930.8,27.2,35.0,88.7,0.85,49.4
495,31,698.7,71.4,42.2,102.6,0.97,49.4
495,32,628.1,118.9,45.3,115.9,0.87,49.4
496,1,525.7,40.0,33.3,92.6,0.87,49.5
496,2,324.1,186.6,58.7,143.6,0.95,49.5
496,10,880.5,126.5,45.1,123.6,0.89,49.5
496,11,832.3,147.6,58.7,131.7,0.99,49.5
496,12,828.5,128.3,51.0,130.1,0.92,49.5
496,13,855.6,141.3,54.8,124.6,0.89,49.5
496,14,867.4,119.1,43.7,115.5,0.93,49.5
496,30,936.6,30.8,31.9,87.6,0.86,49.5
496,31,700.8,67.4,46.0,102.9,0.8,49.5
496,32,626.4,114.2,46.7,116.0,0.92,49.5
497,1,522.1,40.2,41.5,93.3,0.93,49.6
497,2,326.6,189.1,60.2,142.1,0.84,49.6
497,10,878.0,123.7,54.2,126.3,0.95,49.6
497,11,836.4,149.4,55.0,133.1,0.85,49.6
497,12,828.4,131.6,48.8,127.3,0.93,49.6
497,13,860.3,137.8,52.4,123.7,0.99,49.6
497,14,862.5,119.7,46.3,116.0,0.92,49.6
497,30,936.8,26.1,37.3,88.7,0.93,49.6
497,31,698.9,66.6,42.3,104.1,0.92,49.6
497,32,625.2,114.1,47.8,116.4,0.85,49.6
498,1,523.6,37.3,36.0,94.2,0.92,49.7
498,2,326.7,185.0,58.2,139.8,0.96,49.7
498,10,878.0,132.2,50.5,121.0,0.94,49.7
498,11,830.5,150.7,55.4,129.5,0.93,49.7
498,12,829.1,133.4,54.2,127.3,0.98,49.7
498,13,855.5,137.2,52.3,126.0,0.87,49.7
498,14,862.5,116.2,49.4,119.6,0.85,49.7
498,30,931.3,24.2,35.7,88.7,0.91,49.7
498,31,702.8,71.5,37.4,99.3,0.88,49.7
498,32,623.8,113.0,54.0,122.2,0.85,49.7
499,1,524.7,41.0,40.4,91.3,0.85,49.8
499,2,320.1,182.5,63.6,145.3,0.99,49.8
499,10,876.4,130.1,45.3,122.0,0.8,49.8
499,11,837.8,151.2,47.3,128.5,0.83,49.8
499,12,831.8,129.2,51.4,126.5,0.92,49.8
499,13,860.7,135.4,45.1,126.4,0.85,49.8
499,14,862.6,118.7,46.1,117.8,0.87,49.8
499,30,933.6,25.7,35.0,91.1,0.9,49.8
499,31,703.0,66.9,46.1,102.7,0.94,49.8
499,32,624.4,110.4,49.7,120.2,0.99,49.8
500,1,521.6,42.4,36.9,91.0,0.93,49.9
500,2,330.0,185.7,50.9,141.1,0.85,49.9
500,10,874.6,131.2,50.9,122.1,0.85,49.9
500,11,836.3,153.7,46.2,126.9,0.86,49.9
500,12,827.9,136.5,46.9,121.4,0.91,49.9
500,13,858.2,135.6,47.0,125.1,0.88,49.9
500,14,863.2,115.5,42.7,119.0,0.92,49.9
500,30,931.0,27.9,36.6,85.8,0.89,49.9
500,31,711.3,69.1,39.3,104.6,0.92,49.9
500,32,623.2,110.6,46.2,117.6,0.94,49.9
501,1,523.6,36.3,41.5,94.7,0.94,50.0
501,2,324.3,182.7,56.8,142.0,0.84,50.0
501,10,875.0,129.2,46.0,123.3,0.89,50.0
501,11,829.5,149.5,56.3,126.5,0.86,50.0
501,12,830.5,130.7,47.8,127.2,0.81,50.0
501,13,862.2,138.3,45.3,123.7,0.88,50.0
501,14,863.0,113.8,53.6,119.3,0.9,50.0
501,30,938.0,26.0,37.5,88.6,0.94,50.0
501,31,708.5,67.3,36.8,100.5,0.89,50.0
501,32,620.5,107.3,51.4,119.7,0.97,50.0
502,1,524.5,43.8,36.4,89.9,0.91,50.1
502,2,316.5,184.8,64.2,142.9,0.92,50.1
502,10,874.1,130.2,48.3,120.3,0.87,50.1
502,11,834.5,147.3,52.5,129.1,0.87,50.1
502,12,830.1,128.0,45.5,129.7,0.85,50.1
502,13,867.7,139.0,45.5,124.7,0.99,50.1
502,14,866.7,117.5,45.9,115.1,0.87,50.1
502,30,938.5,23.6,37.6,90.8,0.94,50.1
502,31,707.5,68.9,41.2,100.8,0.79,50.1
502,32,622.9,113.4,45.2,116.2,0.9,50.1
503,1,526.2,38.9,33.5,94.7,0.85,50.2
503,2,319.0,182.1,63.4,143.1,0.85,50.2
503,10,871.6,130.4,53.1,120.3,0.85,50.2
503,11,832.4,147.7,50.8,129.2,0.97,50.2
503,12,830.1,129.4,50.4,126.2,0.89,50.2
503,13,855.6,132.1,52.1,127.6,0.87,50.2
503,14,856.9,108.8,53.1,123.7,0.97,50.2
503,30,940.7,25.0,35.0,89.7,0.91,50.2
503,31,707.1,67.5,43.8,101.1,0.96,50.2
503,32,620.6,108.0,49.3,118.4,0.98,50.2
504,1,522.9,43.0,34.4,90.3,0.93,50.3
504,2,325.6,184.0,59.1,140.1,0.89,50.3
504,10,877.5,132.9,43.2,120.8,0.88,50.3
504,11,831.5,150.8,49.2,130.7,0.89,50.3
504,12,834.5,133.9,50.6,124.4,0.84,50.3
504,13,857.0,133.0,56.8,128.8,0.95,50.3
504,14,861.8,116.3,51.4,120.4,0.94,50.3
504,30,934.2,29.5,36.8,89.5,0.94,50.3
504,31,703.9,66.1,44.7,103.3,0.9,50.3
504,32,622.4,105.3,46.0,118.6,0.85,50.3
505,1,525.5,37.9,33.8,94.5,0.85,50.4
505,2,326.3,187.6,56.2,142.8,0.98,50.4
505,10,876.0,136.9,49.0,119.8,0.95,50.4
505,11,836.3,149.0,46.6,130.9,0.97,50.4
505,12,830.7,134.2,52.1,122.9,0.89,50.4
505,13,860.4,136.5,54.4,126.7,0.94,50.4
505,14,867.9,119.4,44.7,118.1,0.96,50.4
505,30,937.9,27.9,39.1,88.4,0.95,50.4
505,31,708.0,65.6,43.6,102.7,0.95,50.4
505,32,620.1,106.9,53.2,118.3,0.94,50.4
506,1,525.0,42.4,36.7,92.2,0.83,50.5
506,2,327.2,186.5,52.2,140.3,0.85,50.5
506,10,871.4,131.9,46.9,121.9,0.86,50.5
506,11,833.9,153.1,46.0,126.0,0.92,50.5
506,12,833.7,135.5,43.6,122.9,0.95,50.5
506,13,852.2,134.6,54.9,126.2,0.89,50.5
506,14,863.7,113.9,50.9,119.8,0.91,50.5
506,30,938.5,26.1,40.7,92.3,0.93,50.5
506,31,714.0,64.5,36.5,104.0,0.85,50.5
506,32,617.2,112.3,41.0,115.2,0.83,50.5
507,1,528.2,43.7,33.5,90.8,0.9,50.6
507,2,327.1,184.2,61.2,141.6,0.96,50.6
507,10,875.7,129.8,48.9,124.6,0.92,50.6
507,11,833.4,150.3,55.1,130.0,0.84,50.6
507,12,832.7,137.3,47.0,120.5,0.99,50.6
507,13,860.2,136.0,45.3,127.7,0.92,50.6
507,14,860.6,114.2,49.2,122.6,0.99,50.6
507,30,946.1,26.3,34.7,92.2,0.9,50.6
507,31,715.2,68.2,36.2,99.0,0.93,50.6
507,32,623.9,108.6,41.1,114.4,0.93,50.6
508,1,525.7,42.4,33.1,91.0,0.95,50.7
508,2,324.6,189.7,50.4,142.1,0.92,50.7
508,10,877.2,132.1,48.9,120.4,0.96,50.7
508,11,834.8,150.2,54.5,132.2,0.81,50.7
508,12,830.9,127.3,54.0,127.9,0.97,50.7
508,13,859.2,138.8,45.4,124.3,0.9,50.7
508,14,864.7,113.8,51.3,119.5,0.84,50.7
508,30,944.9,27.1,33.3,90.3,0.98,50.7
508,31,716.3,65.5,38.1,100.5,0.86,50.7
508,32,622.5,111.6,40.8,115.5,0.95,50.7
509,1,525.1,42.4,37.5,90.7,0.95,50.8
509,2,329.5,188.4,54.7,141.4,0.87,50.8
509,10,877.1,130.1,46.5,121.2,0.88,50.8
509,11,832.1,145.7,54.8,130.9,0.89,50.8
509,12,829.4,131.2,54.2,127.2,0.95,50.8
509,13,858.3,137.5,45.9,125.3,0.95,50.8
509,14,865.8,115.3,48.5,116.3,0.9,50.8
509,30,947.9,31.8,37.0,89.4,0.99,50.8
509,31,713.3,65.3,35.8,100.1,0.94,50.8
509,32,625.8,106.0,44.7,118.0,0.87,50.8
510,1,522.3,41.3,40.0,92.6,0.96,50.9
510,2,335.1,180.1,53.0,141.7,0.92,50.9
510,10,873.8,126.6,55.1,122.6,0.87,50.9
510,11,831.7,152.0,53.0,128.2,0.96,50.9
510,12,826.7,133.0,50.0,129.1,0.93,50.9
510,13,860.5,138.6,49.7,127.1,0.99,50.9
510,14,864.1,118.8,47.7,116.2,0.91,50.9
510,30,951.4,30.4,30.0,85.2,0.87,50.9
510,31,715.3,63.6,37.0,100.4,0.95,50.9
510,32,614.9,109.7,50.0,112.9,0.94,50.9
511,1,525.2,39.7,35.3,92.4,0.92,51.0
511,2,329.7,185.7,58.8,143.4,0.83,51.0
511,10,878.7,131.3,46.2,121.4,0.9,51.0
511,11,830.0,151.9,56.3,126.3,0.87,51.0
511,12,832.3,129.7,52.9,124.2,0.9,51.0
511,13,856.8,134.9,56.5,126.2,0.91,51.0
511,14,861.4,116.4,50.3,119.0,0.77,51.0
511,30,951.3,28.3,33.0,89.4,0.88,51.0
511,31,709.8,64.5,41.0,103.8,0.89,51.0
511,32,614.7,107.7,51.9,116.3,0.99,51.0
512,1,525.1,41.0,32.8,92.8,0.92,51.1
512,2,327.7,185.8,60.6,143.2,0.87,51.1
512,10,873.0,128.3,51.5,124.0,0.85,51.1
512,11,831.2,154.1,57.8,131.3,0.93,51.1
512,12,832.5,134.2,44.3,125.3,0.96,51.1
512,13,862.7,137.5,50.8,124.9,0.91,51.1
512,14,861.4,119.4,47.4,116.7,0.79,51.1
512,30,944.2,25.6,33.4,88.6,0.94,51.1
512,31,721.8,68.2,39.9,99.8,0.97,51.1
512,32,620.0,111.0,44.4,111.4,0.91,51.1
513,1,524.7,38.0,35.2,95.4,0.9,51.2
513,2,325.6,180.9,60.7,146.1,0.86,51.2
513,10,875.0,131.1,49.1,124.2,0.95,51.2
513,11,834.6,148.1,48.3,132.3,0.93,51.2
513,12,830.7,134.9,49.0,126.2,0.86,51.2
513,13,861.4,141.5,49.7,120.1,0.92,51.2
513,14,859.7,114.5,55.0,122.5,0.83,51.2
513,30,952.5,33.6,33.2,85.0,0.89,51.2
513,31,720.2,63.2,34.6,98.6,0.98,51.2
513,32,613.4,106.0,51.9,116.6,0.89,51.2
514,1,525.6,39.5,36.5,93.0,0.85,51.3
514,2,331.7,182.8,51.0,144.0,0.88,51.3
514,10,883.1,131.5,49.1,123.5,0.92,51.3
514,11,832.1,151.7,49.2,131.3,0.84,51.3
514,12,831.6,134.8,51.5,123.7,0.86,51.3
514,13,862.8,136.3,43.8,124.9,0.84,51.3
514,14,868.4,113.7,44.6,121.7,0.91,51.3
514,30,950.6,30.7,38.3,90.1,0.86,51.3
514,31,720.7,61.9,40.0,99.8,0.83,51.3
514,32,604.0,108.1,49.8,116.8,0.81,51.3
515,1,525.2,38.1,36.8,95.4,0.83,51.4
515,2,336.2,179.6,50.2,143.2,0.82,51.4
515,10,875.7,130.7,45.8,123.4,0.85,51.4
515,11,838.3,153.5,47.6,128.4,0.89,51.4
515,12,831.7,133.0,56.0,126.8,0.96,51.4
515,13,861.7,135.5,47.1,128.9,0.85,51.4
515,14,861.5,114.2,47.1,119.0,0.9,51.4
515,30,950.8,29.9,34.6,85.9,0.85,51.4
515,31,719.9,61.4,40.8,102.1,0.82,51.4
515,32,606.6,103.2,45.2,119.0,0.9,51.4
516,1,520.4,38.7,38.4,96.1,0.95,51.5
516,2,319.2,189.5,61.9,144.6,0.98,51.5
516,10,876.4,126.1,50.0,124.8,0.82,51.5
516,11,838.9,149.1,48.8,130.3,0.9,51.5
516,12,830.1,134.0,46.7,123.0,0.96,51.5
516,13,857.1,135.2,52.3,126.5,0.88,51.5
516,14,865.9,121.7,50.1,116.4,0.92,51.5
516,30,952.4,27.5,34.9,90.3,0.93,51.5
516,31,712.8,68.9,39.1,100.4,0.82,51.5
516,32,609.3,106.4,50.4,115.7,0.86,51.5
517,1,522.1,35.5,40.7,95.6,0.82,51.6
517,2,323.7,186.5,60.6,140.5,0.99,51.6
517,10,872.4,128.8,49.0,123.9,0.86,51.6
517,11,835.4,154.7,47.5,129.2,0.87,51.6
517,12,830.8,132.0,52.8,124.4,0.89,51.6
517,13,862.8,136.8,45.1,124.4,0.97,51.6
517,14,861.8,114.1,54.4,121.2,0.86,51.6
517,30,955.7,28.2,35.8,89.3,0.89,51.6
517,31,716.7,65.8,42.2,98.2,0.9,51.6
517,32,612.2,108.3,44.5,113.5,0.92,51.6
518,1,525.5,42.6,31.5,89.3,0.87,51.7
518,2,324.9,188.3,54.6,140.5,0.92,51.7
518,10,875.5,129.5,52.2,120.1,0.8,51.7
518,11,836.7,149.0,49.7,126.7,0.89,51.7
518,12,830.9,133.5,44.8,124.0,0.93,51.7
518,13,857.8,136.8,46.0,126.8,0.94,51.7
518,14,865.2,117.4,47.3,120.2,0.78,51.7
518,30,948.0,26.1,38.6,87.6,0.96,51.7
518,31,723.0,64.4,39.6,99.0,0.91,51.7
518,32,614.8,107.8,40.5,113.2,0.91,51.7
519,1,525.5,41.4,34.3,91.4,0.93,51.8
519,2,327.3,187.0,52.9,140.1,0.89,51.8
519,10,875.2,132.1,45.9,121.8,0.98,51.8
519,11,833.8,147.6,54.5,131.4,0.88,51.8
519,12,830.9,135.7,48.5,121.9,0.88,51.8
519,13,859.6,136.9,49.2,125.7,0.91,51.8
519,14,864.1,116.1,42.8,119.2,0.89,51.8
519,30,960.9,30.9,31.0,86.2,0.95,51.8
519,31,723.2,58.2,45.5,104.1,0.89,51.8
519,32,617.7,106.6,50.8,113.1,0.92,51.8
520,1,525.5,43.3,31.9,90.6,0.98,51.9
520,2,332.1,184.5,56.4,140.9,0.9,51.9
520,10,876.8,130.5,46.3,125.0,0.98,51.9
520,11,834.4,147.0,55.3,134.0,0.96,51.9
520,12,826.4,131.8,49.3,128.5,0.92,51.9
520,13,860.0,137.0,51.6,127.2,0.84,51.9
520,14,862.1,115.2,44.4,119.9,0.9,51.9
520,30,954.0,29.5,34.3,92.0,0.9,51.9
520,31,724.5,61.9,43.1,102.8,0.92,51.9
520,32,603.5,102.5,50.5,113.9,0.93,51.9
521,1,522.6,42.3,40.4,91.2,0.88,52.0
521,2,330.4,187.2,54.2,142.8,0.87,52.0
521,10,873.6,135.8,45.8,121.6,0.92,52.0
521,11,826.9,147.4,57.4,133.5,0.88,52.0
521,12,827.7,136.8,51.1,125.1,0.93,52.0
521,13,860.5,133.7,47.2,127.0,0.85,52.0
521,14,867.6,117.6,45.7,119.6,0.85,52.0
521,30,967.7,32.6,32.3,87.3,0.89,52.0
521,31,721.9,66.8,37.8,97.5,0.85,52.0
521,32,609.9,99.7,50.7,115.7,0.89,52.0
522,1,523.3,39.3,38.9,94.6,0.94,52.1
522,2,334.8,186.1,49.9,141.7,0.88,52.1
522,10,870.5,128.4,51.0,120.4,0.87,52.1
522,11,836.7,147.9,47.3,133.1,0.86,52.1
522,12,831.3,139.1,47.3,121.3,0.96,52.1
522,13,860.6,137.7,44.7,126.4,0.94,52.1
522,14,863.6,111.1,46.9,119.1,0.86,52.1
522,30,964.2,29.2,33.5,91.8,0.88,52.1
522,31,722.2,63.4,42.6,96.9,0.87,52.1
522,32,603.0,101.4,48.4,114.4,0.93,52.1
523,1,518.8,37.8,40.3,95.0,0.96,52.2
523,2,334.1,187.2,63.7,143.3,0.86,52.2
523,10,872.8,126.5,53.5,124.0,0.92,52.2
523,11,833.9,153.3,54.6,130.1,0.85,52.2
523,12,829.6,136.4,52.4,124.1,0.94,52.2
523,13,862.1,135.9,45.4,125.9,0.88,52.2
523,14,861.9,114.2,46.8,121.2,0.89,52.2
523,30,953.7,31.3,40.1,91.5,0.88,52.2
523,31,728.2,60.5,41.2,101.3,0.93,52.2
523,32,610.2,108.2,40.4,115.2,0.98,52.2
524,1,521.1,41.7,34.9,91.6,0.91,52.3
524,2,329.4,184.1,59.7,140.6,0.98,52.3
524,10,876.9,130.2,45.3,122.3,0.9,52.3
524,11,834.1,147.9,53.4,132.3,0.9,52.3
524,12,828.3,134.2,54.7,124.1,0.96,52.3
524,13,857.1,135.1,51.1,129.1,0.93,52.3
524,14,863.9,111.7,44.8,123.5,0.86,52.3
524,30,971.2,35.8,31.9,89.3,0.95,52.3
524,31,730.9,64.5,37.6,99.0,0.85,52.3
524,32,602.4,103.7,45.5,116.6,0.96,52.3
525,1,521.8,39.9,39.8,94.6,0.86,52.4
525,2,324.1,188.8,59.5,143.0,0.88,52.4
525,10,874.6,125.8,49.2,125.3,0.89,52.4
525,11,834.5,156.5,56.2,128.3,0.84,52.4
525,12,830.4,139.4,52.9,123.3,0.94,52.4
525,13,861.9,138.3,44.3,126.2,0.9,52.4
525,14,863.8,116.8,47.1,117.4,0.97,52.4
525,30,962.7,30.9,37.9,87.5,0.93,52.4
525,31,723.0,61.8,42.1,102.5,0.94,52.4
525,32,594.2,103.5,49.6,113.0,0.99,52.4
526,1,524.5,42.8,39.4,90.7,0.91,52.5
526,2,330.0,188.9,60.5,142.9,0.89,52.5
526,10,876.0,127.4,49.4,124.6,0.92,52.5
526,11,839.5,152.8,45.1,127.8,0.95,52.5
526,12,830.7,137.0,45.8,122.4,0.89,52.5
526,13,858.0,134.5,57.2,127.8,0.89,52.5
526,14,863.1,118.2,47.4,116.7,0.94,52.5
526,30,973.8,34.0,31.2,88.3,0.88,52.5
526,31,733.8,60.7,35.6,99.7,0.82,52.5
526,32,608.8,101.6,42.8,115.6,0.9,52.5
527,1,522.0,38.1,38.4,95.8,0.83,52.6
527,2,333.8,184.4,56.0,139.0,0.77,52.6
527,10,881.2,133.8,42.1,118.5,0.97,52.6
527,11,837.3,149.6,47.0,131.0,0.89,52.6
527,12,827.8,132.4,53.0,126.4,0.89,52.6
527,13,860.4,138.0,52.8,125.2,0.94,52.6
527,14,863.8,122.4,42.7,116.3,0.9,52.6
527,30,972.2,32.4,32.7,87.5,0.88,52.6
527,31,730.8,66.2,39.3,97.4,0.97,52.6
527,32,612.7,99.3,39.9,111.8,0.81,52.6
528,1,523.4,38.0,36.0,95.2,0.92,52.7
528,2,330.7,184.8,60.3,138.6,0.94,52.7
528,10,871.2,129.6,52.0,119.8,0.94,52.7
528,11,832.2,154.2,55.1,130.5,0.87,52.7
528,12,828.5,131.1,52.1,122.4,0.94,52.7
528,13,861.0,131.8,48.2,126.8,0.95,52.7
528,14,860.9,113.3,49.5,117.7,0.92,52.7
528,30,967.3,28.3,40.6,90.8,0.98,52.7
528,31,732.8,67.6,34.7,99.2,0.92,52.7
528,32,599.3,103.8,47.3,115.1,0.93,52.7
529,1,526.5,40.7,35.5,91.8,0.86,52.8
529,2,321.8,183.4,59.4,144.7,0.93,52.8
529,10,873.6,129.1,51.1,121.1,0.87,52.8
529,11,831.7,150.3,52.4,132.3,0.86,52.8
529,12,827.9,136.8,51.9,123.0,0.97,52.8
529,13,855.4,139.1,53.5,122.1,0.89,52.8
529,14,865.8,114.0,50.0,119.5,0.98,52.8
529,30,970.0,26.9,36.3,94.2,0.89,52.8
529,31,740.1,62.1,36.5,99.1,0.93,52.8
529,32,604.2,108.1,44.9,110.4,0.89,52.8
530,1,522.9,41.2,40.7,92.8,0.85,52.9
530,2,327.8,188.4,59.4,141.6,0.96,52.9
530,10,873.5,126.1,45.9,127.6,0.86,52.9
530,11,836.4,149.2,46.1,127.9,0.83,52.9
530,12,830.7,136.2,43.7,123.4,0.89,52.9
530,13,856.9,137.3,53.8,126.0,0.9,52.9
530,14,862.9,114.7,51.7,119.1,0.98,52.9
530,30,980.8,29.8,33.5,93.5,0.92,52.9
530,31,734.5,59.9,37.7,100.3,0.85,52.9
530,32,604.9,99.0,43.3,114.3,0.9,52.9
531,1,521.9,40.2,36.2,94.3,0.88,53.0
531,2,327.1,186.5,62.2,142.3,0.88,53.0
531,10,872.2,133.6,46.4,121.9,0.89,53.0
531,11,833.0,150.2,52.5,128.8,0.85,53.0
531,12,827.7,133.3,54.2,124.0,0.9,53.0
531,13,859.8,138.5,50.2,125.1,0.97,53.0
531,14,863.6,117.3,48.8,117.7,0.88,53.0
531,30,966.2,35.1,34.7,87.2,0.92,53.0
531,31,733.8,60.5,37.9,100.1,0.88,53.0
531,32,592.8,106.0,52.1,117.3,0.89,53.0
532,1,526.4,39.3,33.9,94.1,0.9,53.1
532,2,328.6,181.2,51.3,145.7,0.97,53.1
532,10,875.8,130.6,48.2,121.9,0.93,53.1
532,11,832.9,147.5,56.4,132.7,0.87,53.1
532,12,830.0,135.0,53.1,124.0,0.87,53.1
532,13,857.3,139.5,51.3,125.0,0.87,53.1
532,14,865.4,114.8,47.2,119.9,0.88,53.1
532,30,975.0,32.2,35.9,89.2,0.82,53.1
532,31,741.0,58.4,35.6,98.0,0.86,53.1
532,32,594.5,97.7,50.4,114.0,0.93,53.1
533,1,521.5,39.8,39.7,92.4,0.95,53.2
533,2,327.4,177.4,56.9,143.7,0.88,53.2
533,10,874.7,132.4,44.8,121.7,0.96,53.2
533,11,832.0,153.3,50.2,129.9,0.87,53.2
533,12,831.2,136.1,48.3,123.6,0.98,53.2
533,13,860.8,136.2,56.0,126.0,0.89,53.2
533,14,864.1,117.1,42.2,118.6,0.95,53.2
533,30,971.5,31.9,36.5,92.4,0.98,53.2
533,31,739.7,61.5,38.1,100.5,0.85,53.2
533,32,606.1,100.9,39.9,111.4,0.92,53.2
534,1,522.9,41.1,36.1,92.8,0.88,53.3
534,2,335.7,185.6,51.9,139.1,0.93,53.3
534,10,872.0,128.4,54.8,122.8,0.81,53.3
534,11,833.2,152.8,58.2,130.5,0.87,53.3
534,12,829.0,129.4,51.8,125.0,0.95,53.3
534,13,858.6,133.5,48.6,128.2,0.89,53.3
534,14,865.4,116.2,40.6,115.4,0.9,53.3
534,30,974.2,34.6,34.2,89.7,0.94,53.3
534,31,739.8,63.1,39.9,95.8,0.94,53.3
534,32,604.2,108.0,43.8,115.2,0.98,53.3
535,1,524.4,44.2,31.7,89.6,0.95,53.4
535,2,331.4,188.2,55.2,142.2,0.93,53.4
535,10,874.0,129.2,51.7,120.1,0.8,53.4
535,11,833.5,147.3,53.5,132.7,0.95,53.4
535,12,828.8,133.7,49.5,120.4,0.96,53.4
535,13,859.6,133.8,50.3,128.2,0.87,53.4
535,14,862.2,120.7,46.3,119.9,0.82,53.4
535,30,974.3,33.4,35.1,88.5,0.88,53.4
535,31,741.8,63.3,36.3,99.0,0.85,53.4
535,32,598.9,103.8,41.9,111.9,0.95,53.4
536,1,522.9,44.1,34.3,89.1,0.88,53.5
536,2,329.9,190.3,49.7,138.5,0.88,53.5
536,10,871.0,130.1,49.1,120.4,0.88,53.5
536,11,836.4,151.7,50.1,127.1,0.85,53.5
536,12,827.7,130.0,56.4,129.3,0.92,53.5
536,13,855.2,134.1,50.4,126.2,0.92,53.5
536,14,857.8,115.6,49.1,120.0,0.87,53.5
536,30,982.9,34.1,34.3,90.3,0.93,53.5
536,31,737.3,59.6,44.0,99.1,0.89,53.5
536,32,590.0,103.5,44.7,114.0,0.89,53.5
537,1,520.6,38.7,40.8,97.6,0.87,53.6
537,2,331.9,179.9,54.2,141.4,0.97,53.6
537,10,876.3,126.0,48.0,126.5,0.89,53.6
537,11,834.3,152.4,51.2,127.2,0.91,53.6
537,12,833.3,131.3,46.6,127.2,0.88,53.6
537,13,864.1,139.5,45.9,126.2,0.96,53.6
537,14,860.3,121.6,51.5,116.9,0.87,53.6
537,30,980.0,34.0,36.1,89.5,0.95,53.6
537,31,747.7,57.9,40.3,101.0,0.88,53.6
537,32,591.6,95.1,41.6,115.0,0.97,53.6
538,1,520.4,38.8,37.1,96.4,0.95,53.7
538,2,328.9,184.3,61.0,141.1,0.9,53.7
538,10,878.4,127.0,46.9,123.7,0.92,53.7
538,11,828.8,150.1,54.6,130.2,0.94,53.7
538,12,830.7,130.9,52.2,123.5,0.86,53.7
538,13,863.2,137.1,50.4,126.4,0.85,53.7
538,14,860.1,113.2,47.9,122.1,0.92,53.7
538,30,980.0,30.3,38.1,91.6,0.95,53.7
538,31,738.3,58.7,38.2,101.6,0.87,53.7
538,32,596.4,103.6,44.7,111.6,0.86,53.7
539,1,524.8,43.1,34.6,90.8,0.88,53.8
539,2,321.4,189.4,63.9,143.7,0.91,53.8
539,10,874.4,128.7,52.7,123.6,0.99,53.8
539,11,834.1,146.7,48.9,132.8,0.98,53.8
539,12,829.7,133.0,49.2,121.8,0.94,53.8
539,13,859.2,133.7,46.0,128.6,0.91,53.8
539,14,863.5,118.3,49.3,116.5,0.98,53.8
539,30,975.5,32.7,39.9,92.7,0.87,53.8
539,31,745.6,56.5,36.7,99.5,0.95,53.8
539,32,592.5,95.7,41.0,115.9,0.87,53.8
540,1,523.0,42.5,37.9,91.4,0.91,53.9
540,2,320.8,186.8,63.3,141.3,0.93,53.9
540,10,871.4,128.2,51.6,125.2,0.92,53.9
540,11,832.6,148.2,55.7,134.4,0.82,53.9
540,12,828.9,137.0,49.3,123.8,0.97,53.9
540,13,857.6,132.4,46.8,127.7,0.86,53.9
540,14,858.5,114.6,52.6,120.5,0.88,53.9
540,30,989.1,32.1,35.6,93.4,0.82,53.9
540,31,739.5,61.1,39.4,96.8,0.95,53.9
540,32,585.8,96.7,51.3,115.2,0.88,53.9
541,1,520.6,42.4,40.8,92.8,0.87,54.0
541,2,325.0,188.4,57.0,141.3,0.88,54.0
541,10,873.9,130.1,50.6,121.2,0.83,54.0
541,11,830.2,152.2,54.7,127.1,0.99,54.0
541,12,833.7,131.7,46.6,127.1,0.9,54.0
541,13,860.5,140.2,49.5,124.0,0.85,54.0
541,14,861.0,115.7,49.7,118.8,0.99,54.0
541,30,986.9,33.2,32.3,88.4,0.84,54.0
541,31,744.9,55.9,38.9,97.9,0.86,54.0
541,32,593.6,99.9,41.3,110.7,0.96,54.0
542,1,523.2,39.9,34.8,94.9,0.9,54.1
542,2,333.7,183.4,50.7,144.4,0.9,54.1
542,10,876.4,131.4,45.9,120.9,0.95,54.1
542,11,831.8,148.7,51.8,129.6,0.87,54.1
542,12,827.0,128.2,54.1,127.4,0.95,54.1
542,13,862.4,138.3,53.7,124.6,0.89,54.1
542,14,864.3,117.8,48.7,118.0,0.87,54.1
542,30,987.9,32.6,38.3,93.0,0.92,54.1
542,31,743.7,58.1,42.0,98.2,0.94,54.1
542,32,595.0,98.8,46.4,114.0,0.92,54.1
543,1,524.7,40.9,32.5,92.5,0.93,54.2
543,2,330.2,184.2,53.3,140.2,0.97,54.2
543,10,874.3,127.8,49.2,123.9,0.92,54.2
543,11,834.9,151.0,46.4,128.5,0.94,54.2
543,12,826.3,130.8,57.1,128.8,0.85,54.2
543,13,853.8,136.1,55.0,126.9,0.89,54.2
543,14,864.0,116.3,47.5,119.4,0.91,54.2
543,30,989.4,37.2,37.3,90.0,0.95,54.2
543,31,748.0,60.1,35.0,97.5,0.91,54.2
543,32,596.3,102.3,42.4,108.9,0.89,54.2
544,1,518.1,36.4,43.5,97.6,0.95,54.3
544,2,327.2,187.8,63.8,144.3,0.93,54.3
544,10,868.8,129.2,54.8,123.5,0.94,54.3
544,11,832.6,150.6,56.6,130.0,0.93,54.3
544,12,832.7,133.2,45.6,121.1,0.94,54.3
544,13,857.1,135.3,53.6,126.9,0.87,54.3
544,14,863.5,118.6,50.5,118.9,0.96,54.3
544,30,994.0,31.5,34.3,90.8,0.86,54.3
544,31,741.1,57.5,39.8,95.7,0.92,54.3
544,32,596.6,96.3,41.2,114.7,0.95,54.3
545,1,522.5,33.8,44.0,99.5,0.92,54.4
545,2,332.1,185.6,60.2,138.2,0.89,54.4
545,10,870.8,125.9,53.0,124.7,0.89,54.4
545,11,830.3,150.3,53.2,132.3,0.85,54.4
545,12,827.2,129.4,55.3,124.3,0.92,54.4
545,13,859.9,137.6,51.0,123.1,0.83,54.4
545,14,863.4,117.8,44.7,118.9,0.78,54.4
545,30,985.9,35.7,34.8,90.0,0.86,54.4
545,31,744.8,59.3,41.4,99.9,0.87,54.4
545,32,586.7,95.8,49.3,116.7,0.9,54.4
546,1,522.5,37.7,39.5,94.4,0.88,54.5
546,2,329.1,192.0,53.9,142.1,0.81,54.5
546,10,874.2,127.3,49.1,126.7,0.9,54.5
546,11,836.3,150.2,51.0,127.7,0.95,54.5
546,12,834.4,132.7,44.1,123.3,0.96,54.5
546,13,858.1,135.8,53.6,128.7,0.87,54.5
546,14,858.6,113.4,49.6,117.5,0.81,54.5
546,30,988.0,37.4,34.5,85.6,0.92,54.5
546,31,755.9,55.3,41.8,99.9,0.99,54.5
546,32,589.4,96.1,44.6,113.4,0.79,54.5
547,1,524.3,39.7,36.2,91.9,0.89,54.6
547,2,330.5,191.0,53.2,140.1,0.9,54.6
547,10,873.9,127.6,51.4,123.8,0.86,54.6
547,11,834.7,151.1,55.6,129.4,0.91,54.6
547,12,825.3,134.3,52.5,124.8,0.9,54.6
547,13,866.1,140.0,43.8,123.8,0.82,54.6
547,14,869.1,113.8,43.1,120.6,0.99,54.6
547,30,994.4,30.3,38.3,92.9,0.88,54.6
547,31,751.6,54.3,37.7,94.6,0.85,54.6
547,32,591.8,99.0,47.2,113.9,0.89,54.6
548,1,520.5,40.1,39.4,93.7,0.94,54.7
548,2,327.9,186.4,57.9,140.0,0.88,54.7
548,10,876.1,129.5,43.5,124.2,0.99,54.7
548,11,834.2,151.0,49.6,129.6,0.92,54.7
548,12,829.6,135.3,52.4,122.5,0.9,54.7
548,13,864.6,135.7,44.9,126.6,0.92,54.7
548,14,863.9,111.7,46.1,121.0,0.97,54.7
548,30,991.6,31.4,37.2,90.7,0.91,54.7
548,31,754.6,54.3,37.6,101.5,0.85,54.7
548,32,588.9,95.1,41.4,117.2,0.92,54.7
549,1,522.7,43.0,39.8,93.9,0.96,54.8
549,2,331.0,183.6,59.8,144.1,0.93,54.8
549,10,865.7,129.0,55.7,125.1,0.94,54.8
549,11,832.0,151.2,54.8,129.8,0.86,54.8
549,12,837.1,135.7,45.2,122.8,0.86,54.8
549,13,857.1,138.4,53.6,127.6,0.91,54.8
549,14,861.0,112.1,44.8,121.7,0.85,54.8
549,30,995.1,36.4,32.7,93.1,0.92,54.8
549,31,751.7,52.2,41.9,99.0,0.91,54.8
549,32,584.5,96.6,43.5,111.9,0.93,54.8
550,1,522.9,39.9,34.4,95.4,0.88,54.9
550,2,331.0,182.6,54.6,141.4,0.9,54.9
550,10,869.6,126.7,50.2,123.1,0.87,54.9
550,11,832.3,148.1,55.2,131.0,0.91,54.9
550,12,831.0,135.2,43.9,123.2,0.88,54.9
550,13,855.9,134.6,50.9,127.9,0.91,54.9
550,14,866.9,119.8,41.9,114.2,0.85,54.9
550,30,998.4,38.9,33.0,91.0,0.78,54.9
550,31,761.0,58.1,35.2,99.8,0.88,54.9
550,32,583.3,94.9,47.9,114.0,0.91,54.9
551,1,525.6,39.7,33.4,93.7,0.95,55.0
551,2,330.3,190.0,61.7,140.0,0.86,55.0
551,10,876.2,132.2,43.7,124.6,0.9,55.0
551,11,825.5,149.2,57.9,131.8,0.99,55.0
551,12,831.9,136.7,43.8,123.2,0.91,55.0
551,13,861.8,136.5,51.0,126.3,0.85,55.0
551,14,862.2,114.4,46.6,119.2,0.86,55.0
551,30,993.2,37.1,34.2,93.9,0.92,55.0
551,31,752.8,56.5,41.9,99.7,0.86,55.0
551,32,591.3,97.2,40.6,112.9,0.85,55.0
552,1,521.8,39.7,41.4,94.0,0.9,55.1
552,2,334.2,188.1,55.6,143.7,0.9,55.1
552,10,877.1,132.1,52.0,121.7,0.92,55.1
552,11,832.7,150.3,51.4,131.1,0.9,55.1
552,12,827.7,131.1,55.0,126.9,0.93,55.1
552,13,856.3,134.5,55.2,128.3,0.93,55.1
552,14,867.3,118.6,43.5,118.0,0.87,55.1
552,30,993.8,38.4,34.5,89.7,0.93,55.1
552,31,754.1,54.7,39.5,100.8,0.83,55.1
552,32,584.7,94.6,50.8,113.9,0.99,55.1
553,1,523.8,41.2,36.9,91.9,0.9,55.2
553,2,330.4,182.9,61.1,142.5,0.86,55.2
553,10,874.1,124.0,51.5,124.8,0.88,55.2
553,11,834.3,150.8,52.5,128.2,0.96,55.2
553,12,826.7,132.2,48.8,125.3,0.92,55.2
553,13,860.8,140.3,48.2,125.2,0.89,55.2
553,14,863.1,118.7,44.1,117.6,0.91,55.2
553,30,994.4,36.3,33.6,95.7,0.94,55.2
553,31,751.1,52.6,39.9,94.9,0.95,55.2
553,32,585.7,96.6,41.0,114.8,0.98,55.2
554,1,523.5,38.9,33.4,92.9,0.88,55.3
554,2,337.6,186.3,51.8,142.1,0.98,55.3
554,10,873.5,126.9,51.9,124.4,0.95,55.3
554,11,833.4,152.1,56.9,128.0,0.92,55.3
554,12,830.4,131.3,48.1,123.9,0.85,55.3
554,13,862.9,139.1,47.9,124.2,0.98,55.3
554,14,861.8,117.9,47.9,116.5,0.89,55.3
554,30,986.2,37.1,36.0,91.2,0.96,55.3
554,31,752.4,51.7,38.3,99.1,0.93,55.3
554,32,580.8,92.6,42.6,112.9,0.83,55.3
555,1,524.3,39.8,37.5,93.4,0.89,55.4
555,2,331.4,185.3,54.3,137.8,0.99,55.4
555,10,873.1,127.4,48.1,125.4,0.92,55.4
555,11,834.9,147.8,49.8,131.7,0.86,55.4
555,12,830.3,131.9,47.3,126.2,0.97,55.4
555,13,862.1,140.2,50.3,123.8,0.99,55.4
555,14,860.1,114.2,52.1,122.1,0.9,55.4
555,30,987.9,37.1,39.8,91.5,0.82,55.4
555,31,751.2,51.2,46.1,102.4,0.87,55.4
555,32,585.3,97.3,42.6,114.2,0.87,55.4
556,1,523.1,39.3,35.2,94.4,0.82,55.5
556,2,331.9,184.8,60.9,140.9,0.87,55.5
556,10,871.8,131.6,52.3,122.6,0.92,55.5
556,11,837.9,147.9,51.2,130.3,0.84,55.5
556,12,826.4,129.0,56.4,125.4,0.91,55.5
556,13,860.5,134.1,52.3,127.2,0.85,55.5
556,14,862.1,118.0,44.2,118.0,0.9,55.5
556,30,987.9,39.8,32.6,91.6,0.99,55.5
556,31,758.9,57.2,35.4,94.9,0.9,55.5
556,32,582.8,98.1,44.0,107.8,0.99,55.5
557,1,526.5,41.1,33.0,92.8,0.98,55.6
557,2,328.4,192.7,60.0,136.8,0.94,55.6
557,10,868.6,130.6,51.7,122.0,0.93,55.6
557,11,830.8,144.0,55.5,133.2,0.85,55.6
557,12,828.1,133.5,51.7,122.8,0.77,55.6
557,13,865.0,141.1,47.6,122.6,0.94,55.6
557,14,866.6,114.7,50.9,120.5,0.86,55.6
557,30,993.4,41.6,37.2,93.9,0.99,55.6
557,31,754.7,52.3,40.1,96.4,0.87,55.6
557,32,578.0,93.4,45.6,111.4,0.9,55.6
558,1,521.6,39.8,36.6,95.4,0.89,55.7
558,2,333.4,189.5,54.9,140.7,0.95,55.7
558,10,872.0,130.5,49.8,121.1,0.9,55.7
558,11,836.3,149.3,49.7,129.1,0.79,55.7
558,12,828.0,129.1,54.0,128.2,0.92,55.7
558,13,853.8,137.1,48.5,129.7,0.83,55.7
558,14,859.5,114.9,53.5,119.9,0.92,55.7
558,30,991.4,41.1,35.4,93.4,0.88,55.7
558,31,760.0,53.4,39.2,96.7,0.87,55.7
558,32,584.0,98.8,43.1,111.6,0.88,55.7
559,1,527.0,40.2,34.4,94.1,0.93,55.8
559,2,322.5,188.8,62.0,138.3,0.89,55.8
559,10,873.5,129.8,52.3,120.4,0.97,55.8
559,11,833.7,146.7,49.0,132.0,0.91,55.8
559,12,830.2,131.3,46.8,124.9,0.88,55.8
559,13,861.2,137.2,46.9,125.4,0.94,55.8
559,14,863.7,114.8,47.1,117.1,0.87,55.8
559,30,995.9,39.8,37.1,93.6,0.99,55.8
559,31,760.6,55.3,39.0,97.2,0.9,55.8
559,32,582.2,92.9,42.3,110.3,0.89,55.8
560,1,522.6,43.2,40.3,92.0,0.92,55.9
560,2,335.2,182.5,61.0,138.8,0.84,55.9
560,10,871.3,125.3,56.1,126.6,0.97,55.9
560,11,831.6,149.2,55.8,127.9,0.91,55.9
560,12,833.4,138.6,42.6,120.5,0.89,55.9
560,13,855.7,137.5,54.9,126.8,0.79,55.9
560,14,868.2,118.8,43.9,118.0,0.89,55.9
560,30,989.9,38.3,35.9,95.9,0.86,55.9
560,31,769.4,51.8,34.8,98.9,0.83,55.9
560,32,583.5,88.8,42.6,111.7,0.92,55.9
561,1,523.9,39.2,38.7,95.3,0.88,56.0
561,2,334.8,182.2,50.4,141.3,0.93,56.0
561,10,870.9,126.2,52.9,125.3,0.92,56.0
561,11,829.2,152.0,49.1,128.8,0.9,56.0
561,12,831.8,139.0,46.9,120.9,0.85,56.0
561,13,854.8,136.7,55.4,125.7,0.89,56.0
561,14,863.2,117.8,42.8,117.3,0.9,56.0
561,30,983.6,48.2,39.2,91.2,0.99,56.0
561,31,767.4,50.8,41.6,100.7,0.88,56.0
561,32,587.0,92.1,42.1,109.0,0.86,56.0
562,1,525.9,46.2,33.0,88.2,0.96,56.1
562,2,327.7,187.9,61.1,143.2,0.83,56.1
562,10,876.5,127.1,43.9,123.8,0.86,56.1
562,11,829.3,150.8,49.5,130.7,0.9,56.1
562,12,829.5,133.7,55.4,126.3,0.99,56.1
562,13,856.2,137.9,54.2,125.0,0.85,56.1
562,14,863.9,116.3,41.9,119.2,0.9,56.1
562,30,987.3,44.9,37.4,94.1,0.85,56.1
562,31,764.6,56.4,40.7,96.4,0.99,56.1
562,32,578.3,95.4,48.2,109.8,0.86,56.1
563,1,521.7,42.0,35.5,92.6,0.91,56.2
563,2,341.8,181.5,55.5,141.8,0.89,56.2
563,10,875.1,127.4,47.6,124.4,0.89,56.2
563,11,839.7,152.2,46.7,127.1,0.93,56.2
563,12,835.0,135.6,45.6,124.5,0.89,56.2
563,13,856.3,136.1,54.2,129.1,0.89,56.2
563,14,860.0,117.0,52.4,118.4,0.88,56.2
563,30,989.1,47.5,34.0,93.6,0.99,56.2
563,31,765.7,47.1,41.7,100.7,0.92,56.2
563,32,579.6,96.5,46.7,108.2,0.92,56.2
564,1,520.7,39.7,38.1,93.1,0.91,56.3
564,2,334.8,183.6,54.6,144.0,0.97,56.3
564,10,871.7,132.2,51.7,123.2,0.87,56.3
564,11,837.9,151.0,48.9,128.5,0.9,56.3
564,12,825.9,137.0,51.9,121.3,0.94,56.3
564,13,858.1,138.3,54.5,126.0,0.86,56.3
564,14,858.4,114.8,50.6,119.3,0.94,56.3
564,30,981.5,44.2,43.5,97.7,0.93,56.3
564,31,770.9,48.4,35.3,100.1,0.93,56.3
564,32,576.1,92.3,47.1,112.6,0.88,56.3
565,1,527.1,42.9,32.5,91.8,0.84,56.4
565,2,330.6,182.4,62.8,144.7,0.85,56.4
565,10,877.7,131.3,44.3,120.3,0.88,56.4
565,11,834.2,149.4,57.8,129.2,0.81,56.4
565,12,830.3,133.6,54.5,126.1,0.83,56.4
565,13,859.5,135.5,53.2,127.8,0.89,56.4
565,14,863.9,116.6,49.6,117.4,0.84,56.4
565,30,989.5,43.8,37.1,91.5,0.93,56.4
565,31,767.9,51.7,37.4,97.8,0.97,56.4
565,32,580.0,95.1,41.5,113.3,0.96,56.4
566,1,526.4,40.0,35.8,93.4,0.92,56.5
566,2,334.6,192.6,49.9,138.4,0.91,56.5
566,10,876.4,127.7,45.5,122.6,0.96,56.5
566,11,828.9,151.0,48.9,128.5,0.99,56.5
566,12,825.7,132.5,54.1,125.9,0.94,56.5
566,13,858.7,137.1,47.1,130.1,0.94,56.5
566,14,856.3,118.5,47.2,116.3,0.97,56.5
566,30,986.4,44.5,35.5,98.6,0.92,56.5
566,31,771.6,52.6,37.4,97.2,0.9,56.5
566,32,572.6,88.6,47.5,109.1,0.95,56.5
567,1,521.8,39.9,35.8,93.6,0.82,56.6
567,2,342.5,183.3,49.5,139.1,0.86,56.6
567,10,874.3,127.1,46.9,124.6,0.84,56.6
567,11,838.0,145.9,50.6,134.7,0.92,56.6
567,12,831.6,136.0,46.4,124.6,0.93,56.6
567,13,858.5,138.0,56.9,128.7,0.89,56.6
567,14,870.3,118.6,42.7,117.8,0.92,56.6
567,30,989.6,46.6,43.0,96.5,0.82,56.6
567,31,762.9,56.5,37.9,97.4,0.91,56.6
567,32,574.5,88.7,39.0,108.7,0.94,56.6
568,1,523.3,43.4,36.7,90.5,0.9,56.7
568,2,337.9,187.2,50.1,141.3,0.84,56.7
568,10,868.7,130.5,54.2,122.6,0.91,56.7
568,11,829.1,148.6,57.5,131.7,0.92,56.7
568,12,829.1,131.6,44.7,123.9,0.9,56.7
568,13,862.8,132.7,48.7,129.9,0.91,56.7
568,14,859.3,118.4,50.8,116.5,0.88,56.7
568,30,983.2,41.3,39.8,98.6,0.91,56.7
568,31,770.0,51.7,42.4,95.1,0.83,56.7
568,32,572.1,85.9,43.9,112.5,0.85,56.7
569,1,523.0,41.2,41.4,92.1,0.89,56.8
569,2,331.1,187.1,59.7,142.1,0.91,56.8
569,10,870.4,128.5,54.3,123.1,0.94,56.8
569,11,835.0,147.7,53.1,131.7,0.93,56.8
569,12,827.7,133.1,45.4,124.2,0.87,56.8
569,13,851.7,136.6,54.7,124.6,0.95,56.8
569,14,861.3,114.3,52.4,117.4,0.93,56.8
569,30,985.1,47.5,42.4,94.5,0.92,56.8
569,31,765.0,54.4,39.7,96.0,0.95,56.8
569,32,574.0,90.1,40.2,114.1,0.91,56.8
570,1,522.6,41.4,40.2,91.2,0.91,56.9
570,2,336.2,182.2,52.1,144.1,0.9,56.9
570,10,872.5,133.7,50.2,124.4,0.85,56.9
570,11,843.1,150.6,45.0,127.8,0.87,56.9
570,12,836.2,133.8,47.7,122.9,0.85,56.9
570,13,861.1,138.0,50.1,125.3,0.93,56.9
570,14,861.9,119.3,44.2,116.4,0.81,56.9
570,30,984.6,47.1,36.4,96.3,0.89,56.9
570,31,764.2,50.4,44.0,99.3,0.82,56.9
570,32,575.7,90.5,46.3,109.1,0.84,56.9
571,1,523.7,39.7,37.2,94.1,0.87,57.0
571,2,335.8,184.3,60.1,135.2,0.94,57.0
571,10,869.9,121.1,54.3,127.2,0.91,57.0
571,11,832.8,153.2,57.5,127.9,0.88,57.0
571,12,831.7,133.9,46.5,124.0,0.95,57.0
571,13,860.8,136.1,45.7,122.5,0.9,57.0
571,14,867.5,110.3,44.3,123.7,0.96,57.0
571,30,985.2,48.9,45.0,100.4,0.96,57.0
571,31,776.4,50.9,36.6,94.7,0.96,57.0
571,32,570.0,97.5,42.1,109.3,0.86,57.0
572,1,522.7,40.4,35.3,93.3,0.9,57.1
572,2,338.7,185.8,48.7,137.8,0.92,57.1
572,10,872.8,129.2,44.3,124.6,0.9,57.1
572,11,832.9,149.5,49.0,129.1,0.93,57.1
572,12,828.7,132.6,51.3,125.0,0.86,57.1
572,13,860.4,134.2,48.5,127.2,0.87,57.1
572,14,868.5,116.1,42.0,117.3,0.9,57.1
572,30,985.5,48.6,43.3,96.9,0.93,57.1
572,31,769.3,47.5,39.9,98.4,0.84,57.1
572,32,572.1,88.9,48.8,112.2,0.91,57.1
573,1,522.3,41.2,38.1,92.4,0.87,57.2
573,2,325.1,184.6,61.2,145.5,0.87,57.2
573,10,878.1,128.2,47.5,122.7,0.92,57.2
573,11,837.5,149.4,48.1,130.3,0.85,57.2
573,12,832.7,126.4,46.0,128.8,0.99,57.2
573,13,857.9,139.7,50.2,125.6,0.96,57.2
573,14,853.2,118.0,49.7,118.5,0.94,57.2
573,30,982.9,49.8,35.2,98.4,0.84,57.2
573,31,767.6,47.6,43.1,99.7,0.84,57.2
573,32,570.3,91.3,48.4,108.1,0.97,57.2
574,1,524.2,42.5,40.8,91.3,0.86,57.3
574,2,339.0,184.1,50.3,141.2,0.89,57.3
574,10,878.8,133.5,45.9,120.1,0.94,57.3
574,11,831.3,145.3,57.3,130.8,0.88,57.3
574,12,829.7,129.7,49.5,128.6,0.97,57.3
574,13,857.3,139.6,49.7,122.2,0.92,57.3
574,14,865.9,118.4,42.6,117.9,0.84,57.3
574,30,987.1,50.6,44.0,99.1,0.85,57.3
574,31,773.8,50.7,41.5,97.5,0.87,57.3
574,32,575.9,88.7,49.7,110.5,0.92,57.3
575,1,523.8,40.7,36.8,90.8,0.93,57.4
575,2,329.8,182.7,60.4,143.7,0.91,57.4
575,10,872.6,127.5,51.1,124.2,0.86,57.4
575,11,835.0,150.4,51.3,129.6,0.87,57.4
575,12,834.6,135.1,44.6,124.3,0.93,57.4
575,13,861.3,139.4,47.7,125.9,0.92,57.4
575,14,863.6,121.0,47.7,114.2,0.9,57.4
575,30,981.2,48.8,44.0,98.1,0.89,57.4
575,31,770.4,51.1,41.7,97.0,0.87,57.4
575,32,574.0,88.9,41.0,105.9,0.89,57.4
576,1,522.0,42.0,36.0,91.6,0.81,57.5
576,2,342.4,181.2,50.1,141.6,0.94,57.5
576,10,870.7,127.7,56.8,126.3,0.94,57.5
576,11,834.1,151.3,49.5,128.9,0.93,57.5
576,12,832.4,135.1,46.3,122.4,0.85,57.5
576,13,861.5,140.7,44.6,125.8,0.94,57.5
576,14,864.3,118.2,41.9,116.3,0.9,57.5
576,30,987.1,55.8,33.9,96.1,0.88,57.5
576,31,771.2,51.0,40.9,96.9,0.95,57.5
576,32,569.5,88.1,40.5,109.5,0.91,57.5
577,1,518.9,42.7,41.2,92.9,0.94,57.6
577,2,330.7,185.8,61.1,142.3,0.91,57.6
577,10,875.4,126.1,48.2,124.8,0.95,57.6
577,11,830.6,147.9,54.9,130.4,0.96,57.6
577,12,832.8,131.3,47.5,124.2,0.92,57.6
577,13,859.1,137.5,45.0,123.3,0.77,57.6
577,14,859.8,116.9,50.0,117.3,0.88,57.6
577,30,981.5,51.3,42.6,98.2,0.96,57.6
577,31,771.2,54.8,38.6,94.6,0.95,57.6
577,32,573.4,86.3,40.2,110.2,0.79,57.6
578,1,521.0,43.1,38.9,92.5,0.82,57.7
578,2,327.4,183.2,57.6,142.1,0.87,57.7
578,10,871.5,131.0,53.6,125.1,0.95,57.7
578,11,833.9,145.0,49.0,133.5,0.93,57.7
578,12,829.9,133.1,46.7,123.4,0.83,57.7
578,13,859.0,139.2,43.9,121.2,0.88,57.7
578,14,859.5,114.0,44.3,118.7,0.89,57.7
578,30,979.6,59.3,41.8,98.0,0.85,57.7
578,31,777.8,48.8,34.4,97.8,0.81,57.7
578,32,570.5,87.3,41.0,109.4,0.92,57.7
579,1,522.3,43.0,38.2,91.0,0.98,57.8
579,2,331.9,181.3,59.7,143.7,0.85,57.8
579,10,877.7,132.6,42.9,121.3,0.84,57.8
579,11,839.3,151.9,50.0,129.3,0.87,57.8
579,12,829.9,134.9,43.6,122.7,0.94,57.8
579,13,862.2,138.0,46.5,123.7,0.88,57.8
579,14,862.6,114.2,45.6,116.5,0.81,57.8
579,30,977.2,52.1,41.3,97.1,0.85,57.8
579,31,783.9,47.4,33.2,94.2,0.89,57.8
579,32,562.5,86.1,48.2,108.7,0.93,57.8
580,1,522.3,39.5,37.8,94.5,0.82,57.9
580,2,333.1,183.9,56.0,141.8,0.87,57.9
580,10,877.9,127.6,43.8,125.1,0.91,57.9
580,11,829.5,155.7,54.0,128.0,0.84,57.9
580,12,831.4,130.6,51.8,124.6,0.9,57.9
580,13,855.9,140.3,50.9,124.1,0.8,57.9
580,14,858.9,115.9,44.5,118.5,0.89,57.9
580,30,982.9,52.8,37.3,99.1,0.91,57.9
580,31,781.6,45.0,40.2,98.0,0.93,57.9
580,32,566.5,88.0,43.2,109.9,0.85,57.9
581,1,525.4,38.5,40.4,92.7,0.8,58.0
581,2,340.9,181.2,59.1,143.0,0.91,58.0
581,10,872.3,130.5,53.0,123.5,0.87,58.0
581,11,833.7,148.7,48.4,130.7,0.96,58.0
581,12,831.6,133.2,48.4,122.3,0.87,58.0
581,13,864.0,137.8,45.4,127.9,0.95,58.0
581,14,860.9,111.9,49.1,122.4,0.89,58.0
581,30,985.0,54.5,39.6,101.4,0.94,58.0
581,31,779.4,47.9,38.6,94.6,0.87,58.0
581,32,564.2,85.9,48.1,109.0,0.92,58.0
582,1,518.0,39.8,40.4,93.6,0.84,58.1
582,2,335.8,194.6,50.3,136.8,0.92,58.1
582,10,875.1,130.7,50.2,121.9,0.87,58.1
582,11,836.7,143.9,49.0,131.3,0.96,58.1
582,12,824.6,134.8,55.3,126.0,0.93,58.1
582,13,863.7,137.2,46.1,124.6,0.89,58.1
582,14,857.8,117.4,44.9,120.5,0.91,58.1
582,30,976.6,51.3,38.6,101.0,0.89,58.1
582,31,786.7,50.9,39.2,90.0,0.78,58.1
582,32,564.6,90.9,45.2,105.1,0.93,58.1
583,1,522.7,41.0,36.5,93.9,0.95,58.2
583,2,329.9,187.2,57.0,143.6,0.89,58.2
583,10,872.1,131.9,49.5,121.1,0.93,58.2
583,11,832.6,148.6,51.6,129.6,0.94,58.2
583,12,828.2,131.8,48.4,122.3,0.97,58.2
583,13,863.2,138.4,44.3,126.3,0.88,58.2
583,14,860.1,119.5,44.6,113.9,0.86,58.2
583,30,978.2,59.7,38.4,97.3,0.82,58.2
583,31,785.2,47.2,35.6,94.7,0.82,58.2
583,32,559.9,86.2,45.7,110.6,0.79,58.2
584,1,523.2,39.9,38.1,93.7,0.9,58.3
584,2,328.7,188.3,63.5,142.3,0.89,58.3
584,10,874.8,131.3,46.9,120.3,0.99,58.3
584,11,835.3,151.9,48.1,128.2,0.89,58.3
584,12,832.3,130.9,45.9,126.3,0.88,58.3
584,13,860.5,140.5,46.1,123.6,0.98,58.3
584,14,859.9,121.9,45.8,115.5,0.97,58.3
584,30,982.0,54.8,38.3,100.1,0.91,58.3
584,31,784.7,53.4,41.6,95.5,0.89,58.3
584,32,570.2,85.4,45.4,110.2,0.86,58.3
585,1,522.7,41.7,39.5,93.6,0.85,58.4
585,2,334.5,187.0,62.5,139.0,0.85,58.4
585,10,878.8,128.7,51.7,120.3,0.91,58.4
585,11,829.9,149.8,57.7,129.3,0.92,58.4
585,12,827.3,129.8,58.0,130.8,0.94,58.4
585,13,857.2,133.6,49.1,129.0,0.86,58.4
585,14,862.9,117.3,47.5,116.7,0.91,58.4
585,30,980.5,58.1,38.5,95.7,0.97,58.4
585,31,783.4,49.2,35.0,94.1,0.91,58.4
585,32,555.5,90.9,45.7,109.2,0.94,58.4
586,1,519.6,35.8,42.9,99.4,0.92,58.5
586,2,333.3,179.3,62.6,143.8,0.91,58.5
586,10,877.8,125.6,45.6,124.8,0.88,58.5
586,11,835.3,152.7,52.5,127.2,0.88,58.5
586,12,828.8,130.9,48.4,124.5,0.91,58.5
586,13,859.6,141.2,52.1,125.6,0.9,58.5
586,14,859.5,118.2,49.9,117.0,0.86,58.5
586,30,977.5,54.5,36.9,99.8,0.99,58.5
586,31,783.0,45.7,38.9,99.5,0.99,58.5
586,32,567.6,87.4,40.4,112.0,0.82,58.5
587,1,521.0,39.0,42.1,94.4,0.94,58.6
587,2,334.5,186.9,56.3,140.9,0.95,58.6
587,10,875.5,132.7,46.7,124.4,0.9,58.6
587,11,836.0,151.2,45.9,128.4,0.74,58.6
587,12,831.9,134.8,53.4,123.6,0.92,58.6
587,13,861.3,140.8,52.5,124.3,0.9,58.6
587,14,859.4,117.5,46.7,118.1,0.94,58.6
587,30,978.1,58.4,42.5,100.4,0.84,58.6
587,31,785.5,48.4,36.5,96.1,0.99,58.6
587,32,563.5,85.6,42.1,107.3,0.9,58.6
588,1,522.2,43.9,40.4,90.3,0.88,58.7
588,2,338.1,187.3,52.9,136.7,0.9,58.7
588,10,874.4,130.7,43.2,120.1,0.95,58.7
588,11,839.3,151.4,48.2,128.2,0.87,58.7
588,12,828.1,126.2,57.4,129.2,0.93,58.7
588,13,863.8,144.8,42.3,118.8,0.89,58.7
588,14,858.5,114.5,51.8,121.4,0.9,58.7
588,30,973.8,59.7,42.8,100.7,0.89,58.7
588,31,785.6,54.3,36.4,93.2,0.82,58.7
588,32,555.2,87.7,47.0,110.2,0.88,58.7
589,1,521.0,41.7,38.7,94.2,0.93,58.8
589,2,335.0,185.6,53.1,142.5,0.81,58.8
589,10,875.5,129.9,45.6,120.5,0.89,58.8
589,11,834.5,145.7,46.4,129.6,0.93,58.8
589,12,834.7,132.4,45.5,125.7,0.92,58.8
589,13,856.5,138.5,49.4,123.7,0.95,58.8
589,14,862.8,114.0,47.9,119.7,0.99,58.8
589,30,981.8,58.4,39.2,99.1,0.92,58.8
589,31,780.6,50.7,36.8,92.0,0.93,58.8
589,32,568.7,84.2,41.5,107.4,0.86,58.8
590,1,518.2,40.7,39.2,91.8,0.89,58.9
590,2,343.1,183.7,53.1,139.1,0.86,58.9
590,10,875.6,130.6,49.6,120.4,0.87,58.9
590,11,826.3,146.7,58.1,131.6,0.85,58.9
590,12,829.1,127.8,52.4,127.5,0.89,58.9
590,13,854.6,136.6,56.5,128.4,0.84,58.9
590,14,857.4,118.5,47.0,116.0,0.89,58.9
590,30,977.6,59.0,38.6,103.4,0.99,58.9
590,31,786.9,48.6,41.0,92.6,0.94,58.9
590,32,550.8,85.7,43.4,108.4,0.93,58.9
591,1,521.8,36.5,35.1,97.3,0.9,59.0
591,2,332.1,182.6,58.5,143.5,0.92,59.0
591,10,874.8,127.8,50.0,121.7,0.91,59.0
591,11,831.3,147.7,54.5,130.4,0.88,59.0
591,12,832.0,138.6,46.0,121.1,0.94,59.0
591,13,861.1,140.6,51.9,124.7,0.82,59.0
591,14,860.5,118.5,43.4,116.5,0.99,59.0
591,30,975.5,60.7,42.7,97.7,0.88,59.0
591,31,791.2,44.9,36.3,96.2,0.96,59.0
591,32,559.2,84.3,38.6,107.3,0.96,59.0
592,1,523.2,39.2,36.7,93.2,0.96,59.1
592,2,339.0,185.9,57.7,142.4,0.89,59.1
592,10,866.3,126.5,55.4,125.3,0.89,59.1
592,11,831.4,150.1,56.6,127.9,0.83,59.1
592,12,826.7,133.2,51.2,121.7,0.86,59.1
592,13,862.5,135.2,50.2,128.8,0.93,59.1
592,14,858.7,115.7,52.5,118.0,0.88,59.1
592,30,975.7,60.0,39.4,101.6,0.89,59.1
592,31,787.8,43.0,44.2,98.6,0.92,59.1
592,32,558.8,86.8,40.6,107.6,0.96,59.1
593,1,519.8,40.5,40.2,92.6,0.95,59.2
593,2,332.1,181.5,57.2,142.6,0.92,59.2
593,10,868.7,135.0,51.8,120.1,0.91,59.2
593,11,833.8,152.6,45.4,128.0,0.92,59.2
593,12,831.7,132.4,43.3,123.2,0.98,59.2
593,13,857.5,141.4,49.7,122.4,0.8,59.2
593,14,860.5,118.4,44.2,118.6,0.84,59.2
593,30,976.7,59.6,39.0,103.8,0.91,59.2
593,31,796.2,40.7,40.7,92.8,0.82,59.2
593,32,557.0,86.2,39.3,107.0,0.96,59.2
594,1,528.0,43.3,32.7,93.0,0.82,59.3
594,2,335.2,186.0,53.4,138.0,0.92,59.3
594,10,866.9,126.7,55.3,123.4,0.86,59.3
594,11,835.6,147.2,53.1,129.7,0.85,59.3
594,12,827.5,135.5,54.6,122.9,0.94,59.3
594,13,858.8,136.9,48.4,128.3,0.93,59.3
594,14,860.6,115.7,47.9,123.5,0.9,59.3
594,30,983.6,62.1,36.7,101.8,0.93,59.3
594,31,799.6,50.8,34.4,95.5,0.97,59.3
594,32,561.8,78.2,38.4,107.9,0.92,59.3
595,1,520.6,38.9,39.9,94.9,0.94,59.4
595,2,342.6,179.3,60.3,140.9,0.87,59.4
595,10,874.6,133.9,49.1,117.0,0.92,59.4
595,11,836.1,148.4,46.6,126.9,0.86,59.4
595,12,828.4,131.2,55.2,125.3,0.94,59.4
595,13,859.1,137.6,49.5,126.0,0.88,59.4
595,14,861.3,118.2,48.7,117.2,0.82,59.4
595,30,969.3,61.3,41.7,104.6,0.92,59.4
595,31,787.8,47.3,35.9,92.7,0.9,59.4
595,32,559.5,83.6,42.7,107.2,0.91,59.4
596,1,520.5,36.1,39.3,95.9,0.91,59.5
596,2,333.6,178.7,54.2,143.5,0.92,59.5
596,10,871.8,132.0,45.8,124.1,0.83,59.5
596,11,826.4,149.7,57.6,128.3,0.91,59.5
596,12,830.2,134.3,50.6,123.3,0.89,59.5
596,13,859.8,137.2,53.3,125.2,0.92,59.5
596,14,861.5,118.1,48.2,117.3,0.96,59.5
596,30,981.5,64.6,40.8,101.3,0.94,59.5
596,31,798.4,48.7,37.5,92.9,0.93,59.5
596,32,549.1,79.9,49.4,109.9,0.95,59.5
597,1,521.4,41.7,40.1,91.4,0.94,59.6
597,2,334.1,183.7,61.9,142.8,0.88,59.6
597,10,869.9,129.5,51.9,122.2,0.93,59.6
597,11,834.5,145.1,54.0,132.5,0.95,59.6
597,12,827.6,134.4,46.4,124.2,0.87,59.6
597,13,858.8,135.0,56.5,126.2,0.98,59.6
597,14,864.3,120.9,47.4,115.9,0.8,59.6
597,30,970.8,62.3,46.0,104.2,0.98,59.6
597,31,802.4,45.2,33.6,94.8,0.89,59.6
597,32,554.5,82.0,46.3,109.4,0.82,59.6
598,1,524.4,39.1,34.8,93.3,0.83,59.7
598,2,338.7,187.5,52.0,140.7,0.98,59.7
598,10,871.4,130.9,52.5,122.5,0.86,59.7
598,11,832.8,149.6,47.8,129.7,0.86,59.7
598,12,826.2,131.0,53.5,124.5,0.99,59.7
598,13,860.2,141.3,50.7,122.4,0.88,59.7
598,14,859.5,119.1,43.8,117.3,0.95,59.7
598,30,978.2,68.3,37.9,99.0,0.86,59.7
598,31,786.5,44.9,41.2,97.2,0.94,59.7
598,32,555.5,83.7,45.4,108.5,0.98,59.7
599,1,521.6,43.6,36.2,90.9,0.99,59.8
599,2,329.2,185.4,55.7,142.9,0.99,59.8
599,10,873.7,127.3,50.9,123.1,0.91,59.8
599,11,833.0,150.1,51.7,127.5,0.92,59.8
599,12,833.0,127.5,45.5,128.7,0.93,59.8
599,13,861.8,133.3,49.9,127.8,0.92,59.8
599,14,865.0,116.6,43.3,118.3,0.91,59.8
599,30,970.9,66.8,36.5,100.6,0.88,59.8
599,31,799.8,48.5,34.6,93.5,0.82,59.8
599,32,551.7,78.0,45.4,104.5,0.88,59.8
600,1,520.4,38.4,42.0,96.4,0.97,59.9
600,2,337.3,184.4,51.5,142.3,0.89,59.9
600,10,870.3,128.3,54.2,123.3,0.85,59.9
600,11,836.4,145.2,54.2,133.3,0.88,59.9
600,12,828.8,132.4,54.5,124.2,0.91,59.9
600,13,856.1,143.8,50.0,121.7,0.99,59.9
600,14,866.6,119.4,45.7,118.6,0.87,59.9
600,30,973.0,74.2,43.0,97.1,0.94,59.9
600,31,790.1,40.4,42.1,94.9,0.95,59.9
600,32,552.1,83.2,45.1,108.9,0.9,59.9
601,1,519.9,39.7,36.8,95.7,0.88,60.0
601,2,335.5,185.4,50.8,139.2,0.88,60.0
601,10,875.9,128.7,47.8,121.0,0.99,60.0
601,11,834.5,150.5,48.8,127.8,0.9,60.0
601,12,827.0,134.6,54.4,124.7,0.91,60.0
601,13,858.2,137.7,51.3,126.0,0.91,60.0
601,14,863.4,114.4,48.2,119.3,0.87,60.0
601,30,973.4,67.9,37.2,102.2,0.88,60.0
601,31,796.7,45.7,40.1,95.5,0.86,60.0
601,32,549.1,83.2,47.3,108.6,0.89,60.0
602,1,518.6,39.1,41.3,96.0,0.83,60.1
602,2,337.5,187.2,54.0,140.8,0.98,60.1
602,10,880.7,130.5,44.2,119.9,0.9,60.1
602,11,832.1,151.2,55.3,130.4,0.9,60.1
602,12,834.7,132.7,43.7,124.1,0.9,60.1
602,13,861.3,141.5,43.9,124.3,0.83,60.1
602,14,859.0,116.8,47.3,119.4,0.91,60.1
602,30,973.3,70.7,40.7,99.0,0.94,60.1
602,31,805.1,41.8,36.7,93.9,0.89,60.1
602,32,549.2,79.7,42.0,108.9,0.88,60.1
603,1,522.2,38.3,38.9,94.4,0.89,60.2
603,2,332.6,182.9,55.2,141.8,0.94,60.2
603,10,874.0,127.9,47.9,121.8,0.88,60.2
603,11,840.5,150.5,44.5,126.9,0.96,60.2
603,12,832.3,131.8,48.6,123.0,0.93,60.2
603,13,860.4,139.9,50.1,124.5,0.96,60.2
603,14,863.3,113.0,50.2,117.9,0.84,60.2
603,30,969.9,68.3,47.0,105.6,0.92,60.2
603,31,798.3,46.8,36.9,97.5,0.87,60.2
603,32,543.7,79.6,49.9,111.6,0.88,60.2
604,1,521.0,38.8,38.4,96.0,0.88,60.3
604,2,335.6,183.6,51.2,142.4,0.93,60.3
604,10,868.3,128.2,53.2,122.1,0.99,60.3
604,11,834.0,149.2,54.6,131.0,0.87,60.3
604,12,835.5,127.7,49.4,126.3,0.89,60.3
604,13,859.2,137.9,45.5,127.2,0.9,60.3
604,14,862.4,111.9,50.9,122.3,0.82,60.3
604,30,965.6,69.3,47.0,105.2,0.86,60.3
604,31,799.4,41.4,36.3,97.2,0.86,60.3
604,32,545.4,84.8,42.3,109.9,0.93,60.3
605,1,520.7,38.9,42.6,95.3,0.97,60.4
605,2,338.3,185.9,56.3,142.3,0.94,60.4
605,10,867.5,125.6,56.4,125.6,0.89,60.4
605,11,834.6,149.0,52.9,129.8,0.92,60.4
605,12,828.0,130.5,54.4,125.1,0.99,60.4
605,13,854.6,135.4,55.6,127.3,0.86,60.4
605,14,859.1,117.6,44.1,118.1,0.94,60.4
605,30,965.8,68.3,45.4,103.4,0.89,60.4
605,31,800.6,45.1,36.3,92.7,0.92,60.4
605,32,546.5,82.6,44.5,108.1,0.91,60.4
606,1,523.9,39.9,38.1,95.6,0.94,60.5
606,2,332.2,185.1,60.9,142.1,0.98,60.5
606,10,869.5,130.3,52.4,123.1,0.9,60.5
606,11,832.0,151.0,52.2,130.1,0.83,60.5
606,12,829.5,130.9,49.4,124.4,0.86,60.5
606,13,853.7,137.0,55.6,126.8,0.9,60.5
606,14,864.4,115.6,45.9,118.5,0.86,60.5
606,30,967.3,72.0,46.7,107.1,0.78,60.5
606,31,798.5,45.2,39.8,89.2,0.87,60.5
606,32,546.5,85.8,42.1,106.0,0.85,60.5
607,1,519.9,41.0,40.2,94.4,0.89,60.6
607,2,344.9,180.3,57.5,138.8,0.92,60.6
607,10,873.3,127.4,45.6,122.9,0.95,60.6
607,11,835.5,153.2,50.8,129.1,0.94,60.6
607,12,830.7,136.1,44.8,122.4,0.92,60.6
607,13,863.3,138.7,48.1,125.8,0.97,60.6
607,14,857.3,119.1,51.2,118.9,0.95,60.6
607,30,966.3,71.9,39.0,103.3,0.96,60.6
607,31,803.7,43.9,34.5,90.8,0.91,60.6
607,32,556.1,79.0,38.3,107.7,0.89,60.6
608,1,525.0,45.0,36.2,91.8,0.89,60.7
608,2,336.2,186.6,61.2,140.6,0.88,60.7
608,10,870.7,130.0,52.7,123.9,0.84,60.7
608,11,834.7,148.9,48.6,129.9,0.93,60.7
608,12,825.4,132.9,53.4,125.2,0.87,60.7
608,13,857.4,139.5,52.7,124.8,0.86,60.7
608,14,859.7,116.0,48.1,120.9,0.89,60.7
608,30,972.4,78.2,39.6,102.2,0.85,60.7
608,31,802.9,43.7,37.8,93.3,0.83,60.7
608,32,546.6,86.7,45.0,104.2,0.93,60.7
609,1,519.0,39.5,40.5,93.8,0.9,60.8
609,2,337.3,181.4,60.5,139.1,0.87,60.8
609,10,876.2,128.7,44.4,123.1,0.87,60.8
609,11,824.6,147.3,55.9,128.5,0.97,60.8
609,12,830.7,134.5,51.7,120.9,0.84,60.8
609,13,857.1,139.9,55.8,124.3,0.95,60.8
609,14,859.0,116.2,45.5,119.4,0.82,60.8
609,30,979.1,71.0,38.3,105.9,0.81,60.8
609,31,809.4,40.8,41.8,93.0,0.97,60.8
609,32,548.5,75.8,44.6,108.6,0.9,60.8
610,1,526.9,37.8,34.1,95.3,0.89,60.9
610,2,346.4,179.8,50.9,140.6,0.93,60.9
610,10,870.1,128.5,48.7,121.3,0.99,60.9
610,11,828.3,146.0,58.6,130.7,0.99,60.9
610,12,832.5,134.6,47.5,121.2,0.92,60.9
610,13,860.7,138.5,49.0,123.4,0.83,60.9
610,14,863.7,119.8,44.9,116.5,0.84,60.9
610,30,969.6,74.3,46.9,104.4,0.85,60.9
610,31,804.1,37.9,34.4,97.3,0.84,60.9
610,32,546.5,81.4,45.2,103.2,0.89,60.9
611,1,520.4,39.2,36.9,94.7,0.97,61.0
611,2,338.5,188.2,55.2,135.8,0.87,61.0
611,10,871.7,129.8,46.5,124.8,0.93,61.0
611,11,835.3,149.7,50.5,126.5,0.76,61.0
611,12,825.5,126.5,53.8,127.5,0.97,61.0
611,13,857.6,135.2,54.9,125.4,0.94,61.0
611,14,862.7,114.7,51.9,118.4,0.89,61.0
611,30,968.2,75.3,44.7,105.4,0.9,61.0
611,31,803.8,36.5,38.1,94.4,0.99,61.0
611,32,547.1,73.4,43.3,110.7,0.95,61.0
612,1,521.2,39.5,40.8,94.9,0.91,61.1
612,2,343.8,180.7,53.1,141.4,0.89,61.1
612,10,876.6,125.4,45.0,124.8,0.86,61.1
612,11,830.7,146.7,53.2,131.3,0.9,61.1
612,12,834.2,131.6,44.6,125.6,0.99,61.1
612,13,862.8,135.4,46.7,126.5,0.82,61.1
612,14,865.5,114.7,41.8,117.4,0.9,61.1
612,30,964.9,74.6,39.6,106.2,0.87,61.1
612,31,811.1,36.7,37.8,97.9,0.96,61.1
612,32,551.1,73.7,37.8,107.3,0.91,61.1
613,1,519.3,37.0,41.4,96.7,0.92,61.2
613,2,339.7,183.5,49.4,140.9,0.97,61.2
613,10,872.5,129.3,48.0,121.0,0.9,61.2
613,11,839.1,150.7,44.6,127.0,0.91,61.2
613,12,832.5,134.1,46.2,121.2,0.88,61.2
613,13,863.0,135.6,49.2,123.5,0.87,61.2
613,14,860.0,116.5,43.9,117.2,0.88,61.2
613,30,970.3,77.9,42.0,101.5,0.86,61.2
613,31,811.7,37.6,32.8,91.9,0.94,61.2
613,32,542.6,77.6,40.4,105.9,0.86,61.2
614,1,522.0,39.0,36.2,94.5,0.93,61.3
614,2,334.7,188.3,63.9,142.7,0.95,61.3
614,10,870.9,129.2,49.7,123.6,0.87,61.3
614,11,833.1,147.9,53.0,131.4,0.93,61.3
614,12,827.9,129.8,53.3,125.6,0.94,61.3
614,13,867.2,138.8,43.2,121.9,0.87,61.3
614,14,864.8,118.3,42.6,119.6,0.92,61.3
614,30,969.5,73.1,42.2,104.9,0.97,61.3
614,31,809.4,36.4,33.7,94.1,0.87,61.3
614,32,546.3,76.6,40.2,104.4,0.87,61.3
615,1,528.4,43.9,32.2,90.9,0.95,61.4
615,2,335.7,182.4,51.2,142.6,0.96,61.4
615,10,873.7,128.7,47.0,127.2,0.93,61.4
615,11,832.6,150.7,56.1,129.9,0.93,61.4
615,12,825.9,131.0,50.0,125.2,0.93,61.4
615,13,856.3,136.5,51.4,128.3,0.89,61.4
615,14,865.6,116.8,47.7,117.1,0.93,61.4
615,30,967.9,75.8,44.8,111.5,0.88,61.4
615,31,810.1,42.3,37.5,91.6,0.86,61.4
615,32,537.8,80.7,45.4,106.4,0.92,61.4
616,1,524.0,39.7,37.1,94.2,0.92,61.5
616,2,332.3,186.3,58.9,140.9,0.85,61.5
616,10,878.4,129.7,45.0,124.6,0.86,61.5
616,11,833.4,148.9,50.1,126.5,0.96,61.5
616,12,832.3,130.4,48.1,125.6,0.98,61.5
616,13,858.3,134.9,55.9,128.6,0.97,61.5
616,14,860.6,118.1,50.5,118.3,0.96,61.5
616,30,966.5,77.2,42.7,104.7,0.92,61.5
616,31,812.5,35.0,35.7,96.6,0.88,61.5
616,32,549.6,73.5,40.8,104.0,0.92,61.5
617,1,522.1,40.4,37.3,93.3,0.93,61.6
617,2,335.1,183.8,60.4,138.1,0.85,61.6
617,10,874.0,129.6,50.6,121.4,0.88,61.6
617,11,834.1,148.2,47.6,130.6,0.98,61.6
617,12,832.7,130.5,53.1,123.4,0.86,61.6
617,13,863.6,138.2,46.7,124.4,0.91,61.6
617,14,864.3,117.7,45.2,116.6,0.96,61.6
617,30,962.9,81.0,41.5,105.7,0.85,61.6
617,31,810.0,39.8,35.4,92.8,0.82,61.6
617,32,538.5,79.2,42.5,108.5,0.85,61.6
618,1,520.8,41.2,32.2,91.8,0.88,61.7
618,2,335.0,180.4,61.1,143.2,0.88,61.7
618,10,872.4,128.5,53.4,122.6,0.99,61.7
618,11,831.9,151.3,54.5,126.1,0.88,61.7
618,12,830.8,134.1,45.3,122.1,0.86,61.7
618,13,857.5,138.5,52.8,125.0,0.88,61.7
618,14,858.8,114.8,53.0,119.6,0.96,61.7
618,30,969.7,80.6,44.0,105.6,0.89,61.7
618,31,815.2,36.6,35.1,94.6,0.99,61.7
618,32,540.4,79.5,46.3,105.3,0.96,61.7
619,1,522.2,42.1,33.2,89.8,0.98,61.8
619,2,341.6,184.0,52.6,141.2,0.9,61.8
619,10,875.1,129.3,53.1,123.3,0.87,61.8
619,11,832.2,146.9,57.9,131.9,0.84,61.8
619,12,832.9,127.9,45.7,124.3,0.96,61.8
619,13,858.3,137.3,50.4,123.1,0.88,61.8
619,14,857.4,111.2,54.4,122.9,0.86,61.8
619,30,967.1,80.4,36.9,101.7,0.86,61.8
619,31,810.3,37.9,37.8,92.4,0.92,61.8
619,32,543.1,74.2,44.0,106.6,0.99,61.8
620,1,519.7,41.4,36.3,94.8,0.82,61.9
620,2,341.1,181.9,57.8,137.8,0.95,61.9
620,10,872.1,130.4,52.6,121.7,0.8,61.9
620,11,827.6,149.5,57.2,128.5,0.89,61.9
620,12,829.7,135.6,53.7,120.8,0.9,61.9
620,13,857.6,135.7,54.3,128.3,0.92,61.9
620,14,857.8,113.8,53.9,120.1,0.86,61.9
620,30,965.4,77.4,44.8,109.0,0.79,61.9
620,31,813.2,43.2,35.6,87.8,0.89,61.9
620,32,539.8,78.3,43.4,106.0,0.96,61.9
621,1,520.6,42.4,38.5,93.8,0.89,62.0
621,2,344.0,182.1,52.9,141.4,0.94,62.0
621,10,878.1,126.2,47.3,122.8,0.88,62.0
621,11,839.4,151.3,47.3,128.8,0.93,62.0
621,12,823.1,133.0,54.0,122.7,0.95,62.0
621,13,860.6,136.5,53.5,125.1,0.93,62.0
621,14,860.7,116.3,43.4,120.0,0.91,62.0
621,30,962.1,83.8,47.1,110.1,0.83,62.0
621,31,811.2,40.6,38.2,90.1,0.98,62.0
621,32,537.7,73.9,47.3,107.7,0.91,62.0
622,1,523.2,39.1,35.3,96.5,0.92,62.1
622,2,347.4,181.1,51.6,140.3,0.94,62.1
622,10,879.7,129.8,44.7,121.6,0.9,62.1
622,11,831.2,144.0,59.4,132.7,0.99,62.1
622,12,829.6,129.8,47.1,125.2,0.84,62.1
622,13,856.6,139.8,53.5,126.9,0.81,62.1
622,14,860.8,116.8,50.9,121.4,0.99,62.1
622,30,960.3,77.5,39.0,108.2,0.96,62.1
622,31,821.2,37.6,35.7,93.0,0.86,62.1
622,32,540.4,74.4,41.1,104.8,0.86,62.1
623,1,520.0,44.1,37.6,91.2,0.88,62.2
623,2,332.8,183.1,59.5,140.6,0.99,62.2
623,10,868.4,132.9,51.8,117.5,0.9,62.2
623,11,829.7,147.7,54.0,129.8,0.88,62.2
623,12,829.8,134.7,44.1,122.0,0.84,62.2
623,13,862.3,136.0,46.4,129.3,0.91,62.2
623,14,860.6,114.9,50.5,119.0,0.86,62.2
623,30,964.9,83.8,44.6,106.2,0.99,62.2
623,31,812.6,37.0,38.5,88.8,0.78,62.2
623,32,543.0,74.1,40.1,104.0,0.93,62.2
624,1,521.5,38.7,41.3,95.2,0.91,62.3
624,2,345.1,183.0,54.7,141.0,0.88,62.3
624,10,866.9,132.6,53.7,120.6,0.87,62.3
624,11,835.1,148.8,47.3,129.6,0.85,62.3
624,12,833.0,132.4,52.6,123.8,0.92,62.3
624,13,863.0,139.3,45.9,125.8,0.84,62.3
624,14,862.5,116.0,42.1,118.7,0.81,62.3
624,30,961.7,87.8,45.4,105.1,0.87,62.3
624,31,824.1,42.3,37.0,91.2,0.8,62.3
624,32,534.3,75.8,41.1,107.8,0.88,62.3
625,1,520.5,40.8,41.5,94.5,0.92,62.4
625,2,338.4,178.3,61.4,142.6,0.82,62.4
625,10,873.4,129.6,43.6,122.6,0.9,62.4
625,11,834.4,150.2,45.4,127.9,0.82,62.4
625,12,822.7,130.9,54.5,125.6,0.84,62.4
625,13,866.9,137.6,44.7,126.8,0.99,62.4
625,14,860.6,118.8,51.2,115.3,0.92,62.4
625,30,963.3,83.7,46.3,106.7,0.9,62.4
625,31,818.6,38.7,39.2,94.6,0.87,62.4
625,32,538.3,74.3,42.3,105.7,0.84,62.4
626,1,523.1,40.5,34.2,92.8,0.98,62.5
626,2,350.4,181.6,51.6,138.7,0.94,62.5
626,10,872.1,125.2,56.3,125.2,0.94,62.5
626,11,831.5,147.9,49.7,130.5,0.85,62.5
626,12,832.8,128.6,43.9,125.0,0.96,62.5
626,13,858.1,138.9,48.6,126.7,0.83,62.5
626,14,856.2,117.1,50.7,116.2,0.84,62.5
626,30,959.7,83.6,47.4,110.6,0.82,62.5
626,31,820.8,36.2,38.5,93.8,0.83,62.5
626,32,529.8,74.1,42.4,106.7,0.89,62.5
627,1,518.8,39.0,39.3,95.8,0.93,62.6
627,2,338.0,184.5,54.1,140.8,0.94,62.6
627,10,873.7,124.8,46.3,124.5,0.91,62.6
627,11,833.3,142.7,55.5,132.8,0.84,62.6
627,12,828.7,132.8,54.4,124.7,0.88,62.6
627,13,855.4,136.0,56.3,128.1,0.91,62.6
627,14,858.2,116.5,53.5,119.5,0.91,62.6
627,30,964.7,86.2,42.4,110.2,0.91,62.6
627,31,816.2,38.7,36.9,95.9,0.93,62.6
627,32,533.8,74.8,39.8,107.1,0.98,62.6
628,1,525.2,41.8,32.8,92.0,0.95,62.7
628,2,334.3,186.2,51.3,141.3,0.92,62.7
628,10,872.4,129.5,48.7,127.3,0.91,62.7
628,11,836.0,151.6,46.1,130.0,0.9,62.7
628,12,826.0,128.6,55.3,123.9,0.96,62.7
628,13,860.8,136.4,49.8,126.2,0.91,62.7
628,14,857.9,114.6,47.2,120.6,0.94,62.7
628,30,959.8,89.0,45.9,108.0,0.98,62.7
628,31,819.6,35.6,37.7,93.1,0.87,62.7
628,32,535.3,72.1,41.3,103.4,0.91,62.7
629,1,520.8,45.0,38.9,90.4,0.89,62.8
629,2,343.2,186.3,52.5,139.9,0.92,62.8
629,10,874.0,127.7,50.8,123.5,0.91,62.8
629,11,833.4,147.9,48.9,129.7,0.89,62.8
629,12,822.8,129.8,55.2,124.7,0.89,62.8
629,13,856.6,140.5,54.0,124.8,0.94,62.8
629,14,862.3,114.1,46.1,119.6,0.96,62.8
629,30,964.8,86.5,46.3,110.5,0.95,62.8
629,31,821.2,36.6,39.3,92.8,0.92,62.8
629,32,530.2,69.4,40.9,109.4,0.9,62.8
630,1,524.2,42.9,33.1,93.7,0.93,62.9
630,2,343.2,185.5,55.7,137.3,0.88,62.9
630,10,873.0,131.9,46.1,119.8,0.91,62.9
630,11,835.4,148.9,50.2,127.8,0.89,62.9
630,12,831.4,128.1,46.9,126.6,0.83,62.9
630,13,855.8,138.8,55.5,127.5,0.93,62.9
630,14,861.7,117.1,43.7,116.2,0.88,62.9
630,30,959.3,88.7,48.5,108.5,0.92,62.9
630,31,825.4,35.6,36.0,94.4,0.93,62.9
630,32,533.7,69.1,45.0,107.2,0.81,62.9
631,1,526.9,41.8,32.6,91.7,0.91,63.0
631,2,337.3,180.2,56.5,142.8,0.88,63.0
631,10,872.9,130.4,49.7,120.5,0.91,63.0
631,11,834.3,148.4,47.7,128.1,0.89,63.0
631,12,826.7,133.3,53.6,123.5,0.9,63.0
631,13,855.8,139.0,53.3,123.4,0.86,63.0
631,14,858.7,116.8,53.0,119.9,0.89,63.0
631,30,959.0,88.3,44.2,107.9,0.9,63.0
631,31,821.6,37.9,37.7,90.9,0.93,63.0
631,32,527.3,73.9,45.8,107.5,0.86,63.0
632,1,525.9,43.1,35.4,91.0,0.97,63.1
632,2,338.1,184.6,53.5,140.3,0.9,63.1
632,10,875.2,127.0,46.9,122.8,0.94,63.1
632,11,825.9,146.7,55.4,131.8,0.96,63.1
632,12,828.3,131.5,56.0,124.6,0.84,63.1
632,13,865.9,136.5,47.1,124.7,0.98,63.1
632,14,860.5,111.1,54.2,121.3,0.9,63.1
632,30,962.2,89.7,40.4,111.5,0.89,63.1
632,31,825.1,36.2,40.1,90.6,0.92,63.1
632,32,537.5,74.4,38.8,105.1,0.86,63.1
633,1,523.8,37.8,36.9,97.1,0.84,63.2
633,2,342.6,182.2,53.9,145.5,0.88,63.2
633,10,870.4,129.5,49.6,122.9,0.84,63.2
633,11,826.4,147.7,57.3,131.1,0.9,63.2
633,12,833.4,132.4,47.4,121.9,0.97,63.2
633,13,860.9,140.3,47.8,127.8,0.99,63.2
633,14,863.8,115.1,40.9,115.4,0.86,63.2
633,30,958.2,90.4,42.9,110.2,0.98,63.2
633,31,830.5,36.2,36.8,91.7,0.93,63.2
633,32,531.6,72.8,41.3,104.0,0.94,63.2
634,1,523.3,38.5,34.9,94.1,0.94,63.3
634,2,338.5,184.0,61.1,142.0,0.94,63.3
634,10,872.8,130.2,43.9,122.9,0.95,63.3
634,11,835.0,152.3,51.6,130.1,0.94,63.3
634,12,827.8,128.7,49.7,125.9,0.9,63.3
634,13,861.1,140.2,47.4,126.9,0.87,63.3
634,14,859.1,116.7,51.9,119.0,0.96,63.3
634,30,960.6,94.6,43.9,112.3,0.81,63.3
634,31,830.3,30.7,40.2,93.7,0.93,63.3
634,32,535.5,73.5,37.4,103.7,0.88,63.3
635,1,523.6,38.1,34.7,94.8,0.9,63.4
635,2,340.4,184.0,57.7,137.8,0.92,63.4
635,10,875.9,127.7,42.8,120.4,0.85,63.4
635,11,830.9,150.1,54.9,130.7,0.89,63.4
635,12,828.7,126.2,50.3,125.4,0.93,63.4
635,13,860.2,135.8,52.6,128.6,0.9,63.4
635,14,864.6,113.2,47.5,117.9,0.94,63.4
635,30,964.2,93.9,42.0,110.8,0.87,63.4
635,31,831.5,35.0,32.9,90.3,0.92,63.4
635,32,534.9,77.1,37.1,103.2,0.96,63.4
636,1,524.0,43.7,34.5,92.9,0.92,63.5
636,2,342.5,179.0,58.7,142.9,0.97,63.5
636,10,872.8,127.6,49.6,120.8,0.89,63.5
636,11,829.9,147.0,58.4,130.8,0.84,63.5
636,12,829.4,131.3,49.0,126.5,0.9,63.5
636,13,857.3,134.1,54.5,126.1,0.84,63.5
636,14,857.0,118.7,50.4,116.2,0.91,63.5
636,30,960.5,89.7,49.2,112.4,0.82,63.5
636,31,826.9,37.7,34.9,91.6,0.86,63.5
636,32,531.6,70.4,42.0,105.6,0.84,63.5
637,1,519.2,41.1,39.4,94.2,0.83,63.6
637,2,342.9,180.2,58.9,139.7,0.75,63.6
637,10,872.9,127.1,52.1,124.1,0.9,63.6
637,11,827.0,156.5,52.8,125.6,0.98,63.6
637,12,834.8,132.9,44.6,123.6,0.97,63.6
637,13,860.4,140.4,47.4,124.5,0.88,63.6
637,14,856.7,119.7,48.6,115.2,0.86,63.6
637,30,964.4,92.5,44.6,112.5,0.93,63.6
637,31,829.3,35.9,34.1,97.1,0.91,63.6
637,32,531.7,69.7,37.0,103.0,0.89,63.6
638,1,521.9,39.3,35.2,94.8,0.9,63.7
638,2,335.4,186.9,60.5,138.2,0.9,63.7
638,10,879.7,130.7,44.1,123.0,0.87,63.7
638,11,830.8,152.7,49.4,128.8,0.92,63.7
638,12,830.8,134.7,49.3,123.7,0.97,63.7
638,13,863.7,144.8,43.7,124.6,0.89,63.7
638,14,864.2,116.4,43.8,115.8,0.93,63.7
638,30,959.9,92.6,41.2,109.6,0.9,63.7
638,31,830.9,34.6,38.2,90.3,0.84,63.7
638,32,527.3,72.2,43.6,104.3,0.92,63.7
639,1,522.6,41.2,38.1,93.6,0.99,63.8
639,2,345.7,178.7,57.9,141.3,0.84,63.8
639,10,870.2,127.0,49.0,120.8,0.84,63.8
639,11,835.7,148.3,47.5,128.3,0.99,63.8
639,12,831.1,133.3,43.3,120.3,0.89,63.8
639,13,860.0,138.9,51.1,126.8,0.92,63.8
639,14,863.4,112.7,43.1,119.6,0.9,63.8
639,30,955.8,91.5,45.6,110.1,0.9,63.8
639,31,832.0,35.7,37.8,90.0,0.91,63.8
639,32,519.3,78.7,43.0,104.1,0.96,63.8
640,1,526.2,42.8,34.7,91.5,0.86,63.9
640,2,345.3,181.8,55.9,139.5,0.91,63.9
640,10,871.5,125.9,48.0,123.4,0.9,63.9
640,11,832.7,152.3,52.2,130.7,0.87,63.9
640,12,832.7,131.4,50.4,124.1,0.91,63.9
640,13,862.5,140.7,50.5,124.8,0.95,63.9
640,14,863.3,115.8,49.2,119.0,0.92,63.9
640,30,956.7,90.7,45.1,115.2,0.91,63.9
640,31,835.0,35.1,35.4,90.2,0.89,63.9
640,32,530.0,74.4,41.6,99.2,0.84,63.9
641,1,521.7,42.3,40.6,92.7,0.97,64.0
641,2,338.3,187.1,58.9,140.3,0.87,64.0
641,10,875.0,126.1,53.2,125.4,0.82,64.0
641,11,838.3,148.4,47.0,129.0,0.97,64.0
641,12,831.5,131.9,44.2,124.7,0.99,64.0
641,13,862.6,139.3,44.2,125.0,0.82,64.0
641,14,861.1,113.4,44.0,118.9,0.95,64.0
641,30,958.4,94.9,39.3,109.7,0.85,64.0
641,31,835.1,34.4,34.0,91.7,0.93,64.0
641,32,534.0,67.8,42.5,106.3,0.94,64.0
642,1,523.5,37.2,36.7,97.2,0.88,64.1
642,2,343.2,185.7,57.0,139.6,0.95,64.1
642,10,875.7,127.0,47.5,124.1,0.88,64.1
642,11,829.7,149.3,53.2,129.5,0.88,64.1
642,12,830.4,129.5,47.6,124.3,0.83,64.1
642,13,861.7,139.1,44.7,126.3,0.8,64.1
642,14,861.7,116.8,47.7,120.3,0.9,64.1
642,30,961.1,96.2,42.9,115.1,0.86,64.1
642,31,832.9,33.8,37.8,94.0,0.93,64.1
642,32,527.3,73.3,44.3,102.2,0.92,64.1
643,1,522.1,36.1,36.2,98.7,0.87,64.2
643,2,348.2,180.7,60.0,139.9,0.95,64.2
643,10,869.2,128.0,55.2,123.6,0.97,64.2
643,11,829.8,149.9,55.7,131.1,0.96,64.2
643,12,828.7,135.0,48.9,121.1,0.99,64.2
643,13,858.4,141.5,52.3,124.3,0.94,64.2
643,14,858.4,116.5,48.9,117.2,0.89,64.2
643,30,966.7,104.8,39.1,110.6,0.88,64.2
643,31,827.0,37.2,38.7,88.2,0.91,64.2
643,32,525.3,75.3,38.6,98.8,0.93,64.2
644,1,521.8,45.4,33.3,90.4,0.95,64.3
644,2,336.9,176.2,62.7,144.5,0.96,64.3
644,10,873.8,128.1,52.2,124.1,0.87,64.3
644,11,831.0,143.6,57.7,131.4,0.9,64.3
644,12,833.4,135.8,44.6,122.6,0.84,64.3
644,13,855.7,142.5,53.6,122.4,0.94,64.3
644,14,859.2,120.3,47.4,117.2,0.84,64.3
644,30,959.3,99.6,41.1,115.0,0.93,64.3
644,31,830.5,27.6,40.9,94.1,0.89,64.3
644,32,529.5,75.5,39.8,101.4,0.9,64.3
645,1,519.0,36.9,44.0,98.8,0.97,64.4
645,2,348.7,174.7,49.9,141.0,0.9,64.4
645,10,873.5,134.5,42.6,120.3,0.88,64.4
645,11,834.0,153.5,50.3,124.6,0.95,64.4
645,12,829.2,132.5,50.8,122.3,0.88,64.4
645,13,862.2,137.6,52.9,126.4,0.92,64.4
645,14,854.4,117.1,51.6,119.9,0.81,64.4
645,30,959.3,97.3,40.1,114.0,0.9,64.4
645,31,835.5,33.9,31.6,89.1,0.89,64.4
645,32,525.3,63.8,42.3,105.0,0.91,64.4
646,1,525.4,42.4,33.4,94.3,0.82,64.5
646,2,346.7,183.4,48.4,137.7,0.87,64.5
646,10,872.9,130.7,47.2,120.0,0.96,64.5
646,11,835.0,147.5,46.2,131.5,0.98,64.5
646,12,836.9,135.5,43.5,121.7,0.81,64.5
646,13,866.8,136.5,45.2,128.3,0.79,64.5
646,14,861.7,117.1,43.9,117.3,0.93,64.5
646,30,951.9,101.4,51.0,114.2,0.85,64.5
646,31,833.3,31.1,41.5,93.8,0.93,64.5
646,32,525.2,67.2,42.4,103.3,0.88,64.5
647,1,519.8,38.7,39.1,96.8,0.9,64.6
647,2,343.6,183.6,58.8,140.1,0.89,64.6
647,10,866.5,129.8,47.9,123.2,0.92,64.6
647,11,835.4,151.1,50.9,129.3,0.88,64.6
647,12,831.8,128.3,47.9,124.0,0.93,64.6
647,13,861.3,136.3,46.9,128.5,0.9,64.6
647,14,862.5,115.3,42.4,119.6,0.91,64.6
647,30,969.6,102.3,48.2,115.5,0.92,64.6
647,31,840.3,30.5,34.6,92.3,0.86,64.6
647,32,522.8,68.5,46.4,103.1,0.93,64.6
648,1,521.0,40.0,36.1,95.1,0.87,64.7
648,2,341.1,182.3,53.5,142.2,0.81,64.7
648,10,873.9,128.9,47.0,122.9,0.87,64.7
648,11,831.5,151.0,49.3,127.4,0.91,64.7
648,12,828.0,131.8,50.8,121.5,0.94,64.7
648,13,859.7,139.4,48.8,121.2,0.86,64.7
648,14,861.5,117.4,42.7,119.1,0.88,64.7
648,30,956.9,99.7,43.2,117.4,0.87,64.7
648,31,842.1,30.9,39.5,91.7,0.82,64.7
648,32,521.2,68.4,39.9,103.0,0.89,64.7
649,1,519.9,43.7,36.7,93.3,0.91,64.8
649,2,349.8,181.7,50.2,138.6,0.91,64.8
649,10,870.1,128.5,52.1,122.0,0.9,64.8
649,11,832.4,145.0,49.1,130.0,0.9,64.8
649,12,833.0,130.7,44.9,123.6,0.87,64.8
649,13,864.4,144.2,45.5,124.8,0.87,64.8
649,14,864.5,115.4,45.0,117.2,0.83,64.8
649,30,954.7,102.9,48.3,113.4,0.93,64.8
649,31,833.4,34.1,35.0,88.5,0.88,64.8
649,32,529.3,65.9,36.6,102.2,0.88,64.8
650,1,522.6,44.8,36.7,90.0,0.96,64.9
650,2,341.9,175.9,62.6,140.0,0.86,64.9
650,10,874.2,128.9,44.1,123.5,0.93,64.9
650,11,833.0,156.1,49.3,126.2,0.9,64.9
650,12,836.9,128.7,44.5,123.4,0.96,64.9
650,13,859.0,140.2,54.3,125.5,0.91,64.9
650,14,865.0,115.7,42.1,118.0,0.88,64.9
650,30,958.8,102.9,41.3,114.2,0.92,64.9
650,31,840.8,26.1,35.5,89.3,0.92,64.9
650,32,520.4,69.9,46.2,103.4,0.9,64.9
651,1,526.6,40.7,33.5,91.7,0.89,65.0
651,2,344.0,179.8,49.6,140.6,0.84,65.0
651,10,875.6,128.3,45.9,122.8,0.88,65.0
651,11,828.1,151.0,51.2,127.4,0.89,65.0
651,12,830.0,132.4,45.1,123.4,0.84,65.0
651,13,856.6,141.2,55.9,125.7,0.88,65.0
651,14,862.3,121.2,44.6,116.1,0.99,65.0
651,30,951.5,103.6,42.3,116.6,0.95,65.0
651,31,844.3,32.3,37.5,90.1,0.88,65.0
651,32,521.6,71.9,38.5,99.0,0.9,65.0
652,1,517.6,41.4,37.3,94.7,0.86,65.1
652,2,348.1,178.3,50.3,141.4,0.95,65.1
652,10,874.6,127.9,49.3,123.5,0.91,65.1
652,11,832.3,145.7,50.8,133.3,0.92,65.1
652,12,834.8,126.2,43.8,124.0,0.93,65.1
652,13,859.2,139.4,51.4,125.8,0.85,65.1
652,14,858.8,115.1,48.2,121.1,0.93,65.1
652,30,956.9,104.8,42.6,114.4,0.95,65.1
652,31,837.4,29.2,37.3,91.1,0.9,65.1
652,32,520.8,66.1,42.9,104.4,0.85,65.1
653,1,519.6,39.4,40.9,96.0,0.99,65.2
653,2,346.0,180.3,51.5,138.5,0.88,65.2
653,10,873.7,129.1,44.4,122.9,0.98,65.2
653,11,831.4,148.8,48.4,126.7,0.91,65.2
653,12,825.0,125.1,52.4,129.6,0.99,65.2
653,13,856.5,134.8,49.4,128.8,0.76,65.2
653,14,859.4,115.0,52.2,119.1,0.85,65.2
653,30,951.9,107.8,50.3,115.8,0.95,65.2
653,31,847.3,33.6,31.7,90.5,0.91,65.2
653,32,518.8,70.7,37.6,101.0,0.91,65.2
654,1,517.4,41.2,40.9,93.9,0.96,65.3
654,2,342.8,181.5,57.4,142.2,0.89,65.3
654,10,871.8,131.4,44.0,120.7,0.88,65.3
654,11,828.5,151.3,52.0,129.9,0.92,65.3
654,12,832.9,133.2,51.2,125.7,0.86,65.3
654,13,861.5,139.7,48.8,126.8,0.92,65.3
654,14,858.8,114.8,53.0,120.1,0.88,65.3
654,30,950.9,105.0,47.8,115.4,0.87,65.3
654,31,843.2,30.0,32.2,88.7,0.91,65.3
654,32,525.9,62.4,41.3,104.5,0.86,65.3
655,1,522.6,40.8,41.0,95.3,0.96,65.4
655,2,348.4,186.7,49.6,135.8,0.9,65.4
655,10,868.3,127.6,50.0,122.0,0.97,65.4
655,11,830.6,149.0,49.7,128.4,0.88,65.4
655,12,826.9,126.4,55.0,128.4,0.87,65.4
655,13,860.6,136.9,53.0,124.5,0.91,65.4
655,14,856.5,114.0,50.3,119.4,0.87,65.4
655,30,948.9,104.4,46.2,117.6,0.9,65.4
655,31,843.2,30.7,39.0,91.6,0.86,65.4
655,32,520.3,69.4,39.3,100.9,0.93,65.4
656,1,521.5,42.3,38.2,92.3,0.89,65.5
656,2,339.1,181.3,56.9,139.3,0.84,65.5
656,10,866.5,129.0,51.3,122.3,0.96,65.5
656,11,836.2,147.7,53.5,129.0,0.91,65.5
656,12,825.9,132.7,54.8,123.7,0.9,65.5
656,13,852.8,137.9,57.3,128.0,0.87,65.5
656,14,858.5,113.9,46.8,120.0,0.89,65.5
656,30,957.5,106.7,45.2,116.3,0.95,65.5
656,31,846.6,29.7,36.8,90.1,0.83,65.5
656,32,517.2,67.6,42.2,98.8,0.92,65.5
657,1,522.7,42.0,35.6,90.6,0.97,65.6
657,2,344.8,182.0,53.0,139.2,0.87,65.6
657,10,879.3,129.4,42.8,121.8,0.94,65.6
657,11,834.5,149.1,48.2,131.4,0.92,65.6
657,12,834.0,132.5,50.0,125.1,0.84,65.6
657,13,856.4,136.6,53.6,129.9,0.98,65.6
657,14,864.5,117.3,46.0,118.2,0.81,65.6
657,30,949.3,108.0,51.8,115.8,0.89,65.6
657,31,844.7,33.4,37.6,87.6,0.89,65.6
657,32,512.1,70.5,35.7,100.5,0.92,65.6
658,1,518.9,41.7,42.2,94.5,0.82,65.7
658,2,338.0,182.9,63.9,143.7,0.86,65.7
658,10,872.1,131.1,52.9,125.0,0.93,65.7
658,11,835.6,147.3,49.4,128.2,0.83,65.7
658,12,831.9,128.8,46.9,124.7,0.88,65.7
658,13,856.6,132.5,48.9,132.1,0.84,65.7
658,14,859.9,117.0,42.2,117.0,0.9,65.7
658,30,946.1,106.7,51.2,116.5,0.99,65.7
658,31,849.4,37.1,37.2,86.5,0.89,65.7
658,32,506.9,65.2,46.6,107.3,0.92,65.7
659,1,517.0,37.5,41.3,96.9,0.87,65.8
659,2,351.2,180.9,51.0,138.4,0.97,65.8
659,10,874.6,127.7,46.6,122.3,0.89,65.8
659,11,828.5,152.6,55.1,126.4,0.79,65.8
659,12,829.2,131.2,52.2,126.6,0.78,65.8
659,13,860.6,139.8,48.6,125.9,0.96,65.8
659,14,858.9,114.7,51.9,121.1,0.87,65.8
659,30,952.4,109.7,42.1,115.6,0.91,65.8
659,31,852.2,37.1,37.4,86.1,0.88,65.8
659,32,513.1,69.4,35.8,101.5,0.87,65.8
660,1,519.6,41.1,37.9,93.0,0.97,65.9
660,2,344.9,180.9,57.4,143.3,0.83,65.9
660,10,874.0,131.9,42.7,119.7,0.83,65.9
660,11,837.2,145.1,50.7,131.5,0.96,65.9
660,12,831.2,128.2,46.6,123.3,0.83,65.9
660,13,859.7,131.1,45.5,129.8,0.92,65.9
660,14,859.8,115.5,46.0,116.6,0.99,65.9
660,30,952.8,111.2,49.7,116.3,0.96,65.9
660,31,856.4,35.3,32.0,87.0,0.91,65.9
660,32,514.4,66.1,38.0,101.3,0.91,65.9
661,1,520.5,40.3,41.3,92.4,0.9,66.0
661,2,343.0,186.3,50.5,138.6,0.93,66.0
661,10,869.6,128.4,51.4,122.0,0.94,66.0
661,11,830.5,153.8,52.1,125.4,0.97,66.0
661,12,830.5,134.3,48.1,120.2,0.92,66.0
661,13,862.2,140.8,46.4,125.0,0.9,66.0
661,14,863.2,116.5,41.8,119.0,0.79,66.0
661,30,950.0,111.0,44.3,117.4,0.89,66.0
661,31,847.6,31.1,35.3,92.2,0.92,66.0
661,32,509.3,70.5,41.9,99.3,0.96,66.0
662,1,519.8,39.2,41.6,96.9,0.94,66.1
662,2,344.6,182.5,59.6,135.3,0.98,66.1
662,10,871.0,127.9,56.4,125.5,0.97,66.1
662,11,830.3,148.3,57.9,131.3,0.8,66.1
662,12,826.3,131.6,49.5,123.9,0.95,66.1
662,13,860.1,140.3,54.5,123.7,0.81,66.1
662,14,864.5,116.9,40.6,115.8,0.88,66.1
662,30,950.5,117.0,47.2,117.6,0.9,66.1
662,31,845.1,35.1,36.5,89.9,0.92,66.1
662,32,516.9,64.2,38.9,103.2,0.85,66.1
663,1,523.4,37.8,34.9,94.5,0.92,66.2
663,2,349.0,182.5,49.8,140.3,0.93,66.2
663,10,867.0,125.6,51.8,124.4,0.84,66.2
663,11,833.1,150.5,45.2,126.7,0.88,66.2
663,12,830.2,130.5,52.7,128.2,0.84,66.2
663,13,863.3,140.8,47.0,124.9,0.92,66.2
663,14,865.0,115.3,46.7,118.8,0.93,66.2
663,30,941.2,111.6,53.2,120.3,0.97,66.2
663,31,846.1,31.1,39.0,90.2,0.91,66.2
663,32,515.9,67.8,38.0,100.2,0.88,66.2
664,1,520.7,43.0,33.6,93.7,0.85,66.3
664,2,343.3,183.7,57.4,138.3,0.89,66.3
664,10,871.6,132.4,48.3,120.3,0.86,66.3
664,11,831.9,150.8,52.6,130.1,0.83,66.3
664,12,830.1,131.1,44.2,125.4,0.96,66.3
664,13,863.1,138.6,50.2,126.1,0.98,66.3
664,14,860.6,118.6,48.1,114.6,0.9,66.3
664,30,939.6,117.3,52.1,118.7,0.85,66.3
664,31,858.3,30.8,32.2,89.0,0.95,66.3
664,32,506.2,67.6,41.3,101.1,0.95,66.3
665,1,514.8,41.2,41.0,93.7,0.92,66.4
665,2,340.8,184.9,56.7,139.1,0.98,66.4
665,10,872.4,130.1,54.4,126.6,0.85,66.4
665,11,832.5,147.8,49.2,130.4,0.91,66.4
665,12,832.1,135.2,51.3,120.7,0.95,66.4
665,13,852.8,139.9,56.1,124.8,0.99,66.4
665,14,862.3,117.9,48.9,117.6,0.91,66.4
665,30,946.6,110.3,46.6,118.3,0.92,66.4
665,31,846.6,27.2,34.2,89.3,0.89,66.4
665,32,514.6,57.8,37.7,102.7,0.85,66.4
666,1,520.7,43.1,33.4,93.2,0.89,66.5
666,2,346.6,183.8,51.1,138.7,0.88,66.5
666,10,871.2,127.5,49.0,123.1,0.9,66.5
666,11,829.3,152.8,51.6,129.4,0.88,66.5
666,12,827.9,127.8,50.5,125.1,0.93,66.5
666,13,858.4,139.6,53.7,126.2,0.9,66.5
666,14,860.7,115.7,48.3,116.6,0.93,66.5
666,30,943.1,117.1,45.5,119.8,0.8,66.5
666,31,852.8,30.0,39.2,89.7,0.89,66.5
666,32,512.9,61.7,37.1,100.8,0.9,66.5
667,1,519.2,45.0,38.6,90.8,0.84,66.6
667,2,346.4,178.9,58.5,139.6,0.87,66.6
667,10,871.6,125.6,53.1,124.5,0.91,66.6
667,11,832.5,149.0,51.1,131.4,0.9,66.6
667,12,832.5,132.9,46.3,122.2,0.85,66.6
667,13,856.8,139.5,49.0,124.8,0.97,66.6
667,14,861.8,116.7,49.8,119.1,0.79,66.6
667,30,937.8,112.9,51.9,123.4,0.91,66.6
667,31,855.6,29.2,31.8,88.9,0.85,66.6
667,32,505.8,63.8,40.5,102.2,0.89,66.6
668,1,522.7,46.6,34.2,90.9,0.92,66.7
668,2,348.0,175.3,50.0,140.0,0.92,66.7
668,10,869.6,127.6,53.6,123.1,0.92,66.7
668,11,833.7,147.0,48.0,131.4,0.9,66.7
668,12,831.9,134.6,44.3,122.9,0.87,66.7
668,13,863.9,137.6,46.4,127.0,0.85,66.7
668,14,864.0,117.0,44.9,117.4,0.86,66.7
668,30,942.4,118.3,51.1,117.5,0.88,66.7
668,31,850.1,31.2,35.8,90.7,0.94,66.7
668,32,511.4,61.4,37.6,102.6,0.9,66.7
669,1,521.9,40.8,34.8,95.0,0.8,66.8
669,2,350.7,183.6,51.2,134.6,0.94,66.8
669,10,868.6,128.5,43.8,123.3,0.93,66.8
669,11,825.7,146.3,56.7,127.5,0.91,66.8
669,12,828.1,129.4,52.9,121.8,0.84,66.8
669,13,861.4,143.0,45.8,125.7,0.95,66.8
669,14,859.1,117.5,49.7,116.5,0.9,66.8
669,30,942.5,117.3,47.7,117.1,0.84,66.8
669,31,852.8,28.6,39.2,90.6,0.9,66.8
669,32,508.1,62.7,45.7,102.9,0.85,66.8
670,1,520.2,45.3,32.8,91.5,0.85,66.9
670,2,345.8,181.0,52.7,142.0,0.84,66.9
670,10,873.6,130.8,45.5,123.1,0.89,66.9
670,11,835.1,149.8,51.1,128.5,0.96,66.9
670,12,829.1,128.0,51.6,127.9,0.92,66.9
670,13,860.0,142.3,45.0,125.1,0.91,66.9
670,14,865.3,116.0,48.2,117.2,0.91,66.9
670,30,946.1,121.0,42.2,119.2,0.98,66.9
670,31,861.7,27.8,35.0,86.6,0.9,66.9
670,32,505.7,63.4,41.9,102.3,0.93,66.9
671,1,518.4,39.8,40.7,94.9,0.9,67.0
671,2,349.6,180.0,53.4,138.1,0.97,67.0
671,10,869.6,126.2,54.0,122.7,0.92,67.0
671,11,835.0,148.2,46.3,127.4,0.99,67.0
671,12,830.3,135.1,51.9,120.4,0.91,67.0
671,13,860.1,138.0,54.8,126.4,0.94,67.0
671,14,860.3,117.1,42.1,116.6,0.92,67.0
671,30,941.5,122.6,52.1,118.3,0.92,67.0
671,31,857.8,29.1,35.9,88.3,0.95,67.0
671,32,517.0,61.9,34.9,97.6,0.88,67.0
672,1,521.4,41.4,38.3,92.1,0.91,67.1
672,2,340.0,184.8,58.2,142.1,0.9,67.1
672,10,870.5,126.3,50.9,121.1,0.99,67.1
672,11,828.3,148.7,54.1,131.7,0.87,67.1
672,12,837.5,130.3,43.1,122.3,0.94,67.1
672,13,860.4,141.4,49.0,123.4,0.89,67.1
672,14,859.5,119.4,46.7,117.3,0.92,67.1
672,30,945.8,125.9,43.1,116.6,0.85,67.1
672,31,856.9,32.4,36.8,86.2,0.75,67.1
672,32,512.8,59.5,39.1,103.7,0.89,67.1
673,1,518.8,43.3,41.6,93.2,0.91,67.2
673,2,348.6,182.9,55.5,141.8,0.93,67.2
673,10,867.5,127.8,52.7,124.9,0.82,67.2
673,11,838.0,145.4,47.6,131.3,0.92,67.2
673,12,828.1,139.3,52.7,118.6,0.89,67.2
673,13,859.7,137.1,51.6,126.6,0.9,67.2
673,14,856.1,113.9,49.6,119.5,0.96,67.2
673,30,942.9,120.8,52.3,119.1,0.9,67.2
673,31,856.3,27.5,36.8,88.9,0.99,67.2
673,32,502.1,60.9,43.7,102.6,0.9,67.2
674,1,521.6,42.5,39.0,90.9,0.99,67.3
674,2,345.7,178.5,58.2,140.1,0.8,67.3
674,10,874.9,132.7,42.4,120.5,0.9,67.3
674,11,835.7,144.8,47.1,133.7,0.9,67.3
674,12,826.2,131.3,49.2,123.4,0.88,67.3
674,13,856.2,134.8,55.5,129.5,0.87,67.3
674,14,861.3,122.3,46.5,114.4,0.95,67.3
674,30,937.8,126.3,52.2,119.5,0.77,67.3
674,31,855.6,28.0,42.0,93.3,0.85,67.3
674,32,505.4,62.0,36.6,99.6,0.99,67.3
675,1,521.8,39.5,34.6,96.8,0.9,67.4
675,2,349.7,180.6,50.0,140.5,0.87,67.4
675,10,866.1,128.6,51.6,122.3,0.96,67.4
675,11,829.3,153.3,55.7,128.7,0.87,67.4
675,12,835.7,130.9,45.4,126.3,0.93,67.4
675,13,861.1,138.8,46.2,125.5,0.96,67.4
675,14,859.3,115.0,52.8,122.3,0.81,67.4
675,30,940.9,126.4,46.0,119.1,0.85,67.4
675,31,858.6,30.1,35.6,87.3,0.98,67.4
675,32,508.5,66.5,38.6,97.7,0.96,67.4
676,1,521.0,44.5,32.1,89.7,0.96,67.5
676,2,347.7,178.8,54.4,140.9,0.9,67.5
676,10,870.2,125.6,50.6,127.6,0.95,67.5
676,11,828.6,148.5,55.6,132.2,0.93,67.5
676,12,833.6,133.4,46.9,122.7,0.94,67.5
676,13,857.9,144.5,43.5,120.8,0.96,67.5
676,14,858.7,115.1,52.2,118.8,0.91,67.5
676,30,941.3,120.1,50.4,123.3,0.98,67.5
676,31,869.3,26.7,32.0,86.5,0.86,67.5
676,32,497.5,61.8,38.4,103.6,0.81,67.5
677,1,523.9,43.3,34.4,92.3,0.89,67.6
677,2,339.5,180.5,62.9,141.6,0.91,67.6
677,10,872.8,129.0,50.8,123.6,0.9,67.6
677,11,832.9,149.8,51.1,128.2,0.9,67.6
677,12,824.8,129.8,56.4,127.7,0.96,67.6
677,13,856.7,136.6,54.0,124.7,0.99,67.6
677,14,859.5,113.9,52.9,117.8,0.88,67.6
677,30,946.4,128.3,43.7,122.0,0.79,67.6
677,31,865.4,27.1,30.1,85.7,0.91,67.6
677,32,507.1,56.9,40.5,102.4,0.88,67.6
678,1,518.8,45.3,41.2,92.3,0.9,67.7
678,2,342.3,182.4,58.9,140.6,0.87,67.7
678,10,876.1,123.7,48.1,126.8,0.88,67.7
678,11,832.5,150.0,56.6,128.6,0.86,67.7
678,12,824.1,124.2,57.3,128.3,0.84,67.7
678,13,858.4,138.0,51.6,126.2,0.99,67.7
678,14,854.5,117.6,51.0,118.6,0.8,67.7
678,30,943.6,126.0,49.2,121.4,0.91,67.7
678,31,859.3,29.2,30.1,83.8,0.91,67.7
678,32,501.5,63.1,42.8,101.3,0.95,67.7
679,1,520.8,43.9,38.7,92.2,0.86,67.8
679,2,341.9,178.6,59.9,138.9,0.9,67.8
679,10,875.7,124.7,47.7,124.5,0.86,67.8
679,11,832.8,149.0,48.7,131.9,0.89,67.8
679,12,830.6,130.2,51.9,123.5,0.89,67.8
679,13,864.3,137.1,47.7,126.8,0.95,67.8
679,14,858.5,115.9,51.8,120.2,0.86,67.8
679,30,949.6,122.9,42.8,119.8,0.89,67.8
679,31,864.3,25.1,31.2,88.2,0.93,67.8
679,32,494.3,62.5,44.0,100.9,0.86,67.8
680,1,527.7,40.2,33.4,94.8,0.89,67.9
680,2,347.9,189.0,50.2,140.0,0.85,67.9
680,10,870.5,130.1,47.0,122.7,0.9,67.9
680,11,836.9,149.7,47.2,130.8,0.9,67.9
680,12,833.7,128.6,44.5,126.9,0.92,67.9
680,13,861.6,138.4,50.2,129.3,0.88,67.9
680,14,857.3,117.9,49.4,118.8,0.88,67.9
680,30,938.0,126.7,44.7,121.1,0.91,67.9
680,31,862.7,28.5,37.8,85.7,0.93,67.9
680,32,496.6,60.1,44.1,103.5,0.93,67.9
681,1,518.3,40.7,39.5,95.2,0.89,68.0
681,2,349.9,178.2,50.8,139.2,0.91,68.0
681,10,865.9,127.2,54.0,125.3,0.95,68.0
681,11,820.4,149.8,55.2,129.3,0.8,68.0
681,12,832.6,132.3,54.4,123.2,0.91,68.0
681,13,859.8,135.3,47.4,129.7,0.96,68.0
681,14,862.7,114.7,45.6,119.5,0.95,68.0
681,30,946.3,128.4,48.1,124.9,0.89,68.0
681,31,862.4,27.3,34.1,87.4,0.84,68.0
681,32,497.1,63.5,38.9,101.1,0.94,68.0
682,1,522.2,40.1,37.0,94.6,0.89,68.1
682,2,337.9,182.6,60.1,140.4,0.89,68.1
682,10,871.3,129.8,50.9,123.5,0.92,68.1
682,11,832.7,150.8,50.5,127.1,0.86,68.1
682,12,831.1,135.2,45.9,120.8,0.84,68.1
682,13,865.6,138.5,47.3,126.9,0.86,68.1
682,14,859.3,114.1,50.2,120.8,0.99,68.1
682,30,935.2,127.6,43.9,122.6,0.78,68.1
682,31,872.4,29.1,31.7,87.5,0.8,68.1
682,32,500.1,57.8,40.7,102.1,0.8,68.1
683,1,519.0,43.4,35.1,94.7,0.86,68.2
683,2,347.4,180.4,61.2,137.2,0.89,68.2
683,10,873.8,128.7,45.1,122.7,0.88,68.2
683,11,831.8,152.1,54.3,126.4,0.91,68.2
683,12,831.5,133.1,44.0,123.3,0.95,68.2
683,13,861.3,139.8,49.2,124.3,0.84,68.2
683,14,858.0,112.1,47.8,121.5,0.91,68.2
683,30,934.5,129.6,47.8,122.9,0.92,68.2
683,31,868.7,27.5,31.0,87.9,0.89,68.2
683,32,496.8,68.9,38.8,94.5,0.87,68.2
684,1,523.8,39.3,33.5,95.1,0.92,68.3
684,2,342.9,180.2,55.2,141.7,0.88,68.3
684,10,872.9,131.1,49.4,118.9,0.89,68.3
684,11,834.2,147.8,49.7,129.6,0.9,68.3
684,12,831.6,129.5,48.1,125.9,0.84,68.3
684,13,864.0,138.5,45.4,126.5,0.81,68.3
684,14,862.4,119.1,44.4,114.4,0.98,68.3
684,30,941.4,134.2,51.4,122.6,0.86,68.3
684,31,867.3,21.9,32.4,90.4,0.79,68.3
684,32,495.7,65.6,39.3,98.0,0.88,68.3
685,1,521.8,40.8,39.0,94.3,0.93,68.4
685,2,343.7,181.0,62.2,139.1,0.89,68.4
685,10,871.5,132.4,46.5,119.9,0.8,68.4
685,11,837.2,148.6,47.7,130.9,0.92,68.4
685,12,824.3,127.9,54.3,122.4,0.89,68.4
685,13,857.0,137.5,47.2,126.9,0.9,68.4
685,14,856.2,110.6,48.5,124.3,0.92,68.4
685,30,941.3,130.9,44.8,122.4,0.96,68.4
685,31,870.5,23.3,34.9,88.7,0.91,68.4
685,32,501.7,60.2,38.8,96.7,0.93,68.4
686,1,519.4,40.1,39.0,95.9,0.89,68.5
686,2,333.6,183.2,62.2,140.0,0.84,68.5
686,10,874.1,128.5,44.5,121.9,0.9,68.5
686,11,831.4,150.8,54.6,128.1,0.96,68.5
686,12,824.5,132.2,54.9,125.8,0.92,68.5
686,13,855.6,140.9,53.2,124.5,0.86,68.5
686,14,861.1,116.0,49.4,120.3,0.85,68.5
686,30,937.6,137.8,49.2,120.4,0.97,68.5
686,31,865.3,30.4,35.9,84.0,0.94,68.5
686,32,500.3,59.8,35.4,100.4,0.92,68.5
687,1,520.0,39.0,34.4,96.7,0.93,68.6
687,2,344.8,181.8,60.6,139.1,0.93,68.6
687,10,870.1,131.6,52.3,122.8,0.86,68.6
687,11,834.6,147.5,51.1,132.5,0.91,68.6
687,12,828.2,129.5,49.3,126.5,0.89,68.6
687,13,859.6,139.4,46.5,126.7,0.87,68.6
687,14,862.2,111.5,45.7,124.3,0.84,68.6
687,30,945.2,130.8,51.3,122.1,0.91,68.6
687,31,867.6,22.1,35.7,88.9,0.9,68.6
687,32,494.7,63.3,35.1,96.6,0.91,68.6
688,1,524.0,41.2,37.1,94.5,0.86,68.7
688,2,348.4,181.6,49.6,138.1,0.86,68.7
688,10,869.9,127.7,50.6,122.6,0.85,68.7
688,11,829.2,149.9,55.7,130.1,0.81,68.7
688,12,828.0,128.8,52.2,125.3,0.87,68.7
688,13,861.6,136.0,47.2,126.6,0.92,68.7
688,14,859.7,116.4,52.8,118.0,0.92,68.7
688,30,940.8,130.8,54.3,128.0,0.99,68.7
688,31,873.3,25.8,38.4,87.3,0.93,68.7
688,32,496.2,62.5,42.0,99.8,0.86,68.7
689,1,518.6,39.6,41.3,95.1,0.88,68.8
689,2,339.0,182.1,54.6,142.2,0.89,68.8
689,10,866.8,127.9,51.0,123.3,0.89,68.8
689,11,832.1,154.1,51.3,127.8,0.89,68.8
689,12,830.1,132.5,50.7,125.2,0.8,68.8
689,13,856.5,137.1,54.8,129.3,0.87,68.8
689,14,856.3,120.7,45.1,115.8,0.93,68.8
689,30,943.0,138.0,42.9,121.8,0.81,68.8
689,31,871.7,22.7,37.1,85.6,0.82,68.8
689,32,494.7,64.5,44.5,100.7,0.98,68.8
690,1,520.0,41.0,37.9,93.9,0.88,68.9
690,2,345.7,184.7,51.5,137.9,0.94,68.9
690,10,873.4,124.8,49.1,128.0,0.89,68.9
690,11,833.8,144.6,52.5,132.0,0.87,68.9
690,12,829.9,130.5,54.1,124.7,0.92,68.9
690,13,863.7,136.9,48.2,126.4,0.83,68.9
690,14,857.9,111.2,47.5,121.0,0.97,68.9
690,30,943.9,137.0,45.0,124.3,0.92,68.9
690,31,867.5,22.9,38.6,89.4,0.84,68.9
690,32,492.6,57.5,44.3,102.7,0.85,68.9
691,1,518.7,39.2,39.3,97.2,0.88,69.0
691,2,347.6,180.8,60.2,136.9,0.91,69.0
691,10,874.8,130.4,43.6,122.7,0.85,69.0
691,11,835.0,143.4,56.0,130.0,0.93,69.0
691,12,832.0,132.9,53.4,120.2,0.88,69.0
691,13,854.1,141.1,56.8,128.0,0.92,69.0
691,14,856.6,120.4,49.3,118.5,0.79,69.0
691,30,935.3,135.3,45.1,127.7,0.92,69.0
691,31,876.1,22.0,34.8,89.5,0.86,69.0
691,32,487.5,61.2,45.6,102.2,0.85,69.0
692,1,515.9,45.4,40.3,90.9,0.81,69.1
692,2,338.4,180.4,60.3,141.1,0.85,69.1
692,10,873.1,128.6,49.9,124.7,0.87,69.1
692,11,834.6,145.7,48.6,130.7,0.88,69.1
692,12,833.3,129.7,49.6,126.4,0.85,69.1
692,13,861.8,142.1,46.6,123.2,0.82,69.1
692,14,863.9,114.4,41.5,117.8,0.92,69.1
692,30,940.4,137.9,47.8,124.6,0.87,69.1
692,31,872.0,20.5,37.3,89.1,0.82,69.1
692,32,487.9,61.8,41.5,101.1,0.91,69.1
693,1,519.0,40.5,39.2,95.2,0.88,69.2
693,2,337.4,184.5,59.9,138.9,0.87,69.2
693,10,875.1,131.7,47.1,122.5,0.81,69.2
693,11,834.8,146.7,54.2,131.6,0.96,69.2
693,12,831.2,129.8,53.1,124.2,0.94,69.2
693,13,855.8,137.9,55.1,127.8,0.88,69.2
693,14,859.6,118.8,45.1,115.4,0.89,69.2
693,30,924.7,143.1,52.9,120.4,0.91,69.2
693,31,873.7,18.9,39.7,88.7,0.99,69.2
693,32,502.0,58.0,37.0,97.6,0.84,69.2
694,1,519.6,45.9,34.4,90.9,0.86,69.3
694,2,341.7,183.9,59.8,134.0,0.85,69.3
694,10,870.1,127.4,51.2,121.2,0.91,69.3
694,11,830.3,148.0,50.1,129.3,0.8,69.3
694,12,828.8,131.6,51.7,121.2,0.99,69.3
694,13,865.0,137.0,48.4,128.7,0.91,69.3
694,14,864.1,116.9,41.7,117.8,0.89,69.3
694,30,935.1,139.8,48.6,124.9,0.93,69.3
694,31,877.9,21.3,32.1,85.8,0.98,69.3
694,32,495.5,62.2,40.9,96.4,0.9,69.3
695,1,524.0,39.6,34.2,96.7,0.87,69.4
695,2,343.2,180.1,54.6,141.3,0.9,69.4
695,10,871.1,126.4,53.3,126.3,0.93,69.4
695,11,829.5,148.7,52.0,128.5,0.88,69.4
695,12,830.7,129.9,46.2,122.7,0.82,69.4
695,13,865.3,139.3,44.7,125.9,0.95,69.4
695,14,859.7,115.9,43.5,118.9,0.95,69.4
695,30,933.1,141.1,47.9,129.4,0.86,69.4
695,31,871.8,22.9,38.6,87.4,0.92,69.4
695,32,489.7,53.3,42.6,103.5,0.82,69.4
696,1,516.8,42.5,39.2,93.7,0.89,69.5
696,2,342.7,179.5,60.8,142.5,0.98,69.5
696,10,877.6,126.4,44.7,127.2,0.9,69.5
696,11,832.0,145.8,49.0,130.5,0.95,69.5
696,12,835.1,132.1,42.9,121.8,0.88,69.5
696,13,857.5,136.2,50.2,127.6,0.96,69.5
696,14,858.5,114.9,47.5,121.3,0.99,69.5
696,30,925.8,139.2,45.9,128.4,0.97,69.5
696,31,880.9,25.5,32.8,84.7,0.99,69.5
696,32,491.1,57.5,42.0,100.1,0.89,69.5
697,1,522.1,40.9,37.9,92.3,0.89,69.6
697,2,342.9,183.4,57.1,138.3,0.93,69.6
697,10,875.5,129.2,50.6,123.0,0.9,69.6
697,11,828.7,148.6,58.3,130.0,0.9,69.6
697,12,832.2,130.2,49.0,125.0,0.83,69.6
697,13,857.1,141.1,50.6,124.6,0.89,69.6
697,14,858.6,116.1,50.2,116.7,0.85,69.6
697,30,930.3,143.9,57.1,131.5,0.89,69.6
697,31,877.4,22.1,30.0,83.1,0.92,69.6
697,32,497.2,62.1,36.8,95.7,0.86,69.6
698,1,520.0,44.2,38.4,91.3,0.81,69.7
698,2,339.9,179.3,61.9,139.3,0.88,69.7
698,10,874.4,127.6,44.4,120.8,0.86,69.7
698,11,830.6,142.6,48.4,131.8,0.89,69.7
698,12,828.3,127.1,49.8,125.1,0.86,69.7
698,13,863.3,137.0,49.5,128.5,0.94,69.7
698,14,858.5,114.6,53.3,120.3,0.85,69.7
698,30,933.9,140.0,46.6,130.9,0.99,69.7
698,31,878.8,18.3,36.0,86.4,0.99,69.7
698,32,486.4,59.6,40.7,98.4,0.85,69.7
699,1,522.1,42.4,36.5,92.9,0.92,69.8
699,2,343.1,175.6,57.4,144.1,0.91,69.8
699,10,869.6,126.5,54.4,123.6,0.89,69.8
699,11,831.4,144.6,53.0,134.2,0.94,69.8
699,12,828.4,129.1,53.5,123.7,0.85,69.8
699,13,862.0,137.9,44.7,125.8,0.95,69.8
699,14,861.4,116.9,42.2,118.6,0.86,69.8
699,30,931.2,142.2,51.9,128.6,0.95,69.8
699,31,882.3,21.2,36.8,85.1,0.93,69.8
699,32,484.6,55.9,38.9,99.0,0.91,69.8
700,1,520.6,41.5,37.1,95.4,0.96,69.9
700,2,342.0,182.4,63.5,142.3,0.84,69.9
700,10,868.9,127.3,55.4,123.9,0.91,69.9
700,11,834.7,148.5,48.4,130.3,0.94,69.9
700,12,827.6,132.9,51.8,124.7,0.93,69.9
700,13,858.8,138.7,54.2,124.1,0.89,69.9
700,14,863.8,116.5,42.4,119.9,0.9,69.9
700,30,940.4,143.5,44.7,124.2,0.91,69.9
700,31,889.3,21.1,32.8,85.1,0.89,69.9
700,32,489.8,58.0,34.9,99.2,0.83,69.9
701,1,522.7,36.9,40.8,94.8,0.95,70.0
701,2,345.0,183.9,53.3,137.8,0.91,70.0
701,10,874.5,129.1,45.3,121.8,0.91,70.0
701,11,837.2,154.2,47.4,125.6,0.89,70.0
701,12,824.8,131.4,54.3,126.9,0.95,70.0
701,13,856.5,140.1,51.8,127.1,0.91,70.0
701,14,860.5,118.8,49.4,115.0,0.9,70.0
701,30,925.8,145.8,54.5,129.5,0.85,70.0
701,31,881.2,18.6,39.1,87.9,0.99,70.0
701,32,493.3,54.8,42.2,100.8,0.98,70.0
702,1,521.9,39.7,34.1,95.2,0.83,70.1
702,2,347.5,178.0,48.6,138.7,0.78,70.1
702,10,871.9,125.6,52.4,120.3,0.97,70.1
702,11,835.9,154.0,55.5,130.0,0.82,70.1
702,12,827.9,129.5,56.9,126.7,0.93,70.1
702,13,855.6,136.1,57.7,128.6,0.88,70.1
702,14,858.3,113.7,42.6,120.9,0.9,70.1
702,30,932.0,141.6,47.9,131.3,0.89,70.1
702,31,883.5,24.9,32.2,83.4,0.85,70.1
702,32,486.6,53.2,41.6,99.8,0.93,70.1
703,1,516.6,40.6,39.5,94.6,0.95,70.2
703,2,341.1,181.0,55.8,139.8,0.95,70.2
703,10,870.8,130.8,51.5,122.7,0.92,70.2
703,11,827.5,148.6,50.9,124.7,0.92,70.2
703,12,835.2,131.2,45.2,124.2,0.83,70.2
703,13,857.0,139.3,55.5,127.5,0.94,70.2
703,14,858.5,114.9,51.7,119.3,0.98,70.2
703,30,931.6,148.9,45.7,129.2,0.92,70.2
703,31,886.0,24.3,35.6,85.5,0.87,70.2
703,32,492.2,55.4,36.3,98.5,0.85,70.2
704,1,524.6,42.2,35.0,91.6,0.92,70.3
704,2,343.7,179.5,52.3,142.5,0.92,70.3
704,10,878.2,128.0,44.6,124.4,0.9,70.3
704,11,831.1,153.9,52.0,124.9,0.94,70.3
704,12,837.1,129.6,45.2,122.4,0.95,70.3
704,13,858.7,136.5,53.5,127.3,0.92,70.3
704,14,852.6,117.4,47.8,118.1,0.96,70.3
704,30,931.9,146.0,47.4,127.6,0.89,70.3
704,31,885.5,24.4,37.2,85.1,0.97,70.3
704,32,482.3,53.9,42.7,102.6,0.84,70.3
705,1,521.2,40.6,38.5,93.3,0.92,70.4
705,2,347.1,181.7,54.1,136.6,0.93,70.4
705,10,878.3,128.2,43.4,123.2,0.92,70.4
705,11,829.0,149.9,55.7,129.2,0.95,70.4
705,12,830.7,129.6,49.5,122.9,0.83,70.4
705,13,859.1,143.0,48.7,122.0,0.86,70.4
705,14,859.6,116.1,43.5,119.4,0.92,70.4
705,30,926.6,146.9,55.3,130.2,0.93,70.4
705,31,884.4,19.7,32.2,88.8,0.85,70.4
705,32,492.4,52.4,37.8,98.9,0.88,70.4
706,1,520.6,46.3,33.5,90.5,0.97,70.5
706,2,334.6,181.2,60.6,143.7,0.82,70.5
706,10,870.0,128.2,52.1,123.9,0.9,70.5
706,11,831.1,149.9,50.7,126.3,0.88,70.5
706,12,826.4,130.1,50.6,122.9,0.95,70.5
706,13,862.0,138.3,47.7,126.9,0.9,70.5
706,14,861.9,114.0,50.9,119.7,0.95,70.5
706,30,925.1,145.5,58.9,131.7,0.92,70.5
706,31,883.2,19.3,38.2,89.6,0.87,70.5
706,32,478.9,56.8,42.6,96.5,0.95,70.5
707,1,516.2,38.0,43.9,97.5,0.88,70.6
707,2,343.9,180.1,58.3,139.0,0.91,70.6
707,10,870.2,128.8,51.5,120.8,0.94,70.6
707,11,833.1,150.7,45.2,126.5,0.86,70.6
707,12,832.8,129.0,54.8,124.7,0.88,70.6
707,13,862.6,141.3,44.5,124.1,0.85,70.6
707,14,861.9,118.2,45.1,116.0,0.94,70.6
707,30,922.7,155.0,49.6,126.9,0.95,70.6
707,31,886.4,24.2,36.3,83.6,0.88,70.6
707,32,480.8,51.8,43.0,98.1,0.86,70.6
708,1,514.1,42.9,42.0,94.4,0.88,70.7
708,2,338.5,180.0,61.7,140.0,0.95,70.7
708,10,871.2,130.3,47.0,118.7,0.95,70.7
708,11,835.8,148.7,46.7,127.9,0.95,70.7
708,12,838.7,137.1,43.4,121.0,0.78,70.7
708,13,856.7,136.2,56.7,127.6,0.86,70.7
708,14,859.3,114.5,50.6,119.8,0.89,70.7
708,30,931.5,155.5,45.6,130.0,0.92,70.7
708,31,887.8,20.4,36.1,87.4,0.93,70.7
708,32,477.0,55.7,44.2,99.8,0.84,70.7
709,1,520.9,42.0,39.1,92.7,0.88,70.8
709,2,340.6,183.5,56.5,138.2,0.85,70.8
709,10,874.5,125.3,45.3,125.8,0.91,70.8
709,11,831.5,148.1,49.6,130.7,0.89,70.8
709,12,839.6,133.9,46.4,123.8,0.88,70.8
709,13,860.3,137.4,55.0,126.9,0.87,70.8
709,14,858.6,116.8,47.2,115.7,0.88,70.8
709,30,917.1,147.6,57.2,134.0,0.94,70.8
709,31,884.4,16.5,36.8,85.9,0.93,70.8
709,32,480.0,56.8,45.4,101.9,0.81,70.8
710,1,522.3,38.5,37.6,94.8,0.89,70.9
710,2,348.6,181.2,58.7,139.5,0.9,70.9
710,10,873.4,128.3,43.2,121.7,0.92,70.9
710,11,827.8,148.7,57.5,131.2,0.88,70.9
710,12,832.7,126.6,57.4,128.0,0.95,70.9
710,13,860.0,135.8,50.7,125.5,0.85,70.9
710,14,865.1,113.8,43.8,121.1,0.92,70.9
710,30,924.8,150.5,49.3,131.0,0.97,70.9
710,31,890.4,19.6,38.8,88.9,0.84,70.9
710,32,478.6,54.0,40.6,101.5,0.88,70.9
711,1,521.9,44.2,39.3,90.3,0.94,71.0
711,2,348.7,176.7,51.7,138.4,0.94,71.0
711,10,874.9,132.0,44.3,120.5,0.88,71.0
711,11,825.1,142.7,59.5,132.6,0.81,71.0
711,12,834.5,132.8,43.7,121.8,0.93,71.0
711,13,860.3,137.1,48.6,126.1,0.84,71.0
711,14,863.1,116.1,44.4,118.7,0.96,71.0
711,30,919.0,152.0,48.8,128.4,0.9,71.0
711,31,887.6,18.2,38.5,88.9,0.95,71.0
711,32,487.6,55.0,34.1,95.4,0.99,71.0
712,1,522.2,40.9,34.1,93.5,0.86,71.1
712,2,334.3,183.1,62.5,140.9,0.89,71.1
712,10,867.3,126.7,51.6,121.9,0.94,71.1
712,11,828.9,148.0,57.7,130.4,0.83,71.1
712,12,832.9,132.6,45.8,121.7,0.95,71.1
712,13,859.3,142.3,47.2,128.0,0.91,71.1
712,14,859.3,112.1,52.6,120.3,0.91,71.1
712,30,926.7,155.6,47.3,127.8,0.94,71.1
712,31,886.3,19.1,32.5,84.6,0.97,71.1
712,32,483.9,52.7,35.7,97.3,0.94,71.1
713,1,519.1,42.3,37.6,93.5,0.95,71.2
713,2,351.1,170.3,53.5,136.7,0.9,71.2
713,10,872.7,127.1,50.5,121.2,0.91,71.2
713,11,829.3,152.4,51.0,128.0,0.94,71.2
713,12,831.6,131.0,52.1,122.1,0.92,71.2
713,13,860.1,139.5,51.5,128.4,0.95,71.2
713,14,857.5,116.5,52.0,118.6,0.92,71.2
713,30,919.1,158.5,53.5,132.9,0.9,71.2
713,31,893.8,15.3,30.0,85.6,0.9,71.2
713,32,482.6,56.5,36.0,97.1,0.92,71.2
714,1,522.5,47.0,33.8,88.7,0.91,71.3
714,2,340.2,183.0,56.1,142.9,0.93,71.3
714,10,875.4,130.9,43.6,123.3,0.85,71.3
714,11,837.2,144.7,49.0,131.5,0.82,71.3
714,12,826.5,133.3,52.0,121.5,0.85,71.3
714,13,864.6,139.0,45.3,128.4,0.92,71.3
714,14,861.4,124.9,50.0,114.2,0.91,71.3
714,30,928.8,153.9,58.4,133.2,0.87,71.3
714,31,887.1,19.6,35.0,85.3,0.89,71.3
714,32,476.5,53.2,42.9,99.8,0.92,71.3
715,1,521.7,41.9,34.6,93.7,0.91,71.4
715,2,332.0,185.3,55.1,139.6,0.87,71.4
715,10,876.9,132.1,45.4,120.3,0.9,71.4
715,11,838.2,147.2,45.0,125.4,0.96,71.4
715,12,828.1,127.9,52.2,124.9,0.91,71.4
715,13,860.3,139.3,48.8,129.4,0.82,71.4
715,14,862.4,115.0,43.7,117.9,0.89,71.4
715,30,918.6,158.7,46.0,131.5,0.85,71.4
715,31,890.2,22.2,36.4,81.6,0.94,71.4
715,32,482.9,55.7,38.7,98.5,0.87,71.4
716,1,517.6,43.8,39.4,93.8,0.89,71.5
716,2,332.8,180.6,50.0,142.5,0.98,71.5
716,10,873.0,134.0,49.1,121.4,0.91,71.5
716,11,835.2,145.9,48.8,129.8,0.91,71.5
716,12,831.6,132.7,47.8,120.5,0.84,71.5
716,13,859.7,140.7,55.0,124.8,0.9,71.5
716,14,857.5,117.4,46.0,115.0,0.89,71.5
716,30,909.8,153.2,56.8,132.0,0.85,71.5
716,31,892.8,16.2,34.1,85.5,0.84,71.5
716,32,474.5,48.5,41.1,101.6,0.89,71.5
717,1,515.1,40.1,41.6,96.4,0.9,71.6
717,2,342.4,177.0,61.0,135.9,0.87,71.6
717,10,867.0,129.2,46.5,121.0,0.95,71.6
717,11,834.5,146.7,49.7,128.8,0.93,71.6
717,12,835.4,130.7,46.2,122.8,0.92,71.6
717,13,857.8,138.2,56.0,127.0,0.99,71.6
717,14,860.6,115.7,41.6,113.1,0.94,71.6
717,30,917.8,148.2,60.1,137.9,0.91,71.6
717,31,895.6,19.9,31.8,84.5,0.81,71.6
717,32,483.1,50.8,38.5,96.3,0.87,71.6
718,1,521.8,40.0,40.5,93.8,0.88,71.7
718,2,343.8,185.4,49.4,138.1,0.93,71.7
718,10,875.1,129.0,45.1,121.3,0.9,71.7
718,11,828.0,147.2,57.6,128.6,0.93,71.7
718,12,835.2,134.2,46.7,120.0,0.86,71.7
718,13,859.3,139.3,52.0,126.1,0.87,71.7
718,14,858.1,116.2,47.1,119.2,0.87,71.7
718,30,914.6,153.5,59.5,133.4,0.9,71.7
718,31,894.8,16.7,32.7,86.7,0.96,71.7
718,32,472.9,50.8,40.7,98.7,0.99,71.7
719,1,521.6,40.1,41.9,95.9,0.9,71.8
719,2,338.8,181.3,60.6,140.4,0.88,71.8
719,10,872.3,127.5,52.6,123.3,0.77,71.8
719,11,830.3,151.8,52.0,129.5,0.89,71.8
719,12,828.3,129.6,54.7,124.6,0.9,71.8
719,13,860.9,143.8,50.4,125.2,0.9,71.8
719,14,861.1,115.8,44.5,117.8,0.84,71.8
719,30,916.3,162.4,59.4,134.9,0.96,71.8
719,31,897.1,18.3,32.8,88.0,0.82,71.8
719,32,479.1,52.4,33.8,96.3,0.88,71.8
720,1,523.1,41.6,35.5,93.3,0.89,71.9
720,2,343.2,176.9,54.4,137.4,0.86,71.9
720,10,874.0,130.1,43.9,120.3,0.92,71.9
720,11,829.2,149.6,54.7,132.2,0.86,71.9
720,12,829.2,132.4,47.1,122.2,0.84,71.9
720,13,853.8,141.1,57.0,126.8,0.89,71.9
720,14,856.7,117.2,45.5,118.9,0.95,71.9
720,30,914.5,158.3,55.7,136.2,0.91,71.9
720,31,896.8,16.8,35.1,83.4,0.91,71.9
720,32,471.2,52.0,42.0,102.3,0.9,71.9
721,1,519.1,39.3,39.7,95.4,0.91,72.0
721,2,343.4,186.5,49.4,138.6,0.89,72.0
721,10,868.4,131.0,52.1,118.9,0.84,72.0
721,11,832.0,149.8,47.7,130.8,0.93,72.0
721,12,833.2,132.6,49.3,123.1,0.89,72.0
721,13,857.1,141.3,54.5,126.9,0.89,72.0
721,14,858.1,113.4,52.6,120.6,0.86,72.0
721,30,912.2,155.5,56.9,137.6,0.99,72.0
721,31,892.9,18.7,38.3,87.8,0.92,72.0
721,32,474.8,51.9,37.6,98.1,0.99,72.0
722,1,519.0,44.7,40.1,91.9,0.99,72.1
722,2,350.6,171.2,50.5,142.5,0.94,72.1
722,10,872.4,126.6,47.6,122.8,0.94,72.1
722,11,829.6,145.6,46.6,131.3,0.93,72.1
722,12,825.5,129.7,54.5,121.2,0.87,72.1
722,13,855.8,138.7,57.1,127.7,0.84,72.1
722,14,853.8,115.8,48.5,117.5,0.91,72.1
722,30,915.6,165.7,49.7,134.0,0.99,72.1
722,31,898.6,21.2,31.7,83.0,0.84,72.1
722,32,482.3,49.8,34.2,94.1,0.98,72.1
723,1,522.7,40.7,34.5,93.1,0.97,72.2
723,2,336.2,175.8,57.0,141.5,0.86,72.2
723,10,871.9,127.0,52.0,125.2,0.94,72.2
723,11,833.0,153.9,44.9,126.7,0.89,72.2
723,12,831.9,134.3,45.2,122.2,0.99,72.2
723,13,862.6,136.3,44.2,125.8,0.86,72.2
723,14,863.0,114.6,42.2,119.4,0.98,72.2
723,30,909.4,161.4,55.4,135.6,0.88,72.2
723,31,905.9,23.2,36.0,82.5,0.91,72.2
723,32,479.7,52.8,38.7,96.6,0.88,72.2
724,1,519.6,41.4,40.9,94.5,0.89,72.3
724,2,336.7,178.5,52.3,141.5,0.83,72.3
724,10,873.8,127.2,48.6,121.5,0.93,72.3
724,11,834.3,141.9,46.1,131.2,0.93,72.3
724,12,829.0,129.3,54.9,123.0,0.94,72.3
724,13,864.8,137.5,49.2,126.1,0.86,72.3
724,14,857.1,116.4,52.9,119.0,0.82,72.3
724,30,917.0,168.6,55.0,133.9,0.91,72.3
724,31,895.9,20.5,31.5,87.1,0.93,72.3
724,32,475.7,52.7,35.3,97.4,0.92,72.3
725,1,521.1,42.4,37.6,93.3,0.83,72.4
725,2,343.3,178.8,57.7,136.6,0.93,72.4
725,10,866.4,130.7,50.2,120.3,0.95,72.4
725,11,831.5,150.0,44.2,125.3,0.86,72.4
725,12,827.2,131.3,50.6,121.2,0.87,72.4
725,13,859.5,138.6,51.7,124.8,0.85,72.4
725,14,860.3,113.2,46.4,122.1,0.91,72.4
725,30,915.3,165.4,56.9,134.7,0.98,72.4
725,31,901.6,17.1,36.5,88.1,0.94,72.4
725,32,473.6,52.9,37.3,96.5,0.9,72.4
726,1,522.7,40.4,33.0,93.2,0.99,72.5
726,2,343.7,181.6,52.6,139.8,0.82,72.5
726,10,877.3,128.4,50.3,124.8,0.93,72.5
726,11,830.1,144.3,57.9,134.7,0.9,72.5
726,12,830.6,132.7,46.9,122.9,0.83,72.5
726,13,856.7,140.1,50.6,125.1,0.9,72.5
726,14,860.3,113.0,41.7,118.8,0.92,72.5
726,30,909.9,169.6,58.7,135.4,0.86,72.5
726,31,904.5,17.4,33.7,88.9,0.79,72.5
726,32,466.4,51.6,37.9,97.4,0.89,72.5
727,1,520.6,39.5,35.9,93.4,0.9,72.6
727,2,338.4,181.6,56.4,137.6,0.87,72.6
727,10,870.7,133.0,47.1,118.8,0.89,72.6
727,11,828.9,146.9,54.4,129.3,0.87,72.6
727,12,833.0,130.1,50.7,121.5,0.9,72.6
727,13,856.6,138.4,54.4,124.9,0.85,72.6
727,14,858.1,117.2,52.2,118.1,0.87,72.6
727,30,910.3,164.5,53.2,135.2,0.94,72.6
727,31,905.6,18.1,30.0,83.0,0.9,72.6
727,32,472.4,52.0,40.5,95.0,0.99,72.6
728,1,521.8,35.5,35.6,99.1,0.86,72.7
728,2,330.9,178.8,62.2,139.9,0.99,72.7
728,10,873.1,123.7,48.1,124.5,0.91,72.7
728,11,832.6,145.4,52.0,129.6,0.78,72.7
728,12,835.2,131.0,44.9,124.0,0.95,72.7
728,13,861.8,137.3,46.7,125.4,0.93,72.7
728,14,859.7,117.5,49.1,116.8,0.89,72.7
728,30,921.5,169.4,48.9,135.8,0.93,72.7
728,31,903.7,15.8,38.3,85.5,0.87,72.7
728,32,471.2,49.4,35.6,96.3,0.85,72.7
729,1,522.6,37.2,34.7,94.0,0.83,72.8
729,2,336.8,180.1,62.1,140.0,0.86,72.8
729,10,873.9,129.0,49.7,121.5,0.92,72.8
729,11,834.2,149.7,47.2,128.4,0.93,72.8
729,12,828.8,131.5,48.6,122.0,0.91,72.8
729,13,862.8,141.7,45.5,123.7,0.86,72.8
729,14,860.0,113.3,44.4,121.1,0.83,72.8
729,30,913.6,170.8,55.6,136.5,0.87,72.8
729,31,912.8,15.2,31.9,88.2,0.94,72.8
729,32,470.3,47.9,42.8,95.2,0.87,72.8
730,1,515.9,42.8,40.9,93.3,0.81,72.9
730,2,342.3,183.5,53.3,136.7,0.82,72.9
730,10,870.2,127.5,50.1,123.5,0.9,72.9
730,11,830.8,146.2,50.6,132.0,0.96,72.9
730,12,830.3,131.6,52.9,122.4,0.99,72.9
730,13,852.7,138.5,53.0,126.2,0.99,72.9
730,14,859.0,115.6,49.7,119.3,0.97,72.9
730,30,909.6,166.6,57.2,134.5,0.98,72.9
730,31,906.8,16.0,33.4,86.8,0.9,72.9
730,32,471.5,54.1,36.3,95.4,0.82,72.9
731,1,517.7,43.7,40.0,91.5,0.88,73.0
731,2,338.0,180.2,57.2,140.1,0.8,73.0
731,10,872.6,127.4,51.1,122.0,0.95,73.0
731,11,833.6,148.8,46.8,129.5,0.9,73.0
731,12,827.7,128.9,48.4,125.1,0.99,73.0
731,13,859.8,139.9,53.0,123.6,0.87,73.0
731,14,868.1,115.4,41.8,116.7,0.95,73.0
731,30,910.4,168.8,58.2,138.7,0.99,73.0
731,31,908.7,21.4,34.3,83.9,0.97,73.0
731,32,466.5,49.2,35.5,97.4,0.91,73.0
732,1,514.7,41.6,42.3,94.9,0.94,73.1
732,2,339.7,175.8,63.7,143.2,0.82,73.1
732,10,869.3,128.4,44.3,123.2,0.91,73.1
732,11,825.4,153.1,56.0,125.6,0.88,73.1
732,12,832.5,132.1,49.8,124.6,0.88,73.1
732,13,859.0,138.4,55.0,128.1,0.96,73.1
732,14,865.0,116.2,50.8,115.3,0.86,73.1
732,30,908.1,168.8,51.7,136.1,0.85,73.1
732,31,905.2,19.0,36.4,86.3,0.91,73.1
732,32,470.3,52.4,36.3,91.2,0.91,73.1
733,1,522.4,43.7,32.6,91.4,0.81,73.2
733,2,339.6,177.3,59.4,141.5,0.95,73.2
733,10,864.2,122.5,52.7,127.8,0.75,73.2
733,11,831.1,149.2,56.1,128.7,0.98,73.2
733,12,827.6,127.9,53.5,124.6,0.87,73.2
733,13,856.8,137.9,51.9,127.9,0.99,73.2
733,14,860.6,116.1,46.4,115.6,0.94,73.2
733,30,906.5,169.7,60.4,135.3,0.86,73.2
733,31,911.3,17.5,30.6,86.5,0.93,73.2
733,32,469.1,50.5,39.4,94.4,0.88,73.2
734,1,521.8,44.5,40.9,91.9,0.98,73.3
734,2,335.9,182.2,57.6,138.8,0.92,73.3
734,10,871.8,128.8,52.9,123.1,0.89,73.3
734,11,834.9,148.8,46.4,128.2,0.88,73.3
734,12,827.9,130.4,55.1,123.7,0.92,73.3
734,13,863.1,136.8,48.1,127.1,0.91,73.3
734,14,862.6,117.0,42.0,118.8,0.79,73.3
734,30,910.8,172.6,50.3,137.7,0.85,73.3
734,31,908.3,23.6,33.9,85.8,0.86,73.3
734,32,470.1,48.2,40.0,93.3,0.9,73.3
735,1,520.9,39.9,35.9,94.1,0.9,73.4
735,2,334.6,179.2,61.1,141.3,0.9,73.4
735,10,875.5,129.9,44.6,122.1,0.93,73.4
735,11,831.3,149.9,55.1,127.5,0.9,73.4
735,12,833.2,131.7,45.9,123.1,0.88,73.4
735,13,862.1,139.8,45.3,128.3,0.92,73.4
735,14,858.9,118.2,48.3,117.6,0.83,73.4
735,30,907.8,179.0,55.6,134.9,0.99,73.4
735,31,913.9,18.9,36.6,86.9,0.89,73.4
735,32,471.3,51.9,39.7,92.2,0.87,73.4
736,1,520.9,43.5,34.6,91.8,0.84,73.5
736,2,339.7,177.7,57.0,140.6,0.91,73.5
736,10,874.7,129.5,52.5,120.1,0.9,73.5
736,11,827.1,149.4,53.4,129.6,0.88,73.5
736,12,827.6,131.5,51.4,122.9,0.91,73.5
736,13,860.2,138.1,46.0,128.6,0.86,73.5
736,14,858.2,110.1,47.4,120.1,0.91,73.5
736,30,908.2,172.3,59.4,138.7,0.86,73.5
736,31,916.9,19.9,31.9,84.9,0.94,73.5
736,32,468.6,50.0,37.4,96.6,0.85,73.5
737,1,520.9,43.2,36.4,91.0,0.88,73.6
737,2,340.7,178.6,53.2,139.1,0.93,73.6
737,10,871.4,129.3,49.7,120.6,0.82,73.6
737,11,826.8,147.6,51.6,130.3,0.87,73.6
737,12,831.2,127.1,46.2,126.2,0.87,73.6
737,13,854.2,134.9,56.9,130.6,0.94,73.6
737,14,860.1,116.3,48.5,117.7,0.92,73.6
737,30,911.7,172.6,53.5,141.4,0.96,73.6
737,31,910.9,13.7,34.9,84.8,0.94,73.6
737,32,457.0,47.9,43.4,97.1,0.94,73.6
738,1,524.9,43.1,33.3,91.4,0.83,73.7
738,2,334.6,180.3,53.0,140.2,0.96,73.7
738,10,870.6,129.1,53.9,121.5,0.99,73.7
738,11,833.2,148.1,45.0,128.2,0.97,73.7
738,12,833.6,128.1,53.0,122.6,0.92,73.7
738,13,863.5,135.6,45.5,125.3,0.88,73.7
738,14,857.3,116.1,48.9,117.1,0.78,73.7
738,30,910.7,174.1,61.6,139.7,0.93,73.7
738,31,912.1,22.3,30.4,86.8,0.92,73.7
738,32,464.6,48.0,38.1,97.5,0.97,73.7
739,1,523.9,40.4,37.9,94.3,0.97,73.8
739,2,338.7,184.2,56.2,137.6,0.9,73.8
739,10,872.1,128.6,54.4,121.1,0.87,73.8
739,11,831.1,147.4,51.9,128.3,0.99,73.8
739,12,829.8,128.1,51.3,122.9,0.9,73.8
739,13,859.6,140.4,48.8,126.3,0.98,73.8
739,14,857.3,111.7,52.8,120.7,0.96,73.8
739,30,896.0,179.4,62.0,141.3,0.95,73.8
739,31,917.7,17.0,35.8,87.5,0.93,73.8
739,32,463.0,47.4,35.9,97.6,0.83,73.8
740,1,524.4,40.6,35.0,94.4,0.86,73.9
740,2,331.6,183.1,61.4,141.9,0.82,73.9
740,10,875.9,128.0,45.5,123.9,0.99,73.9
740,11,835.2,148.8,45.2,128.5,0.88,73.9
740,12,833.2,130.7,46.2,124.8,0.92,73.9
740,13,862.6,136.2,46.4,128.5,0.94,73.9
740,14,859.1,115.9,49.1,120.3,0.87,73.9
740,30,908.9,183.8,52.4,139.3,0.97,73.9
740,31,910.2,21.6,34.9,84.0,0.96,73.9
740,32,463.0,47.4,34.3,96.0,0.86,73.9
741,1,522.4,40.2,37.4,93.5,0.88,74.0
741,2,339.5,177.6,55.8,138.8,0.93,74.0
741,10,867.5,126.1,55.3,125.8,0.86,74.0
741,11,831.5,150.5,47.0,129.4,0.95,74.0
741,12,833.5,133.1,45.9,120.1,0.93,74.0
741,13,856.3,140.4,52.6,126.8,0.92,74.0
741,14,861.4,120.1,52.3,116.4,0.91,74.0
741,30,909.0,186.2,50.6,142.5,0.95,74.0
741,31,915.0,18.7,35.6,87.0,0.81,74.0
741,32,464.9,47.5,40.1,94.2,0.92,74.0
742,1,518.9,41.9,36.8,93.3,0.84,74.1
742,2,338.2,175.8,56.9,138.1,0.82,74.1
742,10,870.4,125.3,51.0,126.1,0.87,74.1
742,11,827.8,148.0,58.4,130.4,0.95,74.1
742,12,836.3,127.2,45.8,126.8,0.96,74.1
742,13,859.8,143.7,49.3,123.2,0.9,74.1
742,14,857.9,116.8,50.5,117.7,0.92,74.1
742,30,899.4,182.2,63.6,143.0,0.94,74.1
742,31,913.6,16.2,34.4,86.9,0.93,74.1
742,32,462.0,43.7,36.1,97.2,0.91,74.1
743,1,523.0,43.8,35.2,90.8,0.85,74.2
743,2,343.2,178.2,53.8,144.9,0.97,74.2
743,10,872.3,127.9,44.9,121.5,0.88,74.2
743,11,834.4,149.6,51.1,130.4,0.96,74.2
743,12,835.9,129.2,44.1,125.6,0.88,74.2
743,13,858.1,138.5,56.1,126.4,0.92,74.2
743,14,858.9,113.5,45.9,119.6,0.95,74.2
743,30,903.8,182.9,50.5,141.3,0.9,74.2
743,31,920.9,19.3,35.4,89.1,0.89,74.2
743,32,466.0,48.6,35.5,96.4,0.89,74.2
744,1,518.8,38.5,37.5,94.5,0.83,74.3
744,2,344.0,179.0,53.4,137.2,0.93,74.3
744,10,872.0,126.1,44.7,121.4,0.88,74.3
744,11,832.6,149.6,50.7,126.9,0.87,74.3
744,12,826.0,132.2,46.5,121.2,0.86,74.3
744,13,865.1,136.3,45.5,128.3,0.89,74.3
744,14,863.5,115.0,42.5,118.3,0.95,74.3
744,30,905.3,184.1,56.7,142.6,0.86,74.3
744,31,918.5,15.6,30.8,86.4,0.83,74.3
744,32,470.8,48.3,34.4,94.0,0.92,74.3
745,1,515.8,35.8,43.3,96.7,0.92,74.4
745,2,348.2,179.9,51.3,137.8,0.9,74.4
745,10,871.0,128.8,52.2,119.5,0.91,74.4
745,11,828.2,148.9,49.6,128.7,0.84,74.4
745,12,831.1,131.3,44.9,120.4,0.82,74.4
745,13,858.4,136.0,59.5,132.5,0.94,74.4
745,14,860.4,112.7,46.3,119.4,0.94,74.4
745,30,901.1,172.9,62.8,139.6,0.92,74.4
745,31,922.4,14.5,35.6,86.8,0.93,74.4
745,32,460.0,43.3,43.2,98.5,0.86,74.4
746,1,520.3,40.7,36.4,95.3,0.82,74.5
746,2,333.9,181.5,59.4,141.7,0.93,74.5
746,10,868.3,128.9,52.7,123.1,0.88,74.5
746,11,830.7,146.4,57.0,131.4,0.87,74.5
746,12,832.4,129.1,54.3,123.4,0.92,74.5
746,13,861.0,138.6,53.6,126.9,0.92,74.5
746,14,859.6,112.7,52.6,120.5,0.91,74.5
746,30,899.9,184.3,57.9,139.6,0.86,74.5
746,31,916.5,19.5,35.4,85.2,0.96,74.5
746,32,467.4,44.3,38.7,97.3,0.95,74.5
747,1,523.5,39.3,33.3,92.5,0.99,74.6
747,2,337.3,181.0,56.3,144.5,0.99,74.6
747,10,873.6,124.7,46.9,122.6,0.86,74.6
747,11,820.1,148.6,55.9,130.5,0.95,74.6
747,12,837.7,127.0,45.9,123.5,0.96,74.6
747,13,867.8,138.3,47.2,127.7,0.85,74.6
747,14,858.9,113.0,52.6,119.6,0.98,74.6
747,30,895.5,182.2,63.1,144.1,0.95,74.6
747,31,929.3,14.2,32.4,87.9,0.82,74.6
747,32,462.2,47.4,37.2,92.0,0.88,74.6
748,1,522.0,44.0,33.3,90.4,0.85,74.7
748,2,340.0,179.4,56.5,138.2,0.92,74.7
748,10,872.2,128.5,45.4,123.1,0.86,74.7
748,11,834.8,142.9,47.9,133.5,0.89,74.7
748,12,826.5,129.2,54.0,125.6,0.9,74.7
748,13,862.4,141.1,47.0,124.7,0.95,74.7
748,14,860.6,120.7,40.6,115.7,0.88,74.7
748,30,903.1,187.3,58.5,142.0,0.82,74.7
748,31,923.0,17.4,31.2,86.9,0.95,74.7
748,32,459.3,44.9,38.3,95.8,0.86,74.7
749,1,523.7,42.5,39.2,90.2,0.99,74.8
749,2,337.8,177.1,59.8,136.2,0.9,74.8
749,10,869.1,130.0,52.4,123.3,0.83,74.8
749,11,834.6,147.7,48.4,130.6,0.9,74.8
749,12,831.8,131.0,47.0,122.9,0.99,74.8
749,13,856.8,141.0,51.5,127.6,0.97,74.8
749,14,855.2,114.6,51.9,116.5,0.84,74.8
749,30,899.1,183.2,51.8,141.1,0.89,74.8
749,31,922.7,14.1,32.2,86.1,0.81,74.8
749,32,458.0,45.5,38.2,92.5,0.98,74.8
750,1,520.1,43.4,34.3,93.2,0.79,74.9
750,2,335.7,183.4,56.1,138.9,0.91,74.9
750,10,867.0,124.7,52.0,122.0,0.93,74.9
750,11,831.8,152.0,45.8,127.7,0.96,74.9
750,12,832.5,132.1,46.7,120.9,0.93,74.9
750,13,860.2,144.8,47.6,123.0,0.78,74.9
750,14,853.5,112.4,53.5,123.2,0.85,74.9
750,30,907.2,185.7,52.2,142.8,0.95,74.9
750,31,926.5,17.2,35.3,87.2,0.95,74.9
750,32,462.1,43.2,33.2,94.9,0.91,74.9
751,1,522.2,41.9,34.2,93.3,0.87,75.0
751,2,338.9,179.2,59.4,139.5,0.9,75.0
751,10,873.7,129.6,46.5,120.0,0.97,75.0
751,11,826.9,145.2,52.8,131.7,0.91,75.0
751,12,831.9,128.1,47.0,125.5,0.94,75.0
751,13,862.2,137.9,51.8,129.2,0.95,75.0
751,14,860.3,116.4,48.1,116.0,0.95,75.0
751,30,900.2,194.4,51.9,146.5,0.94,75.0
751,31,927.5,14.7,32.3,89.0,0.89,75.0
751,32,459.0,47.3,39.7,93.1,0.88,75.0
752,1,521.6,40.7,34.6,94.2,0.92,75.1
752,2,335.6,180.3,54.2,139.1,0.87,75.1
752,10,864.9,123.7,51.9,126.8,0.84,75.1
752,11,828.2,144.1,55.6,131.2,0.88,75.1
752,12,832.2,129.5,50.7,126.9,0.97,75.1
752,13,857.8,139.2,51.7,126.1,0.89,75.1
752,14,859.5,115.3,43.4,119.8,0.86,75.1
752,30,892.5,192.2,60.7,140.5,0.83,75.1
752,31,932.2,14.1,31.8,88.7,0.89,75.1
752,32,459.9,42.1,34.9,97.6,0.83,75.1
753,1,521.8,40.8,37.7,92.7,0.93,75.2
753,2,339.3,174.6,59.9,145.3,0.87,75.2
753,10,872.3,125.2,51.0,122.9,0.91,75.2
753,11,830.1,145.7,54.0,134.0,0.84,75.2
753,12,829.9,127.6,51.4,124.9,0.9,75.2
753,13,851.6,138.6,54.6,127.3,0.92,75.2
753,14,859.6,114.0,52.0,119.7,0.91,75.2
753,30,895.3,185.5,60.7,143.3,0.97,75.2
753,31,922.8,22.6,36.5,85.1,0.91,75.2
753,32,465.0,37.4,33.8,91.7,0.85,75.2
754,1,522.7,39.6,36.9,93.2,0.94,75.3
754,2,338.3,178.1,60.0,138.0,0.83,75.3
754,10,874.9,128.2,51.0,120.7,0.88,75.3
754,11,835.9,148.6,46.9,129.8,0.77,75.3
754,12,829.7,131.5,50.3,124.6,0.9,75.3
754,13,863.2,135.7,48.1,129.7,0.9,75.3
754,14,862.1,114.4,43.5,121.1,0.99,75.3
754,30,885.8,190.2,61.9,144.3,0.91,75.3
754,31,921.0,17.1,33.9,86.6,0.93,75.3
754,32,454.7,46.9,34.4,92.8,0.92,75.3
755,1,522.4,43.9,33.8,90.8,0.86,75.4
755,2,344.1,171.0,60.8,138.1,0.92,75.4
755,10,869.5,124.8,51.2,123.5,0.92,75.4
755,11,823.8,145.4,57.0,128.9,0.82,75.4
755,12,831.2,123.9,53.3,125.5,0.94,75.4
755,13,861.7,138.7,44.4,126.7,0.88,75.4
755,14,866.4,114.0,42.1,117.6,0.87,75.4
755,30,896.0,197.4,51.6,140.8,0.78,75.4
755,31,928.9,18.6,33.6,85.1,0.99,75.4
755,32,452.3,42.7,37.9,97.0,0.99,75.4
756,1,517.6,42.9,40.3,91.5,0.92,75.5
756,2,334.8,182.3,56.9,144.1,0.88,75.5
756,10,868.7,127.4,52.7,123.0,0.93,75.5
756,11,828.4,147.5,56.8,129.4,0.9,75.5
756,12,825.0,128.1,53.2,123.5,0.85,75.5
756,13,861.6,140.4,53.3,125.4,0.9,75.5
756,14,855.5,114.5,50.9,118.4,0.8,75.5
756,30,891.4,194.9,54.9,145.8,0.89,75.5
756,31,926.9,17.7,29.4,83.7,0.95,75.5
756,32,458.1,43.8,40.1,92.8,0.84,75.5
757,1,518.5,37.7,39.6,95.5,0.91,75.6
757,2,330.0,178.0,62.7,139.8,0.9,75.6
757,10,866.0,132.7,51.0,123.5,0.99,75.6
757,11,828.4,151.4,53.2,129.5,0.83,75.6
757,12,831.6,133.2,50.2,119.9,0.9,75.6
757,13,864.1,133.7,51.4,131.1,0.89,75.6
757,14,863.4,114.8,42.1,118.5,0.93,75.6
757,30,885.7,196.9,54.7,143.2,0.93,75.6
757,31,932.2,19.7,37.9,87.3,0.94,75.6
757,32,451.6,39.5,40.9,97.5,0.94,75.6
758,1,517.7,37.4,42.1,95.7,0.9,75.7
758,2,340.7,179.4,52.3,137.7,0.82,75.7
758,10,872.2,127.0,43.0,122.7,0.91,75.7
758,11,828.0,149.9,57.1,128.1,0.91,75.7
758,12,833.3,131.2,48.2,121.5,0.92,75.7
758,13,860.3,137.8,51.0,127.4,0.97,75.7
758,14,861.4,117.7,43.6,116.4,0.93,75.7
758,30,893.5,199.9,59.8,142.8,0.86,75.7
758,31,931.1,17.6,31.9,84.3,0.85,75.7
758,32,456.4,47.1,32.3,91.1,0.86,75.7
759,1,520.0,36.8,39.8,96.2,0.88,75.8
759,2,341.8,179.0,54.0,140.7,0.91,75.8
759,10,873.9,131.0,46.7,123.1,0.91,75.8
759,11,831.4,147.9,54.5,129.1,0.88,75.8
759,12,835.7,131.2,47.5,123.3,0.85,75.8
759,13,867.2,142.1,46.2,124.2,0.92,75.8
759,14,856.9,115.2,51.1,118.9,0.81,75.8
759,30,890.3,198.5,60.1,141.7,0.97,75.8
759,31,925.6,18.0,36.6,88.1,0.95,75.8
759,32,446.5,40.1,38.7,94.6,0.91,75.8
760,1,523.2,41.4,34.9,91.6,0.96,75.9
760,2,338.1,183.0,54.1,137.7,0.96,75.9
760,10,876.2,127.2,42.5,121.0,0.86,75.9
760,11,836.0,144.7,53.2,130.2,0.88,75.9
760,12,833.6,131.9,45.5,123.3,0.88,75.9
760,13,862.6,137.2,55.6,127.9,0.93,75.9
760,14,863.9,115.0,41.9,117.0,0.88,75.9
760,30,887.4,202.9,65.1,146.2,0.89,75.9
760,31,934.9,13.7,36.0,84.0,0.92,75.9
760,32,451.6,38.2,41.1,91.8,0.93,75.9
761,1,518.0,40.3,40.3,93.3,0.8,76.0
761,2,331.1,184.9,58.8,143.2,0.98,76.0
761,10,869.9,125.0,50.6,122.0,0.89,76.0
761,11,830.6,151.5,48.5,123.5,0.88,76.0
761,12,831.1,132.1,42.4,120.9,0.95,76.0
761,13,863.8,138.6,50.4,127.6,0.91,76.0
761,14,857.6,113.8,48.9,117.8,0.97,76.0
761,30,886.2,203.7,62.5,145.7,0.92,76.0
761,31,925.3,20.4,36.4,83.9,0.91,76.0
761,32,455.1,39.2,33.8,92.9,0.94,76.0
762,1,523.8,41.2,34.0,93.6,0.86,76.1
762,2,335.9,180.7,60.1,138.2,0.83,76.1
762,10,873.6,129.6,46.5,117.8,0.91,76.1
762,11,832.6,150.7,54.8,127.8,0.94,76.1
762,12,831.0,130.6,51.1,123.6,0.88,76.1
762,13,861.3,135.1,51.9,128.5,0.83,76.1
762,14,860.5,115.6,44.8,117.9,0.99,76.1
762,30,890.6,190.6,66.5,149.1,0.95,76.1
762,31,937.3,18.2,31.2,84.6,0.9,76.1
762,32,449.0,36.8,42.9,97.4,0.81,76.1
763,1,519.6,36.5,37.0,98.5,0.88,76.2
763,2,330.4,176.0,60.7,140.7,0.85,76.2
763,10,871.1,129.9,43.6,120.7,0.83,76.2
763,11,831.9,146.4,46.1,128.7,0.82,76.2
763,12,827.5,131.2,49.2,121.4,0.82,76.2
763,13,862.5,138.6,47.4,125.3,0.99,76.2
763,14,859.5,118.1,50.8,115.7,0.86,76.2
763,30,890.7,197.4,54.4,146.7,0.9,76.2
763,31,936.3,15.5,33.3,87.8,0.88,76.2
763,32,456.6,43.9,31.7,90.5,0.95,76.2
764,1,515.4,40.7,39.5,93.6,0.86,76.3
764,2,345.1,174.3,53.5,139.7,0.95,76.3
764,10,870.9,125.4,49.9,124.6,0.79,76.3
764,11,834.7,148.8,49.8,128.8,0.88,76.3
764,12,830.1,128.1,54.0,125.8,0.9,76.3
764,13,862.9,141.2,45.9,121.8,0.85,76.3
764,14,860.5,116.4,41.7,116.9,0.87,76.3
764,30,882.9,204.8,57.1,147.9,0.98,76.3
764,31,938.5,16.5,30.6,85.4,0.95,76.3
764,32,446.2,41.5,34.9,94.2,0.9,76.3
765,1,522.7,38.9,38.7,95.6,0.86,76.4
765,2,332.6,178.4,50.9,140.0,0.93,76.4
765,10,873.4,128.6,49.9,123.3,0.87,76.4
765,11,834.4,149.6,50.4,127.1,0.92,76.4
765,12,831.4,130.2,55.2,124.2,0.86,76.4
765,13,857.5,140.2,55.2,128.1,0.89,76.4
765,14,863.2,111.2,46.2,119.7,0.96,76.4
765,30,886.9,203.0,65.0,148.7,0.89,76.4
765,31,935.2,13.6,38.9,88.8,0.97,76.4
765,32,456.6,40.7,39.3,96.1,0.85,76.4
766,1,517.6,38.6,41.9,96.4,0.93,76.5
766,2,339.0,178.0,62.4,140.1,0.91,76.5
766,10,871.2,127.6,49.9,120.6,0.88,76.5
766,11,833.4,146.0,48.1,131.4,0.85,76.5
766,12,833.5,131.3,45.1,122.9,0.99,76.5
766,13,859.1,136.5,55.0,127.2,0.89,76.5
766,14,857.1,113.3,47.5,120.7,0.91,76.5
766,30,883.6,202.5,56.6,150.5,0.95,76.5
766,31,934.4,12.3,36.8,87.5,0.94,76.5
766,32,454.4,39.3,34.0,94.3,0.92,76.5
767,1,523.4,39.8,35.9,92.1,0.86,76.6
767,2,341.5,172.7,51.9,139.8,0.89,76.6
767,10,875.1,130.4,47.2,118.5,0.89,76.6
767,11,829.0,149.5,51.4,127.0,0.99,76.6
767,12,832.2,127.9,47.1,125.3,0.97,76.6
767,13,856.0,143.1,49.6,124.1,0.92,76.6
767,14,857.8,115.5,46.0,119.2,0.81,76.6
767,30,878.7,202.9,62.9,150.8,0.86,76.6
767,31,940.3,20.4,31.9,85.2,0.89,76.6
767,32,446.6,40.2,40.7,92.6,0.92,76.6
768,1,516.4,43.0,38.5,91.7,0.87,76.7
768,2,335.7,182.8,60.3,137.2,0.98,76.7
768,10,873.8,132.3,50.1,122.1,0.94,76.7
768,11,827.0,147.6,52.5,130.3,0.89,76.7
768,12,830.2,127.1,55.9,125.7,0.89,76.7
768,13,865.1,135.3,48.0,128.9,0.93,76.7
768,14,857.7,114.3,49.0,120.0,0.94,76.7
768,30,882.1,210.1,61.0,148.9,0.94,76.7
768,31,937.7,16.2,37.3,86.9,0.83,76.7
768,32,450.2,38.0,38.2,93.4,0.9,76.7
769,1,520.1,44.0,33.3,91.9,0.91,76.8
769,2,329.2,182.1,56.1,139.4,0.94,76.8
769,10,873.2,132.0,45.5,120.5,0.87,76.8
769,11,832.9,149.2,50.2,129.6,0.96,76.8
769,12,832.0,131.1,50.0,123.7,0.89,76.8
769,13,864.9,140.9,51.0,125.1,0.99,76.8
769,14,858.1,116.4,48.8,117.2,0.82,76.8
769,30,884.4,207.4,57.3,149.6,0.91,76.8
769,31,945.9,19.6,33.7,86.4,0.89,76.8
769,32,447.4,39.0,40.5,93.5,0.99,76.8
770,1,519.6,38.5,39.2,93.5,0.87,76.9
770,2,341.8,185.1,48.5,136.2,0.92,76.9
770,10,861.8,128.8,51.1,121.5,0.87,76.9
770,11,832.5,146.8,50.5,129.6,0.91,76.9
770,12,835.6,131.6,44.6,123.6,0.95,76.9
770,13,853.9,137.6,53.4,125.5,0.85,76.9
770,14,854.0,119.0,50.6,115.2,0.97,76.9
770,30,882.4,208.3,65.3,148.7,0.99,76.9
770,31,950.0,21.6,31.2,87.1,0.86,76.9
770,32,443.0,39.5,34.3,93.1,0.88,76.9
771,1,519.8,37.7,36.3,93.3,0.89,77.0
771,2,340.2,185.7,51.9,134.2,0.96,77.0
771,10,874.3,129.2,45.9,123.1,0.93,77.0
771,11,834.2,147.9,51.4,130.6,0.86,77.0
771,12,835.1,133.5,53.3,120.6,0.81,77.0
771,13,860.2,141.3,54.0,125.2,0.91,77.0
771,14,857.1,113.4,42.1,119.2,0.94,77.0
771,30,883.7,210.9,60.2,149.0,0.91,77.0
771,31,945.4,18.4,29.2,82.8,0.94,77.0
771,32,448.7,39.9,39.2,94.5,0.81,77.0
772,1,520.9,39.1,34.9,95.0,0.92,77.1
772,2,339.5,178.4,51.9,142.1,0.94,77.1
772,10,869.8,129.1,43.9,120.9,0.94,77.1
772,11,830.6,147.7,57.8,132.0,0.95,77.1
772,12,832.3,132.4,45.8,121.4,0.92,77.1
772,13,863.3,138.5,51.1,125.3,0.86,77.1
772,14,857.3,117.8,52.1,118.2,0.87,77.1
772,30,876.5,213.8,64.5,148.0,0.9,77.1
772,31,942.3,17.1,34.5,87.9,0.95,77.1
772,32,432.6,37.3,38.9,95.4,0.96,77.1
773,1,517.9,42.2,38.7,93.4,0.83,77.2
773,2,336.7,174.7,49.3,138.8,0.88,77.2
773,10,867.0,131.9,43.3,119.5,0.85,77.2
773,11,829.0,144.9,53.5,132.7,0.92,77.2
773,12,833.1,131.1,48.5,122.9,0.97,77.2
773,13,862.3,140.0,46.7,126.2,0.91,77.2
773,14,866.9,115.3,41.4,117.6,0.87,77.2
773,30,884.9,216.1,62.1,146.8,0.88,77.2
773,31,947.8,15.5,37.1,85.9,0.85,77.2
773,32,447.9,37.4,36.1,96.0,0.91,77.2
774,1,522.6,42.1,36.3,91.9,0.84,77.3
774,2,333.1,177.9,59.1,139.6,0.96,77.3
774,10,864.3,131.7,51.8,121.1,0.87,77.3
774,11,831.7,139.3,52.5,135.0,0.85,77.3
774,12,835.3,127.2,49.1,122.2,0.88,77.3
774,13,861.7,142.4,46.7,123.1,0.89,77.3
774,14,859.3,116.2,41.7,118.6,0.86,77.3
774,30,882.1,213.5,55.5,150.0,0.89,77.3
774,31,948.8,19.0,29.3,83.0,0.94,77.3
774,32,446.1,37.9,35.5,95.3,0.88,77.3
775,1,514.6,40.4,40.0,94.6,0.85,77.4
775,2,339.3,176.0,52.8,142.7,0.88,77.4
775,10,874.8,129.6,44.9,119.9,0.95,77.4
775,11,824.8,146.1,57.1,128.0,0.84,77.4
775,12,837.2,131.0,45.3,125.3,0.99,77.4
775,13,859.2,139.6,50.6,127.0,0.93,77.4
775,14,865.7,117.7,41.7,118.9,0.85,77.4
775,30,878.2,211.5,61.6,152.2,0.9,77.4
775,31,948.1,17.0,30.2,86.3,0.85,77.4
775,32,440.4,40.8,41.5,93.5,0.87,77.4
776,1,518.5,40.4,41.7,94.2,0.88,77.5
776,2,340.0,182.8,53.5,138.4,0.93,77.5
776,10,873.7,131.4,44.1,118.6,0.93,77.5
776,11,828.8,148.5,53.9,127.5,0.89,77.5
776,12,831.8,128.1,51.6,125.7,0.86,77.5
776,13,863.2,140.7,45.8,126.1,0.81,77.5
776,14,854.1,114.3,51.3,119.2,0.91,77.5
776,30,872.7,216.6,64.4,154.8,0.93,77.5
776,31,947.0,16.0,38.9,92.2,0.91,77.5
776,32,436.8,43.2,39.7,92.5,0.92,77.5
777,1,524.5,41.0,32.8,91.8,0.87,77.6
777,2,330.2,178.2,62.3,140.3,0.92,77.6
777,10,870.1,126.7,49.8,121.5,0.93,77.6
777,11,826.0,148.0,53.1,129.0,0.86,77.6
777,12,833.6,128.7,44.2,124.0,0.93,77.6
777,13,866.4,140.3,43.7,123.5,0.97,77.6
777,14,862.1,117.9,43.9,117.5,0.98,77.6
777,30,887.9,217.6,60.0,146.1,0.87,77.6
777,31,948.2,15.0,37.4,87.7,0.86,77.6
777,32,442.7,41.5,41.7,93.6,0.84,77.6
778,1,522.2,37.7,40.6,95.3,0.87,77.7
778,2,331.7,180.0,60.8,137.1,0.97,77.7
778,10,871.0,124.8,49.8,122.4,0.92,77.7
778,11,832.9,152.3,45.7,126.8,0.93,77.7
778,12,833.4,131.1,49.1,122.8,0.9,77.7
778,13,853.7,140.3,54.6,128.2,0.85,77.7
778,14,858.1,112.6,50.8,120.3,0.85,77.7
778,30,883.6,220.9,57.7,153.4,0.85,77.7
778,31,948.6,15.8,31.7,87.4,0.99,77.7
778,32,438.8,38.9,41.3,93.3,0.9,77.7
779,1,523.9,41.6,33.7,90.5,0.94,77.8
779,2,344.5,167.3,53.9,140.1,0.83,77.8
779,10,864.0,130.3,52.3,120.0,0.92,77.8
779,11,834.5,147.6,52.7,129.9,0.84,77.8
779,12,830.4,125.6,55.1,128.3,0.83,77.8
779,13,855.8,141.4,54.6,124.2,0.94,77.8
779,14,861.2,115.5,44.5,119.9,0.85,77.8
779,30,876.6,212.6,53.5,148.1,0.93,77.8
779,31,946.4,17.4,36.1,86.6,0.83,77.8
779,32,442.2,40.7,37.4,92.3,0.92,77.8
780,1,516.6,41.5,39.0,94.6,0.97,77.9
780,2,340.6,178.9,62.7,140.2,0.86,77.9
780,10,867.9,129.9,52.2,121.1,0.99,77.9
780,11,829.5,149.0,49.6,129.0,0.86,77.9
780,12,833.0,126.4,50.9,127.7,0.92,77.9
780,13,857.8,138.4,52.1,126.7,0.87,77.9
780,14,858.1,118.9,43.6,117.3,0.83,77.9
780,30,881.6,219.9,65.0,150.9,0.93,77.9
780,31,944.6,19.8,31.4,83.5,0.99,77.9
780,32,436.7,41.4,40.5,94.7,0.98,77.9
781,1,519.9,42.0,35.4,93.2,0.92,78.0
781,2,331.9,182.7,54.5,140.7,0.93,78.0
781,10,870.3,131.0,45.3,123.1,0.88,78.0
781,11,830.5,148.4,51.1,127.7,0.9,78.0
781,12,827.4,129.4,53.0,124.9,0.81,78.0
781,13,859.0,138.6,45.8,126.7,0.91,78.0
781,14,861.4,115.8,45.8,116.5,0.94,78.0
781,30,875.8,220.3,56.9,152.4,0.9,78.0
781,31,949.7,15.3,37.1,85.7,0.92,78.0
781,32,438.3,44.6,37.8,92.1,0.88,78.0
782,1,521.5,42.2,34.9,91.8,0.92,78.1
782,2,331.0,173.5,63.9,144.4,0.85,78.1
782,10,872.0,128.0,45.7,122.9,0.9,78.1
782,11,828.5,147.5,50.8,128.2,0.99,78.1
782,12,836.9,129.4,47.7,123.0,0.92,78.1
782,13,857.9,136.8,58.1,129.5,0.94,78.1
782,14,861.8,117.8,44.7,117.4,0.86,78.1
782,30,876.1,229.2,57.1,157.4,0.87,78.1
782,31,950.6,14.9,36.8,91.3,0.98,78.1
782,32,441.9,35.9,34.8,95.3,0.86,78.1
783,1,521.2,39.9,39.6,94.0,0.99,78.2
783,2,330.6,179.4,58.6,143.1,0.89,78.2
783,10,870.3,129.2,49.1,123.2,0.81,78.2
783,11,827.8,148.3,55.4,130.0,0.94,78.2
783,12,836.4,124.6,47.0,126.1,0.9,78.2
783,13,860.6,136.1,52.0,129.2,0.92,78.2
783,14,859.2,115.2,49.7,121.5,0.83,78.2
783,30,874.2,221.6,57.4,155.1,0.86,78.2
783,31,959.2,17.6,30.5,84.8,0.9,78.2
783,32,432.5,38.5,39.6,92.6,0.96,78.2
784,1,517.1,39.6,37.6,93.6,0.98,78.3
784,2,338.5,178.5,50.2,139.3,0.93,78.3
784,10,868.7,129.0,54.0,122.2,0.89,78.3
784,11,828.0,148.9,58.2,131.5,0.99,78.3
784,12,833.1,126.1,46.5,125.2,0.9,78.3
784,13,862.2,135.8,50.8,129.5,0.94,78.3
784,14,858.6,118.6,46.8,115.7,0.94,78.3
784,30,882.6,227.1,56.0,154.9,0.91,78.3
784,31,955.8,15.4,34.3,84.9,0.78,78.3
784,32,426.2,44.3,38.3,93.8,0.85,78.3
785,1,518.8,39.0,40.8,95.6,0.9,78.4
785,2,336.3,178.4,62.1,140.7,0.96,78.4
785,10,873.3,125.5,45.3,121.4,0.85,78.4
785,11,830.5,148.1,54.1,129.3,0.93,78.4
785,12,833.0,132.2,53.2,123.5,0.78,78.4
785,13,858.6,143.9,43.6,123.2,0.93,78.4
785,14,851.9,114.4,47.8,121.5,0.89,78.4
785,30,880.2,224.6,57.2,151.5,0.86,78.4
785,31,956.4,17.8,30.6,86.3,0.86,78.4
785,32,429.7,39.5,40.1,92.2,0.92,78.4
786,1,518.5,39.6,35.3,93.7,0.83,78.5
786,2,332.7,172.5,58.7,148.2,0.9,78.5
786,10,868.8,131.4,42.6,118.9,0.85,78.5
786,11,826.1,145.1,58.2,129.3,0.87,78.5
786,12,828.7,130.6,54.8,124.3,0.91,78.5
786,13,860.6,141.6,53.3,123.7,0.93,78.5
786,14,860.6,112.3,47.5,123.9,0.87,78.5
786,30,875.1,216.9,54.2,153.3,0.87,78.5
786,31,960.2,22.2,37.2,83.9,0.87,78.5
786,32,430.9,38.2,41.3,94.3,0.91,78.5
787,1,520.4,43.3,34.5,90.3,0.85,78.6
787,2,345.5,181.2,53.6,136.9,0.89,78.6
787,10,868.8,128.4,50.2,123.1,0.88,78.6
787,11,830.8,144.8,47.5,130.3,0.95,78.6
787,12,837.0,128.6,46.6,123.8,0.8,78.6
787,13,860.5,139.1,55.5,125.6,0.92,78.6
787,14,857.4,116.7,44.8,118.8,0.93,78.6
787,30,873.3,222.0,57.7,159.0,0.88,78.6
787,31,957.4,17.0,34.6,84.5,0.9,78.6
787,32,439.3,38.6,37.2,95.0,0.92,78.6
788,1,516.7,41.3,39.6,92.1,0.89,78.7
788,2,339.9,179.4,48.5,138.4,0.99,78.7
788,10,869.9,129.5,48.9,122.0,0.87,78.7
788,11,822.9,146.4,53.5,128.2,0.94,78.7
788,12,829.6,127.1,54.2,126.8,0.87,78.7
788,13,864.6,142.3,44.9,127.6,0.91,78.7
788,14,861.0,115.6,46.5,116.9,0.89,78.7
788,30,872.6,234.9,65.7,155.1,0.84,78.7
788,31,962.3,18.6,34.4,84.1,0.87,78.7
788,32,432.2,39.3,38.6,93.2,0.92,78.7
789,1,515.6,40.9,42.3,94.2,0.88,78.8
789,2,341.9,174.0,55.0,141.3,0.84,78.8
789,10,870.2,129.9,42.2,120.5,0.95,78.8
789,11,836.7,147.2,46.0,130.0,0.97,78.8
789,12,830.9,126.8,47.0,125.9,0.91,78.8
789,13,857.9,137.9,55.3,128.1,0.88,78.8
789,14,862.8,117.3,43.2,117.2,0.99,78.8
789,30,869.5,231.6,70.0,156.7,0.94,78.8
789,31,962.8,19.0,29.5,84.3,0.87,78.8
789,32,426.3,39.4,33.8,93.4,0.95,78.8
790,1,521.1,39.2,37.7,94.6,0.86,78.9
790,2,335.5,171.8,59.9,140.8,0.81,78.9
790,10,865.2,128.1,51.7,123.0,0.89,78.9
790,11,832.0,146.5,45.8,130.8,0.88,78.9
790,12,836.3,127.0,50.4,124.4,0.9,78.9
790,13,857.2,139.8,56.0,129.9,0.92,78.9
790,14,853.5,116.9,48.8,117.9,0.88,78.9
790,30,867.8,234.2,65.4,156.5,0.92,78.9
790,31,967.4,19.5,31.8,82.6,0.81,78.9
790,32,428.5,40.9,34.1,91.8,0.88,78.9
791,1,517.8,40.4,39.7,93.9,0.9,79.0
791,2,331.3,175.3,58.5,140.3,0.78,79.0
791,10,866.0,132.4,47.6,118.7,0.88,79.0
791,11,824.6,147.1,52.8,130.0,0.82,79.0
791,12,830.6,127.5,55.7,125.9,0.85,79.0
791,13,863.5,142.9,45.9,127.9,0.81,79.0
791,14,858.1,113.1,44.0,117.5,0.88,79.0
791,30,864.7,232.3,70.5,159.2,0.99,79.0
791,31,963.4,15.2,35.0,88.1,0.97,79.0
791,32,422.3,43.3,36.2,91.5,0.85,79.0
792,1,519.2,40.9,36.8,91.8,0.9,79.1
792,2,330.0,183.5,61.1,139.0,0.94,79.1
792,10,868.4,129.1,44.6,120.5,0.88,79.1
792,11,831.4,146.4,55.1,129.8,0.78,79.1
792,12,829.0,129.5,54.1,123.4,0.93,79.1
792,13,859.9,138.4,52.3,126.8,0.98,79.1
792,14,857.2,112.9,51.0,120.7,0.89,79.1
792,30,868.2,233.9,69.1,155.7,0.92,79.1
792,31,962.6,21.5,37.2,85.6,0.92,79.1
792,32,428.3,38.7,36.0,92.0,0.91,79.1
793,1,518.5,40.3,37.2,93.0,0.83,79.2
793,2,340.8,176.7,52.4,137.5,0.94,79.2
793,10,868.6,126.1,55.3,124.7,0.85,79.2
793,11,825.2,146.4,52.5,129.3,0.93,79.2
793,12,834.3,132.8,52.5,120.6,0.95,79.2
793,13,859.4,139.5,49.4,127.1,0.87,79.2
793,14,860.2,116.8,49.7,117.2,0.89,79.2
793,30,858.0,233.6,66.7,160.7,0.96,79.2
793,31,955.0,19.2,36.3,84.2,0.89,79.2
793,32,425.6,42.6,36.0,93.7,0.96,79.2
794,1,516.6,42.6,39.4,91.6,0.89,79.3
794,2,327.9,181.9,61.6,139.4,0.84,79.3
794,10,868.1,127.8,44.3,121.2,0.94,79.3
794,11,831.4,146.1,54.9,130.8,0.85,79.3
794,12,832.7,133.8,50.7,121.7,0.79,79.3
794,13,855.0,138.2,51.1,127.4,0.97,79.3
794,14,859.2,118.4,48.8,116.2,0.86,79.3
794,30,867.5,238.0,63.8,155.9,0.87,79.3
794,31,958.8,18.2,38.0,86.3,0.9,79.3
794,32,432.7,35.7,36.4,93.0,0.86,79.3
795,1,524.3,40.2,32.5,91.9,0.9,79.4
795,2,340.5,180.5,53.6,136.5,0.91,79.4
795,10,865.2,125.0,50.7,122.1,0.93,79.4
795,11,827.2,154.7,49.9,126.8,0.94,79.4
795,12,830.7,125.7,50.2,124.6,0.92,79.4
795,13,860.0,142.0,48.7,125.0,0.87,79.4
795,14,862.6,112.2,43.0,119.7,0.88,79.4
795,30,870.6,235.9,55.6,158.4,0.86,79.4
795,31,964.5,17.5,38.1,84.9,0.89,79.4
795,32,425.7,41.4,32.6,89.9,0.95,79.4
796,1,520.6,38.5,35.8,95.2,0.92,79.5
796,2,334.7,178.5,50.6,141.9,0.86,79.5
796,10,869.7,129.7,49.4,121.7,0.9,79.5
796,11,826.7,144.6,51.9,131.3,0.94,79.5
796,12,834.4,128.8,52.5,123.7,0.85,79.5
796,13,867.2,136.2,45.8,130.3,0.87,79.5
796,14,857.3,112.7,49.8,120.7,0.93,79.5
796,30,868.3,235.6,67.6,155.9,0.81,79.5
796,31,962.4,18.3,36.7,85.6,0.89,79.5
796,32,416.7,41.5,41.3,96.4,0.97,79.5
797,1,520.8,41.6,36.4,92.4,0.92,79.6
797,2,332.8,175.9,52.8,142.3,0.96,79.6
797,10,872.1,130.3,46.1,121.1,0.96,79.6
797,11,826.7,148.7,53.1,125.6,0.91,79.6
797,12,836.9,129.0,43.4,121.8,0.89,79.6
797,13,858.0,142.8,45.6,122.0,0.93,79.6
797,14,859.1,117.4,48.4,116.7,0.9,79.6
797,30,869.0,234.3,57.1,157.3,0.92,79.6
797,31,964.2,20.9,30.0,83.3,0.99,79.6
797,32,419.7,38.8,38.3,94.6,0.94,79.6
798,1,517.7,37.6,37.7,94.9,0.93,79.7
798,2,340.3,175.4,61.1,142.0,0.87,79.7
798,10,869.5,128.2,49.1,121.6,0.87,79.7
798,11,827.6,147.0,53.9,130.8,0.93,79.7
798,12,835.3,127.1,44.2,123.0,0.83,79.7
798,13,861.0,139.0,50.3,127.7,0.87,79.7
798,14,856.7,114.3,47.3,118.7,0.97,79.7
798,30,864.5,237.9,65.9,159.8,0.94,79.7
798,31,967.1,22.1,29.2,83.0,0.92,79.7
798,32,417.1,42.7,34.8,95.9,0.89,79.7
799,1,517.2,41.6,41.3,93.6,0.95,79.8
799,2,331.3,180.2,57.1,137.9,0.84,79.8
799,10,868.4,128.6,46.2,120.8,0.86,79.8
799,11,834.1,147.1,49.6,128.4,0.85,79.8
799,12,834.0,128.3,45.4,122.7,0.85,79.8
799,13,860.9,137.6,57.0,130.8,0.96,79.8
799,14,862.5,111.2,45.9,119.2,0.85,79.8
799,30,857.8,237.5,66.7,161.1,0.93,79.8
799,31,961.8,14.6,37.5,87.6,0.99,79.8
799,32,410.9,40.2,41.8,93.1,0.86,79.8
800,1,517.2,42.1,34.2,92.3,0.91,79.9
800,2,338.6,176.4,50.6,136.2,0.93,79.9
800,10,865.8,124.9,50.1,123.8,0.86,79.9
800,11,825.4,149.4,55.6,128.0,0.94,79.9
800,12,830.4,129.2,48.0,122.5,0.9,79.9
800,13,860.5,136.5,54.4,129.6,0.99,79.9
800,14,858.5,117.9,49.8,118.0,0.84,79.9
800,30,858.8,238.9,63.8,159.0,0.99,79.9
800,31,965.7,16.6,35.2,86.2,0.95,79.9
800,32,419.7,34.3,35.5,96.2,0.81,79.9
801,1,519.9,39.5,41.1,94.3,0.9,80.0
801,2,338.7,182.2,49.8,137.9,0.92,80.0
801,10,867.6,127.7,53.2,122.4,0.92,80.0
801,11,829.6,145.4,54.5,131.4,0.9,80.0
801,12,824.7,126.2,52.9,123.9,0.88,80.0
801,13,860.4,139.2,55.4,125.6,0.99,80.0
801,14,857.3,119.7,51.5,117.5,0.84,80.0
801,30,861.4,241.8,65.6,160.4,0.93,80.0
801,31,975.3,15.8,32.4,89.4,0.92,80.0
801,32,425.0,35.8,36.8,94.4,0.92,80.0
802,1,522.2,40.0,34.9,93.1,0.89,80.1
802,2,336.6,173.7,52.0,141.9,0.95,80.1
802,10,876.7,121.9,48.9,125.7,0.93,80.1
802,11,827.6,145.7,57.4,130.4,0.89,80.1
802,12,833.9,132.0,48.8,120.9,0.9,80.1
802,13,862.6,141.4,50.3,124.6,0.85,80.1
802,14,860.0,115.8,47.7,118.5,0.84,80.1
802,30,850.3,241.5,65.3,162.8,0.81,80.1
802,31,969.4,17.5,33.1,84.8,0.91,80.1
802,32,415.0,41.1,39.5,93.3,0.98,80.1
803,1,520.3,39.3,37.4,92.7,0.97,80.2
803,2,332.9,176.3,54.0,140.0,0.84,80.2
803,10,868.4,125.6,50.3,121.9,0.89,80.2
803,11,827.2,148.3,57.4,127.6,0.86,80.2
803,12,829.5,132.0,48.9,121.3,0.96,80.2
803,13,855.2,141.2,53.6,126.7,0.83,80.2
803,14,853.2,112.7,54.6,121.6,0.96,80.2
803,30,859.0,239.0,61.4,163.1,0.88,80.2
803,31,975.5,19.7,30.9,81.0,0.94,80.2
803,32,415.8,38.9,38.7,91.6,0.96,80.2
804,1,514.5,43.8,38.4,91.3,0.77,80.3
804,2,334.1,175.5,57.0,138.2,0.89,80.3
804,10,869.4,128.9,47.2,120.7,0.89,80.3
804,11,835.5,151.5,45.3,129.3,0.86,80.3
804,12,829.3,131.5,50.3,122.1,0.86,80.3
804,13,860.9,140.6,55.8,125.2,0.95,80.3
804,14,858.2,119.7,50.0,113.9,0.84,80.3
804,30,852.7,241.7,65.0,163.7,0.91,80.3
804,31,970.8,19.2,36.9,82.8,0.96,80.3
804,32,417.6,40.7,34.4,92.0,0.96,80.3
805,1,517.0,41.0,39.6,92.4,0.87,80.4
805,2,343.6,177.5,49.8,140.4,0.92,80.4
805,10,871.2,128.8,49.5,120.5,0.9,80.4
805,11,833.3,146.6,45.6,129.6,0.89,80.4
805,12,830.2,132.0,52.1,119.5,0.88,80.4
805,13,865.9,137.4,46.5,125.8,0.92,80.4
805,14,854.4,114.9,51.0,116.5,0.88,80.4
805,30,856.4,250.7,61.9,162.1,0.91,80.4
805,31,970.4,16.1,39.3,89.0,0.91,80.4
805,32,416.8,44.4,37.4,91.5,0.84,80.4
806,1,515.3,37.0,42.7,95.3,0.9,80.5
806,2,333.2,179.8,60.1,139.4,0.95,80.5
806,10,870.0,127.5,46.8,121.9,0.81,80.5
806,11,832.3,147.8,48.0,127.1,0.87,80.5
806,12,834.2,134.6,44.0,122.6,0.88,80.5
806,13,855.3,140.2,54.5,126.2,0.92,80.5
806,14,860.9,115.3,42.2,115.5,0.88,80.5
806,30,851.2,244.9,59.0,159.3,0.78,80.5
806,31,973.5,19.3,31.7,86.2,0.87,80.5
806,32,422.7,42.5,32.8,92.3,0.95,80.5
807,1,518.8,40.5,39.1,92.5,0.9,80.6
807,2,336.1,175.7,59.9,139.5,0.89,80.6
807,10,866.5,124.2,48.1,124.8,0.91,80.6
807,11,829.4,147.8,55.9,129.4,0.84,80.6
807,12,830.4,130.8,48.6,121.8,0.84,80.6
807,13,862.2,139.6,44.8,125.7,0.93,80.6
807,14,854.4,111.5,52.1,117.6,0.86,80.6
807,30,854.1,247.4,58.7,163.8,0.88,80.6
807,31,981.6,19.1,35.8,85.4,0.85,80.6
807,32,417.3,40.1,33.8,93.6,0.89,80.6
808,1,520.3,42.4,36.6,92.0,0.88,80.7
808,2,334.2,180.2,59.5,135.4,0.93,80.7
808,10,869.6,128.9,46.8,121.4,0.97,80.7
808,11,827.7,144.2,53.7,133.9,0.92,80.7
808,12,833.2,130.7,50.5,119.5,0.89,80.7
808,13,859.9,141.7,51.7,123.9,0.9,80.7
808,14,858.1,118.4,50.8,117.4,0.89,80.7
808,30,859.6,250.7,66.8,162.9,0.99,80.7
808,31,974.9,20.4,36.4,85.5,0.98,80.7
808,32,419.8,41.7,33.5,92.9,0.88,80.7
809,1,521.5,39.1,34.3,95.0,0.9,80.8
809,2,332.9,178.5,61.2,139.0,0.98,80.8
809,10,868.8,123.6,52.7,126.1,0.92,80.8
809,11,827.9,147.2,55.6,127.1,0.89,80.8
809,12,830.3,128.7,45.1,122.3,0.91,80.8
809,13,861.0,143.2,47.3,124.1,0.91,80.8
809,14,857.5,119.8,48.5,117.2,0.9,80.8
809,30,850.4,251.9,62.4,159.2,0.99,80.8
809,31,972.2,22.4,37.3,84.3,0.93,80.8
809,32,409.0,43.3,39.3,92.7,0.87,80.8
810,1,523.2,40.9,36.6,91.6,0.93,80.9
810,2,335.9,176.6,55.0,135.8,0.99,80.9
810,10,870.3,125.0,45.7,121.8,0.79,80.9
810,11,832.0,148.3,48.8,128.4,0.89,80.9
810,12,836.5,128.6,43.7,122.7,0.82,80.9
810,13,861.4,139.5,45.0,127.0,0.87,80.9
810,14,859.7,114.7,49.8,119.7,0.9,80.9
810,30,850.7,253.8,63.1,163.1,0.91,80.9
810,31,973.7,19.6,38.9,88.5,0.89,80.9
810,32,409.7,40.4,35.4,93.1,0.81,80.9
811,1,519.2,44.9,36.6,90.3,0.94,81.0
811,2,333.2,174.7,60.1,141.1,0.84,81.0
811,10,870.9,125.8,48.2,123.0,0.78,81.0
811,11,833.9,147.6,47.7,130.3,0.9,81.0
811,12,834.2,131.8,43.7,122.1,0.91,81.0
811,13,861.3,137.1,45.2,127.3,0.85,81.0
811,14,855.7,113.8,51.1,119.1,0.94,81.0
811,30,852.7,245.5,60.7,164.0,0.88,81.0
811,31,974.7,18.3,37.8,86.4,0.91,81.0
811,32,409.0,40.4,39.5,96.1,0.83,81.0
812,1,522.3,38.2,37.7,93.9,0.93,81.1
812,2,328.1,181.2,53.6,136.8,0.87,81.1
812,10,871.3,130.2,48.6,122.4,0.87,81.1
812,11,831.9,147.8,46.6,127.4,0.88,81.1
812,12,833.1,132.5,43.1,119.4,0.89,81.1
812,13,858.8,141.3,57.2,128.9,0.93,81.1
812,14,857.2,114.9,51.1,118.4,0.84,81.1
812,30,854.1,259.1,66.6,164.2,0.86,81.1
812,31,974.4,14.2,33.9,88.7,0.86,81.1
812,32,408.2,37.7,42.1,96.8,0.95,81.1
813,1,519.6,41.2,34.6,94.2,0.99,81.2
813,2,334.0,184.4,54.5,139.5,0.89,81.2
813,10,867.9,124.5,50.7,123.6,0.9,81.2
813,11,829.2,146.8,52.6,130.2,0.94,81.2
813,12,828.9,129.6,48.1,123.1,0.88,81.2
813,13,859.8,140.9,56.6,126.4,0.97,81.2
813,14,859.1,116.2,47.3,118.5,0.94,81.2
813,30,850.8,258.5,64.1,161.1,0.87,81.2
813,31,975.3,15.9,36.1,84.2,0.99,81.2
813,32,406.7,41.8,37.9,95.3,0.94,81.2
814,1,518.9,41.2,40.0,92.8,0.78,81.3
814,2,332.3,175.0,59.0,139.6,0.87,81.3
814,10,870.2,127.9,47.1,122.9,0.86,81.3
814,11,828.9,147.6,55.5,129.2,0.89,81.3
814,12,830.4,131.5,53.4,122.0,0.88,81.3
814,13,858.7,143.6,50.5,122.6,0.99,81.3
814,14,860.1,117.3,41.6,118.3,0.86,81.3
814,30,845.9,245.4,59.9,165.8,0.98,81.3
814,31,984.1,17.2,35.2,83.2,0.94,81.3
814,32,404.7,41.8,33.6,93.0,0.84,81.3
815,1,517.6,37.4,40.7,95.9,0.9,81.4
815,2,330.7,178.0,54.5,138.9,0.99,81.4
815,10,868.1,125.0,49.7,124.1,0.92,81.4
815,11,828.3,152.1,53.8,126.1,0.88,81.4
815,12,828.5,125.9,50.8,125.7,0.9,81.4
815,13,861.0,136.3,53.9,125.8,0.92,81.4
815,14,854.5,115.2,52.7,118.4,0.89,81.4
815,30,836.5,254.0,74.0,168.1,0.77,81.4
815,31,977.7,17.3,37.4,84.0,0.89,81.4
815,32,393.3,42.8,39.8,93.9,0.86,81.4
816,1,521.9,39.0,33.7,94.5,0.87,81.5
816,2,339.0,174.8,50.1,138.9,0.92,81.5
816,10,868.2,128.0,53.8,123.0,0.88,81.5
816,11,826.1,153.1,55.2,128.2,0.91,81.5
816,12,826.6,128.9,53.9,122.6,0.88,81.5
816,13,857.6,140.8,54.0,127.5,0.86,81.5
816,14,855.7,115.9,46.9,117.2,0.88,81.5
816,30,844.9,262.1,70.4,164.2,0.99,81.5
816,31,985.2,18.1,37.9,87.3,0.92,81.5
816,32,405.1,40.1,33.6,92.9,0.82,81.5
817,1,518.2,39.3,39.7,94.6,0.87,81.6
817,2,337.8,171.6,53.9,138.6,0.84,81.6
817,10,867.0,122.0,51.6,124.9,0.98,81.6
817,11,834.6,147.6,45.5,126.2,0.98,81.6
817,12,834.1,128.2,52.0,123.0,0.95,81.6
817,13,855.2,142.7,55.3,125.0,0.99,81.6
817,14,863.1,115.6,46.5,116.2,0.97,81.6
817,30,847.9,263.6,63.8,166.3,0.91,81.6
817,31,986.7,15.6,35.9,85.8,0.84,81.6
817,32,402.0,42.2,38.5,94.1,0.87,81.6
818,1,519.3,38.6,34.6,95.9,0.86,81.7
818,2,338.5,171.8,55.8,141.9,0.93,81.7
818,10,871.2,128.9,47.0,119.7,0.88,81.7
818,11,831.3,151.5,49.1,126.2,0.84,81.7
818,12,825.6,125.8,55.6,124.8,0.84,81.7
818,13,858.7,139.1,55.4,124.8,0.95,81.7
818,14,858.5,117.2,47.7,115.4,0.81,81.7
818,30,852.4,261.7,63.4,163.5,0.86,81.7
818,31,988.8,15.6,34.2,85.8,0.87,81.7
818,32,411.7,36.4,40.9,94.6,0.89,81.7
819,1,525.0,40.1,38.2,91.4,0.94,81.8
819,2,336.9,173.4,54.4,138.3,0.99,81.8
819,10,868.1,127.5,52.1,122.9,0.92,81.8
819,11,828.3,146.3,52.5,126.8,0.85,81.8
819,12,827.4,126.6,51.0,122.8,0.87,81.8
819,13,860.6,137.6,50.3,128.0,0.97,81.8
819,14,853.9,116.8,44.6,117.8,0.82,81.8
819,30,837.2,249.2,74.5,170.2,0.82,81.8
819,31,982.3,17.2,35.4,84.4,0.99,81.8
819,32,400.7,41.3,33.5,94.1,0.87,81.8
820,1,520.0,41.6,38.2,91.2,0.94,81.9
820,2,335.3,175.3,49.8,139.9,0.96,81.9
820,10,866.3,125.3,45.7,125.0,0.86,81.9
820,11,827.0,146.8,51.7,130.5,0.94,81.9
820,12,835.9,128.1,44.7,120.9,0.93,81.9
820,13,859.0,140.5,55.1,127.7,0.91,81.9
820,14,858.5,116.5,43.1,117.6,0.91,81.9
820,30,853.6,260.8,63.2,164.5,0.84,81.9
820,31,985.4,15.3,32.0,87.6,0.89,81.9
820,32,398.4,40.2,35.2,96.7,0.92,81.9
821,1,521.2,40.5,35.8,93.3,0.88,82.0
821,2,331.4,179.3,58.8,138.1,0.84,82.0
821,10,869.5,128.4,50.8,122.9,0.89,82.0
821,11,828.0,142.8,46.4,130.3,0.89,82.0
821,12,835.3,126.8,44.2,125.1,0.87,82.0
821,13,860.7,140.9,51.7,126.1,0.87,82.0
821,14,857.7,114.7,51.8,119.2,0.91,82.0
821,31,985.3,17.8,33.1,85.9,0.89,82.0
821,32,396.2,43.1,41.6,93.9,0.99,82.0
822,1,518.3,41.8,40.8,93.3,0.95,82.1
822,2,337.8,180.6,55.0,137.4,0.92,82.1
822,10,867.8,126.6,52.0,119.6,0.88,82.1
822,11,832.0,145.7,49.4,129.8,0.99,82.1
822,12,830.5,127.3,49.9,125.0,0.86,82.1
822,13,860.0,137.4,52.3,127.1,0.91,82.1
822,14,856.0,115.1,52.1,116.8,0.78,82.1
822,31,980.4,15.5,33.1,88.2,0.87,82.1
822,32,396.5,42.7,39.7,93.5,0.88,82.1
823,1,519.1,42.8,37.4,92.2,0.9,82.2
823,2,332.8,183.6,59.2,136.7,0.86,82.2
823,10,873.8,125.2,45.5,125.6,0.93,82.2
823,11,830.5,144.1,46.3,130.9,0.99,82.2
823,12,829.4,131.3,49.9,122.1,0.87,82.2
823,13,862.5,139.5,46.0,125.7,0.94,82.2
823,14,862.3,115.4,41.3,117.7,0.97,82.2
823,31,987.7,17.7,29.4,84.0,0.84,82.2
823,32,390.9,45.9,39.8,93.7,0.9,82.2
824,1,516.9,43.9,32.4,91.8,0.97,82.3
824,2,337.4,174.2,52.2,141.5,0.84,82.3
824,10,864.2,125.3,52.9,123.3,0.92,82.3
824,11,825.6,147.6,52.2,129.5,0.91,82.3
824,12,830.4,126.5,49.3,124.5,0.93,82.3
824,13,862.1,138.3,51.9,129.9,0.9,82.3
824,14,852.8,116.2,47.7,119.0,0.92,82.3
824,31,987.0,20.7,36.8,84.5,0.85,82.3
824,32,394.9,41.5,33.1,91.8,0.74,82.3
825,1,521.3,40.8,33.6,94.1,0.92,82.4
825,2,333.8,179.1,58.5,139.9,0.96,82.4
825,10,870.2,124.7,47.8,126.7,0.95,82.4
825,11,825.5,148.0,55.8,126.9,0.81,82.4
825,12,829.4,131.2,52.0,121.9,0.89,82.4
825,13,860.8,144.7,53.0,125.7,0.92,82.4
825,14,861.6,114.7,44.5,121.6,0.83,82.4
825,31,993.2,18.6,32.8,84.1,0.88,82.4
825,32,388.6,39.9,41.0,97.0,0.93,82.4
826,1,516.1,39.8,40.6,92.9,0.89,82.5
826,2,337.5,173.5,57.0,137.8,0.93,82.5
826,10,865.8,127.4,53.2,124.3,0.91,82.5
826,11,832.8,147.6,46.7,127.8,0.95,82.5
826,12,833.6,125.4,48.9,121.2,0.88,82.5
826,13,857.7,139.1,54.0,126.8,0.87,82.5
826,14,861.5,119.3,49.4,115.5,0.91,82.5
826,31,988.3,18.4,37.2,86.4,0.82,82.5
826,32,398.9,40.7,38.4,91.2,0.82,82.5
827,1,518.1,39.6,40.3,94.0,0.97,82.6
827,2,329.3,178.2,59.2,136.7,0.92,82.6
827,10,861.9,125.0,54.7,123.1,0.83,82.6
827,11,829.5,141.7,48.3,130.2,0.99,82.6
827,12,831.1,127.4,52.5,120.9,0.9,82.6
827,13,857.3,134.9,54.7,128.8,0.87,82.6
827,14,859.3,117.1,46.2,118.4,0.91,82.6
827,31,996.4,15.7,38.4,87.2,0.89,82.6
827,32,396.9,38.6,42.1,94.6,0.91,82.6
828,1,519.8,44.9,36.1,90.1,0.99,82.7
828,2,337.7,178.9,52.4,136.7,0.94,82.7
828,10,865.4,125.8,46.3,122.6,0.88,82.7
828,11,828.4,146.8,55.5,129.3,0.82,82.7
828,12,831.8,128.9,48.2,122.6,0.88,82.7
828,13,856.0,143.4,51.8,124.9,0.96,82.7
828,14,853.7,112.4,50.8,118.0,0.84,82.7
828,31,986.9,12.3,36.6,89.2,0.93,82.7
828,32,394.4,40.6,37.0,95.8,0.86,82.7
829,1,514.1,41.4,40.7,93.5,0.88,82.8
829,2,332.2,178.6,61.2,140.9,0.87,82.8
829,10,872.9,127.9,48.3,126.1,0.83,82.8
829,11,829.0,146.6,50.1,127.2,0.91,82.8
829,12,831.9,130.8,47.9,121.9,0.86,82.8
829,13,856.2,139.2,51.9,125.6,0.93,82.8
829,14,858.6,120.4,42.9,115.4,0.83,82.8
829,31,994.2,14.2,37.9,87.8,0.87,82.8
829,32,389.3,40.9,40.3,96.3,0.85,82.8
830,1,517.4,37.1,41.4,96.3,0.86,82.9
830,2,336.6,181.2,53.0,138.0,0.95,82.9
830,10,869.6,125.0,48.8,123.8,0.8,82.9
830,11,829.1,147.5,52.2,129.4,0.83,82.9
830,12,833.3,132.1,50.2,118.0,0.89,82.9
830,13,861.9,140.3,46.8,125.9,0.91,82.9
830,14,856.7,118.6,45.9,115.8,0.79,82.9
830,31,992.4,16.5,33.8,84.5,0.9,82.9
830,32,391.8,40.2,35.9,95.6,0.89,82.9
831,1,518.2,42.1,34.0,92.2,0.92,83.0
831,2,330.7,178.7,51.7,138.4,0.83,83.0
831,10,871.1,126.4,43.7,124.5,0.92,83.0
831,11,831.4,149.7,48.0,129.6,0.95,83.0
831,12,827.9,129.9,53.8,121.7,0.76,83.0
831,13,861.0,142.6,53.4,124.5,0.92,83.0
831,14,861.3,114.5,42.3,119.4,0.95,83.0
831,31,995.9,12.9,34.0,86.7,0.95,83.0
831,32,391.1,37.1,41.3,93.4,0.94,83.0
832,1,516.3,38.2,34.4,96.3,0.92,83.1
832,2,337.7,174.3,47.8,136.3,0.92,83.1
832,10,865.5,127.6,48.4,121.3,0.84,83.1
832,11,831.5,147.0,50.8,128.7,0.84,83.1
832,12,828.3,124.9,49.6,125.8,0.87,83.1
832,13,860.6,139.2,46.2,129.8,0.99,83.1
832,14,856.0,115.0,44.4,119.1,0.99,83.1
832,31,997.7,14.6,32.8,88.6,0.93,83.1
832,32,392.4,41.4,34.9,91.5,0.84,83.1
833,1,515.1,42.9,40.4,90.8,0.93,83.2
833,2,328.6,179.9,57.9,139.7,0.9,83.2
833,10,873.5,126.5,46.4,121.4,0.92,83.2
833,11,832.4,148.9,49.2,127.0,0.93,83.2
833,12,836.3,127.3,47.4,121.2,0.93,83.2
833,13,863.3,137.1,48.0,127.0,0.9,83.2
833,14,854.4,118.1,51.6,118.6,0.96,83.2
833,31,994.9,16.7,36.6,84.0,0.93,83.2
833,32,396.9,39.1,36.0,92.6,0.95,83.2
834,1,517.1,43.9,40.0,91.1,0.92,83.3
834,2,331.5,181.5,54.9,140.1,0.88,83.3
834,10,864.9,128.4,53.4,121.6,0.91,83.3
834,11,827.8,149.5,54.9,129.1,0.86,83.3
834,12,834.2,129.1,43.5,121.3,0.99,83.3
834,13,859.6,139.4,53.1,126.2,0.92,83.3
834,14,860.6,116.2,46.2,116.4,0.87,83.3
834,31,999.6,13.4,38.0,86.6,0.95,83.3
834,32,394.5,40.9,34.3,93.7,0.97,83.3
835,1,519.0,41.8,38.1,90.9,0.9,83.4
835,2,331.2,181.7,51.8,141.2,0.91,83.4
835,10,871.3,125.8,45.4,123.0,0.88,83.4
835,11,829.4,146.4,47.1,129.5,0.9,83.4
835,12,839.7,125.9,43.7,124.5,0.91,83.4
835,13,855.2,142.3,57.2,128.6,0.95,83.4
835,14,863.7,114.6,42.9,119.4,0.97,83.4
835,31,1002.7,19.5,30.2,85.0,0.97,83.4
835,32,390.6,39.6,38.3,92.1,0.81,83.4
836,1,515.9,40.3,40.9,94.8,0.93,83.5
836,2,335.1,179.0,52.2,136.5,0.92,83.5
836,10,867.3,128.0,52.5,123.1,0.78,83.5
836,11,834.8,149.6,46.5,126.8,0.87,83.5
836,12,828.7,125.9,53.9,123.6,0.8,83.5
836,13,859.6,143.6,52.6,123.0,0.96,83.5
836,14,852.3,113.9,49.6,119.4,0.78,83.5
836,31,1001.9,17.9,33.9,87.7,0.97,83.5
836,32,387.3,40.5,35.9,92.9,0.89,83.5
837,1,518.0,39.6,42.0,93.4,0.86,83.6
837,2,329.1,176.2,50.2,142.6,0.88,83.6
837,10,874.6,125.9,46.6,123.7,0.93,83.6
837,11,827.6,146.2,53.4,126.1,0.99,83.6
837,12,834.3,129.7,44.9,122.3,0.89,83.6
837,13,857.5,140.4,56.6,128.4,0.99,83.6
837,14,863.3,115.9,43.0,115.9,0.89,83.6
837,31,996.3,18.4,36.6,82.9,0.87,83.6
837,32,393.5,39.5,38.4,93.8,0.86,83.6
838,1,518.4,40.2,39.9,91.4,0.87,83.7
838,2,334.8,174.6,50.1,138.8,0.85,83.7
838,10,867.7,132.2,51.0,120.7,0.85,83.7
838,11,819.6,146.3,59.8,133.9,0.89,83.7
838,12,826.6,128.5,56.2,124.9,0.83,83.7
838,13,860.5,140.4,46.8,125.6,0.92,83.7
838,14,860.0,116.6,41.7,114.3,0.93,83.7
838,31,1001.3,24.9,36.6,85.3,0.99,83.7
838,32,386.1,46.6,39.2,91.3,0.85,83.7
839,1,521.2,37.7,36.6,93.7,0.8,83.8
839,2,338.2,181.3,49.3,137.4,0.91,83.8
839,10,864.4,124.0,54.9,123.3,0.85,83.8
839,11,832.4,146.1,46.9,128.5,0.88,83.8
839,12,833.7,131.2,47.3,121.9,0.94,83.8
839,13,862.7,141.6,48.8,122.4,0.93,83.8
839,14,853.4,112.9,49.5,119.0,0.96,83.8
839,31,1005.5,19.4,33.8,85.0,0.83,83.8
839,32,385.6,35.9,43.6,97.7,0.97,83.8
840,1,519.8,41.8,38.6,91.8,0.9,83.9
840,2,339.5,176.9,50.7,137.2,0.87,83.9
840,10,867.8,127.9,52.1,124.1,0.85,83.9
840,11,830.8,142.7,50.3,131.1,0.89,83.9
840,12,833.0,125.7,46.0,126.2,0.94,83.9
840,13,860.1,138.8,55.6,125.0,0.84,83.9
840,14,856.7,115.6,42.9,116.7,0.91,83.9
840,31,1006.3,16.3,34.2,86.7,0.8,83.9
840,32,387.4,47.5,34.7,92.4,0.84,83.9
841,1,524.0,41.9,37.1,90.2,0.9,84.0
841,2,329.2,173.7,62.1,141.4,0.91,84.0
841,10,871.9,125.5,44.3,124.2,0.94,84.0
841,11,827.7,143.8,53.3,130.1,0.89,84.0
841,12,829.1,129.3,54.3,125.0,0.9,84.0
841,13,861.3,136.2,47.3,127.7,0.97,84.0
841,14,862.5,115.2,44.9,118.0,0.88,84.0
841,31,1009.2,16.8,30.8,81.9,0.94,84.0
841,32,381.7,36.8,42.2,97.2,0.85,84.0
842,1,519.4,41.0,34.6,94.7,0.88,84.1
842,2,329.1,178.7,62.4,141.1,0.91,84.1
842,10,862.5,125.7,54.5,124.2,0.89,84.1
842,11,823.6,142.5,56.2,129.1,0.84,84.1
842,12,833.1,129.4,48.0,122.1,0.84,84.1
842,13,858.8,143.3,48.7,126.5,0.86,84.1
842,14,860.9,116.5,43.6,118.9,0.94,84.1
842,31,1006.4,18.7,35.4,85.0,0.95,84.1
842,32,377.4,41.5,37.5,94.8,0.89,84.1
843,1,519.7,40.9,41.2,91.7,0.95,84.2
843,2,327.5,180.3,61.2,140.8,0.91,84.2
843,10,874.1,126.9,43.9,120.6,0.87,84.2
843,11,825.2,151.2,51.8,126.7,0.82,84.2
843,12,828.7,127.1,54.1,123.3,0.88,84.2
843,13,863.1,138.2,50.1,131.2,0.81,84.2
843,14,853.6,115.0,49.5,116.9,0.87,84.2
843,31,1009.4,16.7,34.5,83.5,0.87,84.2
843,32,381.2,42.0,35.4,93.5,0.95,84.2
844,1,521.3,38.4,33.9,95.0,0.85,84.3
844,2,336.6,175.8,53.9,138.5,0.9,84.3
844,10,870.2,127.7,44.7,121.4,0.96,84.3
844,11,824.6,150.6,56.1,126.3,0.96,84.3
844,12,834.7,128.4,45.3,124.6,0.85,84.3
844,13,859.4,138.8,45.4,126.4,0.94,84.3
844,14,858.9,112.3,47.5,119.9,0.91,84.3
844,31,1004.5,14.4,32.7,86.2,0.84,84.3
844,32,372.7,41.4,41.2,93.9,0.74,84.3
845,1,518.1,36.9,41.2,95.7,0.91,84.4
845,2,332.8,179.6,54.3,140.6,0.84,84.4
845,10,868.5,127.0,46.1,123.4,0.86,84.4
845,11,832.4,147.4,49.8,128.3,0.85,84.4
845,12,828.8,129.2,52.8,122.4,0.85,84.4
845,13,862.7,139.1,47.6,129.5,0.86,84.4
845,14,856.0,117.2,53.0,119.3,0.87,84.4
845,31,1011.6,17.9,32.0,86.1,0.93,84.4
845,32,379.6,39.7,40.5,97.4,0.91,84.4
846,1,520.2,41.9,36.6,89.6,0.92,84.5
846,2,337.6,179.5,54.4,138.9,0.92,84.5
846,10,871.5,131.7,45.4,119.0,0.86,84.5
846,11,825.8,145.7,57.0,130.3,0.86,84.5
846,12,830.9,128.6,52.8,123.4,0.86,84.5
846,13,857.2,138.0,53.0,128.0,0.86,84.5
846,14,851.5,114.1,52.0,118.6,0.96,84.5
846,31,1005.3,18.3,38.2,88.8,0.9,84.5
846,32,376.2,36.7,37.6,98.3,0.9,84.5
847,1,519.5,42.1,36.5,91.9,0.93,84.6
847,2,334.3,174.8,52.1,139.5,0.93,84.6
847,10,868.8,125.6,43.8,121.1,0.86,84.6
847,11,825.0,145.2,57.8,133.0,0.9,84.6
847,12,829.5,127.8,46.7,121.8,0.91,84.6
847,13,858.1,142.6,49.7,128.0,0.97,84.6
847,14,856.0,115.2,48.6,117.2,0.82,84.6
847,31,1011.8,18.5,33.3,84.6,0.82,84.6
847,32,370.8,39.3,41.1,94.4,0.9,84.6
848,1,519.6,34.4,37.4,97.1,0.89,84.7
848,2,332.1,177.7,53.8,142.3,0.85,84.7
848,10,871.0,129.6,45.3,119.2,0.88,84.7
848,11,835.6,148.1,47.8,130.5,0.99,84.7
848,12,829.8,131.3,47.6,120.1,0.9,84.7
848,13,862.3,141.5,44.4,125.8,0.87,84.7
848,14,852.8,113.1,53.2,119.4,0.95,84.7
848,31,1010.8,16.2,34.7,88.6,0.81,84.7
848,32,374.0,40.2,36.5,96.5,0.93,84.7
849,1,520.3,40.3,37.9,93.5,0.96,84.8
849,2,335.0,177.8,50.9,138.4,0.92,84.8
849,10,874.0,129.9,47.0,123.5,0.93,84.8
849,11,825.9,145.1,47.7,129.8,0.88,84.8
849,12,829.3,128.9,50.9,121.4,0.85,84.8
849,13,862.4,138.3,47.0,131.2,0.96,84.8
849,14,859.2,113.2,43.2,120.5,0.94,84.8
849,31,1013.0,17.7,36.8,89.2,0.95,84.8
849,32,376.3,38.8,33.0,94.0,0.92,84.8
850,1,517.6,40.5,38.2,92.6,0.92,84.9
850,2,330.6,174.6,59.5,139.3,0.88,84.9
850,10,875.2,129.2,45.0,118.7,0.91,84.9
850,11,830.0,145.8,49.9,130.8,0.91,84.9
850,12,831.5,129.4,45.2,121.1,0.97,84.9
850,13,855.3,144.3,56.1,125.4,0.91,84.9
850,14,856.6,113.7,52.7,119.5,0.81,84.9
850,31,1007.2,15.1,36.5,84.3,0.92,84.9
850,32,377.4,42.4,37.0,91.8,0.84,84.9
851,1,518.1,38.0,35.4,94.2,0.89,85.0
851,10,868.3,128.8,52.2,122.7,0.91,85.0
851,11,822.5,138.3,56.6,133.8,0.91,85.0
851,12,826.9,125.8,54.7,126.9,0.86,85.0
851,13,853.6,139.8,58.1,129.9,0.9,85.0
851,14,862.7,116.3,41.3,115.8,0.96,85.0
851,31,1011.4,16.9,35.0,87.1,0.97,85.0
851,32,369.7,43.8,35.6,93.4,0.92,85.0
852,1,514.7,38.4,42.8,96.5,0.92,85.1
852,10,870.4,128.2,48.8,120.9,0.96,85.1
852,11,835.4,145.3,45.4,129.1,0.89,85.1
852,12,835.8,128.5,44.4,123.0,0.9,85.1
852,13,859.0,141.4,45.0,125.7,0.87,85.1
852,14,853.0,116.2,49.9,116.6,0.9,85.1
852,31,1013.8,17.3,34.6,88.3,0.84,85.1
852,32,375.2,40.4,35.1,94.3,0.92,85.1
853,1,517.4,37.2,37.8,97.0,0.98,85.2
853,10,870.7,128.7,50.5,121.0,0.9,85.2
853,11,822.6,144.9,57.4,128.5,0.91,85.2
853,12,831.7,125.7,49.1,121.6,0.85,85.2
853,13,864.3,146.0,50.6,122.6,0.82,85.2
853,14,856.9,118.7,49.9,116.2,0.79,85.2
853,31,1015.5,21.3,33.1,83.8,0.79,85.2
853,32,370.8,42.3,34.4,93.9,0.97,85.2
854,1,517.2,39.2,38.9,94.5,0.84,85.3
854,10,870.9,127.4,44.6,119.4,0.88,85.3
854,11,827.3,146.4,57.1,127.5,0.89,85.3
854,12,833.0,126.9,45.6,122.8,0.88,85.3
854,13,858.8,137.7,55.6,127.5,0.8,85.3
854,14,860.1,117.7,48.0,116.1,0.84,85.3
854,31,1014.8,19.2,33.5,86.2,0.88,85.3
854,32,369.9,42.7,41.2,93.1,0.95,85.3
855,1,518.3,42.2,37.4,92.2,0.92,85.4
855,10,870.9,124.0,47.0,125.2,0.91,85.4
855,11,828.0,144.0,55.0,129.5,0.88,85.4
855,12,836.2,132.7,42.6,119.6,0.87,85.4
855,13,861.0,144.1,45.8,126.0,0.98,85.4
855,14,858.0,114.3,48.8,121.6,0.96,85.4
855,31,1020.1,16.1,37.1,85.3,0.87,85.4
855,32,372.1,41.6,34.8,92.3,0.8,85.4
856,1,516.6,34.7,42.0,96.8,0.95,85.5
856,10,869.4,131.9,49.2,118.3,0.9,85.5
856,11,822.8,150.3,55.5,128.3,0.94,85.5
856,12,834.1,128.3,47.0,125.3,0.91,85.5
856,13,861.4,143.4,50.8,125.7,0.89,85.5
856,14,857.3,114.0,43.1,119.0,0.85,85.5
856,31,1018.0,15.7,38.3,87.6,0.89,85.5
856,32,364.7,41.8,41.7,93.1,0.92,85.5
857,1,514.4,37.2,42.4,95.5,0.85,85.6
857,10,870.5,128.6,45.5,121.1,0.91,85.6
857,11,832.8,145.3,46.1,129.6,0.86,85.6
857,12,829.7,127.5,51.8,122.4,0.8,85.6
857,13,860.2,134.9,51.3,131.9,0.92,85.6
857,14,864.1,114.2,45.9,120.6,0.99,85.6
857,31,1020.6,20.7,36.0,84.7,0.99,85.6
857,32,363.7,37.8,41.9,95.0,0.97,85.6
858,1,514.4,37.5,41.8,96.3,0.93,85.7
858,10,871.3,129.1,46.9,120.2,0.96,85.7
858,11,829.5,145.6,48.0,133.0,0.93,85.7
858,12,833.3,129.1,52.1,122.2,0.89,85.7
858,13,859.5,140.7,56.0,127.1,0.95,85.7
858,14,857.9,114.6,47.7,120.4,0.91,85.7
858,31,1023.3,19.3,34.6,84.4,0.81,85.7
858,32,365.9,44.0,35.0,93.7,0.99,85.7
859,1,518.9,41.7,33.3,94.4,0.9,85.8
859,10,867.4,128.6,44.0,122.3,0.89,85.8
859,11,829.2,150.3,53.9,127.6,0.87,85.8
859,12,833.2,132.7,46.1,121.9,0.88,85.8
859,13,859.8,140.7,50.9,123.8,0.89,85.8
859,14,853.1,113.3,48.7,118.9,0.97,85.8
859,31,1022.1,16.6,34.9,83.2,0.95,85.8
859,32,360.1,41.0,35.7,93.6,0.87,85.8
860,1,517.4,38.9,34.3,94.7,0.86,85.9
860,10,868.6,123.7,44.4,123.5,0.93,85.9
860,11,826.9,148.7,52.9,127.0,0.87,85.9
860,12,831.5,126.4,53.6,124.2,0.87,85.9
860,13,859.5,139.5,57.0,128.7,0.91,85.9
860,14,857.0,115.9,42.5,118.2,0.81,85.9
860,31,1021.3,15.0,34.0,85.2,0.88,85.9
860,32,363.2,42.5,39.1,95.4,0.86,85.9
861,1,515.7,41.6,40.5,91.1,0.91,86.0
861,10,865.2,129.1,50.3,121.2,0.87,86.0
861,11,833.0,145.0,45.5,129.4,0.85,86.0
861,12,832.1,130.3,46.4,123.3,0.92,86.0
861,13,859.6,144.8,49.2,125.0,0.93,86.0
861,14,853.8,117.4,51.8,116.1,0.98,86.0
861,32,371.1,41.7,36.2,93.0,0.99,86.0
862,1,520.5,37.9,37.2,92.6,0.93,86.1
862,10,869.9,125.3,45.0,120.3,0.83,86.1
862,11,830.8,145.8,47.6,128.5,0.93,86.1
862,12,834.6,125.0,45.7,126.1,0.96,86.1
862,13,859.2,140.9,54.1,127.0,0.83,86.1
862,14,855.8,109.7,47.9,120.6,0.96,86.1
862,32,367.1,40.9,41.4,95.5,0.99,86.1
863,1,520.4,42.9,33.1,92.6,0.89,86.2
863,10,864.0,128.0,55.7,124.0,0.93,86.2
863,11,832.2,142.9,47.1,129.8,0.91,86.2
863,12,834.9,131.8,47.2,120.8,0.79,86.2
863,13,862.9,144.2,49.9,124.5,0.93,86.2
863,14,859.6,113.9,45.9,116.1,0.85,86.2
863,32,367.4,39.6,35.9,93.2,0.85,86.2
864,1,516.4,41.0,40.6,92.5,0.81,86.3
864,10,868.7,129.7,46.0,119.7,0.86,86.3
864,11,829.5,143.6,53.1,132.5,0.85,86.3
864,12,834.4,129.2,47.8,123.5,0.77,86.3
864,13,859.8,139.2,53.3,127.9,0.94,86.3
864,14,853.5,117.2,50.7,113.6,0.87,86.3
864,32,359.5,45.3,41.0,92.3,0.93,86.3
865,1,522.0,41.3,35.0,91.7,0.81,86.4
865,10,872.6,128.1,45.2,123.1,0.84,86.4
865,11,828.3,146.1,51.7,130.3,0.89,86.4
865,12,830.5,128.6,55.1,123.4,0.93,86.4
865,13,864.5,136.6,51.8,129.3,0.92,86.4
865,14,854.6,114.9,47.7,118.8,0.87,86.4
865,32,362.5,42.3,36.7,87.0,0.94,86.4
866,1,520.1,35.6,35.5,94.9,0.88,86.5
866,10,869.0,125.0,51.8,119.3,0.89,86.5
866,11,831.2,146.8,45.3,127.3,0.89,86.5
866,12,832.8,133.2,44.8,121.2,0.9,86.5
866,13,863.8,140.9,47.5,126.4,0.91,86.5
866,14,856.9,111.6,52.8,118.7,0.9,86.5
866,32,360.6,42.1,36.7,92.8,0.85,86.5
867,1,517.7,39.2,42.0,93.8,0.88,86.6
867,10,872.5,124.2,48.7,126.7,0.85,86.6
867,11,829.0,145.7,54.0,131.0,0.95,86.6
867,12,827.6,127.5,52.9,124.1,0.92,86.6
867,13,863.7,139.1,46.2,130.9,0.94,86.6
867,14,856.9,114.7,44.6,115.3,0.9,86.6
867,32,364.1,42.3,37.2,91.8,0.89,86.6
868,1,516.3,38.3,38.9,95.1,0.88,86.7
868,10,872.0,128.3,52.8,119.7,0.9,86.7
868,11,825.9,145.0,55.1,129.2,0.78,86.7
868,12,830.4,125.8,46.9,124.9,0.91,86.7
868,13,861.4,142.4,47.2,126.3,0.92,86.7
868,14,854.8,113.7,48.5,119.7,0.91,86.7
868,32,357.2,40.8,37.1,91.9,0.97,86.7
869,1,519.5,41.0,34.6,91.5,0.96,86.8
869,10,866.5,129.1,44.0,120.6,0.86,86.8
869,11,829.3,145.0,49.9,129.3,0.8,86.8
869,12,830.6,125.9,50.2,125.3,0.84,86.8
869,13,858.9,137.2,54.8,129.0,0.78,86.8
869,14,858.7,110.8,47.0,118.5,0.96,86.8
869,32,348.8,44.0,39.9,98.1,0.88,86.8
870,1,522.4,39.0,33.9,92.5,0.85,86.9
870,10,869.0,127.6,46.0,123.3,0.93,86.9
870,11,835.5,147.3,45.6,128.7,0.88,86.9
870,12,832.8,125.4,50.1,123.6,0.96,86.9
870,13,863.6,136.8,50.4,132.1,0.95,86.9
870,14,859.7,116.0,43.8,115.4,0.99,86.9
870,32,353.0,38.3,36.3,94.1,0.96,86.9
871,1,520.3,37.8,39.6,93.6,0.92,87.0
871,32,350.7,43.4,38.7,97.0,0.86,87.0
872,1,518.9,42.4,32.8,93.1,0.89,87.1
872,32,356.1,46.3,32.9,93.0,0.89,87.1
873,1,522.1,40.7,34.5,92.5,0.97,87.2
873,32,351.4,37.2,42.6,95.1,0.99,87.2
874,1,516.7,44.5,38.9,88.0,0.88,87.3
874,32,352.7,41.4,33.6,93.9,0.87,87.3
875,1,518.1,40.7,39.0,92.5,0.86,87.4
875,32,349.7,40.9,41.3,94.2,0.89,87.4
876,1,517.7,41.2,39.2,91.9,0.92,87.5
876,32,353.4,36.7,37.6,97.1,0.9,87.5
877,1,520.1,39.4,35.5,92.0,0.86,87.6
877,32,349.5,39.5,34.7,93.3,0.85,87.6
878,1,515.6,38.1,40.9,96.1,0.92,87.7
878,32,348.9,42.5,37.6,93.4,0.79,87.7
879,1,515.3,40.2,39.8,92.7,0.98,87.8
879,32,346.4,42.2,42.1,97.2,0.82,87.8
880,1,518.4,40.3,35.1,92.9,0.95,87.9
880,32,344.0,39.9,34.2,95.8,0.88,87.9
